Date,CESP,Risk equal-weight,Defensive equal-weight,60_40,SMA200 mix,Vol-targeted mix,Random exposure placebo
2015-01-02,0.0,0.0,0.0,0.0,0.0,0.0,0.0
2015-01-03,-0.011974096039833324,-0.011974096039833324,0.0,-0.007184457623899994,-0.011974096039833324,-0.005987048019916662,-0.011974096039833324
2015-01-04,-0.006675392220143067,-0.006675392220143067,0.0,-0.00400523533208584,-0.006675392220143067,-0.0033376961100715333,-0.006675392220143067
2015-01-05,-0.008994826868142965,-0.008994826868142965,0.009738301737235,-0.0015015754259917785,-0.008994826868142965,0.0003717374345460177,-0.008994826868142965
2015-01-06,-0.0025559792466003373,-0.0025559792466003373,0.00954879277221693,0.00228592956092657,-0.0025559792466003373,0.003496406762808296,0.00954879277221693
2015-01-07,0.009836989601723571,0.009836989601723571,-0.0010869493461717616,0.0054674140225654385,0.009836989601723571,0.004375020127775905,0.009836989601723571
2015-01-08,0.006691967449776959,0.006691967449776959,-0.004357616594972663,0.0022721338318771097,0.006691967449776959,0.0011671754274021479,0.006691967449776959
2015-01-09,-0.0014745067654497149,-0.0014745067654497149,0.005694948537717848,0.00139327535581731,-0.0014745067654497149,0.0021102208861340666,-0.0014745067654497149
2015-01-10,-0.005973205542272209,-0.005973205542272209,0.0,-0.003583923325363325,-0.005973205542272209,-0.0029866027711361043,-0.005973205542272209
2015-01-11,-0.003694048053794252,-0.003694048053794252,0.0,-0.0022164288322765514,-0.003694048053794252,-0.001847024026897126,-0.003694048053794252
2015-01-12,-0.006561878124366409,-0.006561878124366409,0.005081949818234066,-0.0019043469473262187,-0.006561878124366409,-0.0007399641530661714,-0.006561878124366409
2015-01-13,-0.018599938133375755,-0.018599938133375755,0.00010514189195542922,-0.01111790612324328,-0.018599938133375755,-0.009247398120710163,-0.018599938133375755
2015-01-14,-0.023009341634478788,-0.023009341634478788,0.0021360650983255902,-0.012951178941357036,-0.023009341634478788,-0.010436638268076599,-0.023009341634478788
2015-01-15,0.013490957126996043,0.013490957126996043,0.013181485488222733,0.01336716847148672,0.013490957126996043,0.013336221307609388,0.013490957126996043
2015-01-16,0.011796274971912232,0.011796274971912232,-0.0006408829754622203,0.006821411792962451,0.011796274971912232,0.005577695998225006,0.011796274971912232
2015-01-17,-0.004718422236879152,-0.004718422236879152,0.0,-0.002831053342127491,-0.004718422236879152,-0.002359211118439576,-0.004718422236879152
2015-01-18,0.006177863826820247,0.006177863826820247,0.0,0.003706718296092148,0.006177863826820247,0.0030889319134101236,0.006177863826820247
2015-01-19,0.002388730054255575,0.002388730054255575,0.0,0.0014332380325533449,0.002388730054255575,0.0011943650271277874,0.0
2015-01-20,-0.0030621686635329518,-0.0030621686635329518,0.008339890568446862,0.001498655029258974,-0.0030621686635329518,0.002638860952456955,-0.0030621686635329518
2015-01-21,0.012729369228068728,0.012729369228068728,-0.004727400363397388,0.005746661391482281,0.012729369228068728,0.00400098443233567,0.012729369228068728
2015-01-22,0.011944086898912416,0.011944086898912416,0.00424958555006652,0.008866286359374058,0.011944086898912416,0.008096836224489468,0.011944086898912416
2015-01-23,-0.003128890869624189,-0.003128890869624189,0.0053196899233037,0.00025054144754696646,-0.003128890869624189,0.0010953995268397554,-0.003128890869624189
2015-01-24,0.00714152579024701,0.00714152579024701,0.0,0.004284915474148206,0.00714152579024701,0.003570762895123505,0.00714152579024701
2015-01-25,0.0026320011021019824,0.0026320011021019824,0.0,0.0015792006612611895,0.0026320011021019824,0.0013160005510509912,0.0026320011021019824
2015-01-26,0.013521532139509204,0.013521532139509204,-0.0042247132931634845,0.006423033966440128,0.013521532139509204,0.00464840942317286,0.013521532139509204
2015-01-27,-0.008232226492821317,-0.008232226492821317,0.0012171996653872474,-0.004452456029537892,-0.008232226492821317,-0.003507513413717035,-0.008232226492821317
2015-01-28,-0.02471011056825116,-0.02471011056825116,0.00554590325623569,-0.012607705038456417,-0.02471011056825116,-0.009582103656007734,-0.02471011056825116
2015-01-29,0.005200632631677804,0.005200632631677804,-0.007720524269616891,3.216987115992574e-05,0.005200632631677804,-0.0012599458189695434,-0.007720524269616891
2015-01-30,-0.0084667305921968,-0.0084667305921968,0.012492408064987193,-8.307512932320248e-05,-0.0084667305921968,0.002012838736395196,-0.0084667305921968
2015-01-31,-0.004397334616259907,-0.004397334616259907,0.0,-0.0026384007697559443,-0.004397334616259907,-0.0021986673081299535,-0.004397334616259907
2015-02-01,0.004858017576341201,0.004858017576341201,0.0,0.0029148105458047207,0.004858017576341201,0.0024290087881706007,0.004858017576341201
2015-02-02,0.014849458718028587,0.014849458718028587,-0.003839851931866284,0.0073737344580706386,0.014849458718028587,0.005504803393081152,0.014849458718028587
2015-02-03,0.008417888978784446,0.008417888978784446,-0.013089278268728383,-0.00018497792022068547,0.008417888978784446,-0.0023356946449719683,0.008417888978784446
2015-02-04,-0.006796576952952721,-0.006796576952952721,0.0034461350187449113,-0.002699492164273668,-0.006796576952952721,-0.001675220967103905,-0.006796576952952721
2015-02-05,0.0047103529019396255,0.0047103529019396255,-0.0050306754860029446,0.0008139415467625973,0.0047103529019396255,-0.00016016129203165952,0.0047103529019396255
2015-02-06,-0.0027428888361462128,-0.0027428888361462128,-0.010658571396523236,-0.0059091618602970224,-0.0027428888361462128,-0.006700730116334725,-0.0027428888361462128
2015-02-07,0.0027434551259717635,0.0027434551259717635,0.0,0.0016460730755830581,0.0027434551259717635,0.0013717275629858818,0.0027434551259717635
2015-02-08,-0.0021182676050804186,-0.0021182676050804186,0.0,-0.001270960563048251,-0.0021182676050804186,-0.0010591338025402093,-0.0021182676050804186
2015-02-09,-0.0034706968814651,-0.0034706968814651,0.0004005459807763234,-0.0019221997365685304,-0.0034706968814651,-0.0015350754503443882,-0.0034706968814651
2015-02-10,0.0033997477027734777,0.0033997477027734777,-0.0037836381133417585,0.0005263933763273829,0.0033997477027734777,-0.0001919452052841404,0.0033997477027734777
2015-02-11,-0.0025934189765764635,-0.0025934189765764635,-0.001687259336907665,-0.0022309551207089443,-0.0025934189765764635,-0.0021403391567420644,-0.0025934189765764635
2015-02-12,0.011126990593784303,0.011126990593784303,-0.00254234682232074,0.005659255627342285,0.011126990593784303,0.004292321885731781,0.011126990593784303
2015-02-13,0.012494443240447264,0.012494443240447264,-0.002140692558140811,0.006640388921012033,0.012494443240447264,0.005176875341153226,0.012494443240447264
2015-02-14,0.010333003563518886,0.010333003563518886,0.0,0.006199802138111331,0.010333003563518886,0.005166501781759443,0.010333003563518886
2015-02-15,-0.009713771340843304,-0.009713771340843304,0.0,-0.0058282628045059825,-0.009713771340843304,-0.004856885670421652,-0.009713771340843304
2015-02-16,-0.0004646460800208856,-0.0004646460800208856,0.0,-0.00027878764801253134,-0.0004646460800208856,-0.0002323230400104428,-0.0004646460800208856
2015-02-17,0.0056530670987662785,0.0056530670987662785,-0.010012370181316954,-0.0006131078132670148,0.0056530670987662785,-0.002179651541275338,0.0056530670987662785
2015-02-18,-0.0040012252270040915,-0.0040012252270040915,0.00349462395387784,-0.0010028855546513188,-0.0040012252270040915,-0.0002533006365631257,-0.0040012252270040915
2015-02-19,-0.0007971339090176136,-0.0007971339090176136,-0.0022399849077155976,-0.0013742743084968073,-0.0007971339090176136,-0.0015185594083666056,-0.0007971339090176136
2015-02-20,0.004468516756399933,0.004468516756399933,-0.001030923585381316,0.002268740619687433,0.004468516756399933,0.0017187965855093084,0.004468516756399933
2015-02-21,0.0003441138638203463,0.0003441138638203463,0.0,0.0002064683182922078,0.0003441138638203463,0.00017205693191017316,0.0003441138638203463
2015-02-22,-0.0038881172155808366,-0.0038881172155808366,0.0,-0.002332870329348502,-0.0038881172155808366,-0.0019440586077904183,0.0
2015-02-23,0.0008807462103908407,0.0008807462103908407,0.005040459416392418,0.0025446314927914716,0.0008807462103908407,0.0029606028133916293,0.0008807462103908407
2015-02-24,-0.0006660927781929739,-0.0006660927781929739,0.004071315506893047,0.0012288705358414346,-0.0006660927781929739,0.0017026113643500368,-0.0006660927781929739
2015-02-25,0.001567771441359679,0.001567771441359679,0.001765455475591815,0.0016468450550525334,0.001567771441359679,0.001666613458475747,0.001567771441359679
2015-02-26,-0.004144730141182527,-0.004144730141182527,-0.0014930829546766777,-0.003084071266580187,-0.004144730141182527,-0.0028189065479296022,-0.004144730141182527
2015-02-27,0.008376927829354187,0.008376927829354187,0.003280949837094538,0.006338536632450328,0.008376927829354187,0.005828938833224362,0.008376927829354187
2015-02-28,0.0001904165872484863,0.0001904165872484863,0.0,0.00011424995234909178,0.0001904165872484863,9.520829362424315e-05,0.0001904165872484863
2015-03-01,0.0025952984595228757,0.0025952984595228757,0.0,0.0015571790757137253,0.0025952984595228757,0.0012976492297614379,0.0025952984595228757
2015-03-02,0.007565000642394922,0.007565000642394922,-0.007054909780201124,0.0017170364733565032,0.007565000642394922,0.0002550454310968988,0.007565000642394922
2015-03-03,0.0009996209308418145,0.0009996209308418145,-0.0019983723882673887,-0.0001995763968018669,0.0009996209308418145,-0.0004993757287127871,0.0009996209308418145
2015-03-04,-0.0072866812922692936,-0.0072866812922692936,0.0007752641958571893,-0.004061903097018701,-0.0072866812922692936,-0.003255708548206052,-0.0072866812922692936
2015-03-05,0.0013791000555625705,0.0013791000555625705,0.0007680775193589784,0.0011346910410811337,0.0013791000555625705,0.0010735887874607744,0.0013791000555625705
2015-03-06,-0.014178237384779722,-0.014178237384779722,-0.01186541304793265,-0.013253107650040893,-0.014178237384779722,-0.0136066568914361,-0.014178237384779722
2015-03-07,0.001441427744668575,0.001441427744668575,0.0,0.000864856646801145,0.001441427744668575,0.001060465246364694,0.001441427744668575
2015-03-08,-0.0007669810297144962,-0.0007669810297144962,0.0,-0.0004601886178286977,-0.0007669810297144962,-0.0005734771789007603,-0.0007669810297144962
2015-03-09,0.007391281963369393,0.007391281963369393,0.003714803181920412,0.005920690450789801,0.007391281963369393,0.006478628287728135,0.007391281963369393
2015-03-10,-0.009820151261295996,-0.009820151261295996,0.00573937343836628,-0.0035963413814310854,-0.009820151261295996,-0.0060135515372719914,-0.009820151261295996
2015-03-11,0.002825192736198979,0.002825192736198979,0.003545252056719045,0.0031132164644070053,0.002825192736198979,0.003007407769947144,0.003545252056719045
2015-03-12,0.005325552204354649,0.005325552204354649,-0.0013378791557851488,0.0026601796602987297,0.005325552204354649,0.0036867982899490993,0.005325552204354649
2015-03-13,-0.00834388412418151,-0.00834388412418151,0.0017938630382076937,-0.004288785259225828,-0.00834388412418151,-0.005864376629532379,-0.00834388412418151
2015-03-14,-0.0013442178436478363,-0.0013442178436478363,0.0,-0.0008065307061887018,-0.0013442178436478363,-0.0010071435265453764,-0.0013442178436478363
2015-03-15,0.0017769245729813852,0.0017769245729813852,0.0,0.001066154743788831,0.0017769245729813852,0.0013369023531174529,0.0017769245729813852
2015-03-16,0.008970486423645877,0.008970486423645877,0.0012295342503219064,0.005874105554316289,0.008970486423645877,0.007063192261611822,0.008970486423645877
2015-03-17,-0.0033336995848001205,-0.0033336995848001205,0.0013270624202071646,-0.0014693947827972063,-0.0033336995848001205,-0.002176691911997192,0.0013270624202071646
2015-03-18,0.0029188344060327135,0.0029188344060327135,0.007652194048526073,0.004812178263030057,0.0029188344060327135,0.003937846221191957,0.0029188344060327135
2015-03-19,-0.00310126945199734,-0.00310126945199734,0.0011535301387256558,-0.0013993496157081416,-0.00310126945199734,-0.002456225714909877,-0.00310126945199734
2015-03-20,0.011411535850963982,0.011411535850963982,0.0018445276255915077,0.007584732560814992,0.011411535850963982,0.010124896371606679,0.011411535850963982
2015-03-21,-0.0007318287834147119,-0.0007318287834147119,0.0,-0.00043909727004882716,-0.0007318287834147119,-0.0006341935558445814,-0.0007318287834147119
2015-03-22,0.0033906986485702844,0.0033906986485702844,0.0,0.0020344191891421707,0.0033906986485702844,0.0029519457929211455,0.0033906986485702844
2015-03-23,0.0002846351300459762,0.0002846351300459762,-0.0011070849780627778,-0.00027205291319752547,0.0002846351300459762,0.00010843666848598795,0.0002846351300459762
2015-03-24,-0.012673299087287069,-0.012673299087287069,0.004573630881103741,-0.005774527099930744,-0.012673299087287069,-0.010492813175778182,-0.012673299087287069
2015-03-25,-0.007226264934718834,-0.007226264934718834,-0.0035255881957157453,-0.005745994239117598,-0.007226264934718834,-0.006676783355612126,-0.007226264934718834
2015-03-26,-5.555693370853623e-05,-5.555693370853623e-05,-0.002790307406609377,-0.0011494571228688724,-5.555693370853623e-05,-0.0004329710833770771,-5.555693370853623e-05
2015-03-27,-0.001955504788522491,-0.001955504788522491,0.0033697729342354044,0.00017460630058066724,-0.001955504788522491,-0.001314903459721767,0.0033697729342354044
2015-03-28,0.002594835707498497,0.002594835707498497,0.0,0.0015569014244990983,0.002594835707498497,0.002285139064054247,0.0
2015-03-29,-0.004432615302113597,-0.004432615302113597,0.0,-0.002659569181268158,-0.004432615302113597,-0.003929208296687187,-0.004432615302113597
2015-03-30,0.010965793844043527,0.010965793844043527,-0.002160563772533569,0.005715250797412689,0.010965793844043527,0.009445241466384926,0.010965793844043527
2015-03-31,-0.008629110747034565,-0.008629110747034565,0.0013733025636154528,-0.004628145422774558,-0.008629110747034565,-0.007558490955833501,-0.008629110747034565
2015-04-01,0.003087210535690931,0.003087210535690931,0.00883693268943575,0.005387099397188858,0.003087210535690931,0.003708289340284768,0.003087210535690931
2015-04-02,0.004716628519640744,0.004716628519640744,-0.0059835281753437275,0.0004365658416469551,0.004716628519640744,0.004692665974233147,0.004716628519640744
2015-04-03,0.0005783817699502128,0.0005783817699502128,0.0,0.0003470290619701277,0.0005783817699502128,0.0005775827050951991,0.0005783817699502128
2015-04-04,-0.0002730571588164008,-0.0002730571588164008,0.0,-0.00016383429528984048,-0.0002730571588164008,-0.0002730571588164008,-0.0002730571588164008
2015-04-05,0.003022409299469237,0.003022409299469237,0.0,0.001813445579681542,0.003022409299469237,0.003022409299469237,0.003022409299469237
2015-04-06,0.005663134233026902,0.005663134233026902,3.992902059490877e-05,0.0034138521480541043,0.005663134233026902,0.005663134233026902,0.005663134233026902
2015-04-07,-0.003666291680357111,-0.003666291680357111,0.003902953993286662,-0.0006385934108996015,-0.003666291680357111,-0.003666291680357111,-0.003666291680357111
2015-04-08,-0.00376703216747735,-0.00376703216747735,-0.0011444276057549219,-0.002717990342788379,-0.00376703216747735,-0.00376703216747735,-0.00376703216747735
2015-04-09,-0.0001908901212565903,-0.0001908901212565903,-0.003374116832039642,-0.0014641808055698112,-0.0001908901212565903,-0.0001908901212565903,-0.003374116832039642
2015-04-10,-8.826436998543574e-05,-8.826436998543574e-05,0.003706242251068387,0.0014295382784360934,-8.826436998543574e-05,-8.826436998543574e-05,-8.826436998543574e-05
2015-04-11,0.0002259177590268181,0.0002259177590268181,0.0,0.00013555065541609085,0.0002259177590268181,0.0002259177590268181,0.0002259177590268181
2015-04-12,-0.00018741572062186407,-0.00018741572062186407,0.0,-0.00011244943237311844,-0.00018741572062186407,-0.00018741572062186407,-0.00018741572062186407
2015-04-13,-0.008771504324521562,-0.008771504324521562,-0.0005509338876855951,-0.0054832761497871745,-0.008771504324521562,-0.008771504324521562,-0.008771504324521562
2015-04-14,0.0009132292957500695,0.0009132292957500695,-0.000916954446635615,0.00018115579879579563,0.0009132292957500695,0.0009132292957500695,0.0009132292957500695
2015-04-15,0.008894375008818301,0.008894375008818301,0.0009369988352210534,0.005711424539379402,0.008894375008818301,0.008894375008818301,0.008894375008818301
2015-04-16,0.0036214118521227493,0.0036214118521227493,-0.003857807525335849,0.0006297241011393097,0.0036214118521227493,0.0036214118521227493,0.0036214118521227493
2015-04-17,-0.010544801253854548,-0.010544801253854548,0.004026882515421187,-0.004716127746144254,-0.010544801253854548,-0.010544801253854548,-0.010544801253854548
2015-04-18,0.00023629793911365363,0.00023629793911365363,0.0,0.00014177876346819216,0.00023629793911365363,0.00023629793911365363,0.00023629793911365363
2015-04-19,-0.0003760795892350109,-0.0003760795892350109,0.0,-0.00022564775354100655,-0.0003760795892350109,-0.0003760795892350109,-0.0003760795892350109
2015-04-20,0.004988362855786916,0.004988362855786916,-0.0031048409096619545,0.0017510813496073676,0.004988362855786916,0.004988362855786916,-0.0031048409096619545
2015-04-21,0.004690225353195212,0.004690225353195212,6.835545231773099e-05,0.0028414773928442196,0.004690225353195212,0.004690225353195212,0.004690225353195212
2015-04-22,0.0023653142799090476,0.0023653142799090476,-0.008625894195346734,-0.0020311691101932653,0.0023653142799090476,0.0023653142799090476,0.0023653142799090476
2015-04-23,0.005134562789285788,0.005134562789285788,0.0018237107070263325,0.003810221956382006,0.005134562789285788,0.005134562789285788,0.005134562789285788
2015-04-24,-0.0008638386432190516,-0.0008638386432190516,-0.0020495045388929656,-0.0013381050014886172,-0.0008638386432190516,-0.0008638386432190516,-0.0008638386432190516
2015-04-25,-0.0023436041822358306,-0.0023436041822358306,0.0,-0.0014061625093414983,-0.0023436041822358306,-0.0023436041822358306,-0.0023436041822358306
2015-04-26,-0.0034159374592671846,-0.0034159374592671846,0.0,-0.0020495624755603107,-0.0034159374592671846,-0.0034159374592671846,-0.0034159374592671846
2015-04-27,0.003294362056217248,0.003294362056217248,0.0038670817953267433,0.0035234499518610463,0.003294362056217248,0.003294362056217248,0.003294362056217248
2015-04-28,-0.0002580320529229876,-0.0002580320529229876,-0.0040047891046828266,-0.0017567348736269234,-0.0002580320529229876,-0.0002580320529229876,-0.0002580320529229876
2015-04-29,-0.003987292041099575,-0.003987292041099575,-0.007928219772716932,-0.005563663133746517,-0.003987292041099575,-0.003987292041099575,-0.003987292041099575
2015-04-30,-0.0025948415443871114,-0.0025948415443871114,-0.005543690026522219,-0.0037743809372411544,-0.0025948415443871114,-0.0025948415443871114,-0.0025948415443871114
2015-05-01,0.0036915868735523352,0.0036915868735523352,-0.004387238146145694,0.00046005686567312317,0.0036915868735523352,0.0036915868735523352,0.0036915868735523352
2015-05-02,0.0013649557020032096,0.0013649557020032096,0.0,0.0008189734212019257,0.0013649557020032096,0.0013649557020032096,0.0013649557020032096
2015-05-03,0.0025671993087433473,0.0025671993087433473,0.0,0.0015403195852460084,0.0025671993087433473,0.0025671993087433473,0.0025671993087433473
2015-05-04,-6.572443241934265e-05,-6.572443241934265e-05,8.053605341373782e-05,-7.22023808611046e-06,-6.572443241934265e-05,-6.572443241934265e-05,8.053605341373782e-05
2015-05-05,-0.010372857805402548,-0.010372857805402548,-0.0007645447685277751,-0.006529532590652638,-0.010372857805402548,-0.010372857805402548,-0.010372857805402548
2015-05-06,-0.004182448932135535,-0.004182448932135535,-0.00842978255728527,-0.005881382382195429,-0.004182448932135535,-0.004182448932135535,-0.00842978255728527
2015-05-07,0.0035677153925126235,0.0035677153925126235,0.003680209887998276,0.0036127131907068843,0.0035677153925126235,0.0035677153925126235,0.0035677153925126235
2015-05-08,0.013298035367744642,0.013298035367744642,0.0031532116534275234,0.009240105882017794,0.013298035367744642,0.013298035367744642,0.013298035367744642
2015-05-09,-0.0009253856124478895,-0.0009253856124478895,0.0,-0.0005552313674687337,-0.0009253856124478895,-0.0009253856124478895,-0.0009253856124478895
2015-05-10,-0.0007057220066209643,-0.0007057220066209643,0.0,-0.00042343320397257854,-0.0007057220066209643,-0.0007057220066209643,-0.0007057220066209643
2015-05-11,-0.005255305261330667,-0.005255305261330667,-0.008703193930563735,-0.006634460729023894,-0.005255305261330667,-0.005255305261330667,-0.005255305261330667
2015-05-12,0.00043199293817395044,0.00043199293817395044,0.001573000386795198,0.0008883959176224495,0.00043199293817395044,0.00043199293817395044,0.00043199293817395044
2015-05-13,-0.002335544018583392,-0.002335544018583392,-7.099624840797847e-05,-0.0014297249105132265,-0.002335544018583392,-0.002335544018583392,-0.002335544018583392
2015-05-14,0.008324730598354554,0.008324730598354554,0.0020647171246756246,0.005820725208882983,0.008324730598354554,0.008324730598354554,0.008324730598354554
2015-05-15,0.0019592345838428146,0.0019592345838428146,0.007144862540038238,0.004033485766320984,0.0019592345838428146,0.0019592345838428146,0.0019592345838428146
2015-05-16,-0.00067899612836348,-0.00067899612836348,0.0,-0.00040739767701808796,-0.00067899612836348,-0.00067899612836348,-0.00067899612836348
2015-05-17,0.0003053585672239863,0.0003053585672239863,0.0,0.00018321514033439179,0.0003053585672239863,0.0003053585672239863,0.0
2015-05-18,-0.0004999471824702493,-0.0004999471824702493,-0.003454275815510277,-0.0016816786356862606,-0.0004999471824702493,-0.0004999471824702493,-0.0004999471824702493
2015-05-19,-0.005617551242427712,-0.005617551242427712,-0.003863201017538509,-0.004915811152472031,-0.005617551242427712,-0.005617551242427712,-0.005617551242427712
2015-05-20,0.0012681262381301812,0.0012681262381301812,0.0018756748621844288,0.0015111456877518804,0.0012681262381301812,0.0012681262381301812,0.0012681262381301812
2015-05-21,0.0038733012044964463,0.0038733012044964463,0.0037471886134671784,0.003822856168084739,0.0038733012044964463,0.0038733012044964463,0.0037471886134671784
2015-05-22,-0.0009688239639391335,-0.0009688239639391335,0.0016408199184278494,7.503358900765966e-05,-0.0009688239639391335,-0.0009688239639391335,-0.0009688239639391335
2015-05-23,-0.0006823500088594977,-0.0006823500088594977,0.0,-0.00040941000531569864,-0.0006823500088594977,-0.0006823500088594977,-0.0006823500088594977
2015-05-24,0.0009679795795991541,0.0009679795795991541,0.0,0.0005807877477594925,0.0009679795795991541,0.0009679795795991541,0.0009679795795991541
2015-05-25,-0.0017721308824218962,-0.0017721308824218962,0.0,-0.0010632785294531378,-0.0017721308824218962,-0.0017721308824218962,-0.0017721308824218962
2015-05-26,-0.01029372443968942,-0.01029372443968942,0.004945895173744247,-0.004197876594315953,-0.01029372443968942,-0.01029372443968942,-0.01029372443968942
2015-05-27,0.004749231028846501,0.004749231028846501,0.0004849416840038978,0.00304351529090946,0.004749231028846501,0.004749231028846501,0.004749231028846501
2015-05-28,-0.0006971796228206638,-0.0006971796228206638,-0.000775770374414092,-0.000728615923458035,-0.0006971796228206638,-0.0006971796228206638,-0.0006971796228206638
2015-05-29,-0.0032471716097614753,-0.0032471716097614753,0.00047504551717517107,-0.0017582847589868167,-0.0032471716097614753,-0.0032471716097614753,-0.0032471716097614753
2015-05-30,-0.001757840205078039,-0.001757840205078039,0.0,-0.0010547041230468234,-0.001757840205078039,-0.001757840205078039,-0.001757840205078039
2015-05-31,-0.0015023052479719147,-0.0015023052479719147,0.0,-0.0009013831487831487,-0.0015023052479719147,-0.0015023052479719147,0.0
2015-06-01,-0.002029286549459935,-0.002029286549459935,-0.0025362027318590052,-0.002232053022419563,-0.002029286549459935,-0.002029286549459935,-0.002029286549459935
2015-06-02,0.0027658087245277826,0.0027658087245277826,-0.008027033935120692,-0.0015513283393316076,0.0027658087245277826,0.0027658087245277826,0.0027658087245277826
2015-06-03,-0.001402669398736542,-0.001402669398736542,-0.009626827785411296,-0.004692332753406444,-0.001402669398736542,-0.001402669398736542,-0.001402669398736542
2015-06-04,-0.007577803018577467,-0.007577803018577467,0.003012721396170176,-0.00334159325267841,-0.007577803018577467,-0.007577803018577467,-0.007577803018577467
2015-06-05,-0.0006131879819057199,-0.0006131879819057199,-0.003988274150363985,-0.001963222449289026,-0.0006131879819057199,-0.0006131879819057199,-0.0006131879819057199
2015-06-06,0.00032945668339884944,0.00032945668339884944,0.0,0.00019767401003930967,0.00032945668339884944,0.00032945668339884944,0.00032945668339884944
2015-06-07,-0.001348392423510135,-0.001348392423510135,0.0,-0.000809035454106081,-0.001348392423510135,-0.001348392423510135,-0.001348392423510135
2015-06-08,-0.000449939397945514,-0.000449939397945514,-0.0020476953031022815,-0.001089041760008221,-0.000449939397945514,-0.000449939397945514,-0.000449939397945514
2015-06-09,7.038105164090968e-05,7.038105164090968e-05,-0.0025369789479827987,-0.0009725629482085738,7.038105164090968e-05,7.038105164090968e-05,7.038105164090968e-05
2015-06-10,0.009042275046956883,0.009042275046956883,-0.0024216886954500083,0.004456689549994126,0.009042275046956883,0.009042275046956883,0.009042275046956883
2015-06-11,0.0007300733892496365,0.0007300733892496365,0.00679598227054673,0.003156436941768474,0.0007300733892496365,0.0007300733892496365,0.0007300733892496365
2015-06-12,-0.005313345881480136,-0.005313345881480136,-0.0004103030429096488,-0.003352128746051941,-0.005313345881480136,-0.005313345881480136,-0.005313345881480136
2015-06-13,0.0011691727688171543,0.0011691727688171543,0.0,0.0007015036612902925,0.0011691727688171543,0.0011691727688171543,0.0011691727688171543
2015-06-14,0.0005455138104024648,0.0005455138104024648,0.0,0.0003273082862414789,0.0005455138104024648,0.0005455138104024648,0.0
2015-06-15,-0.00185949115650546,-0.00185949115650546,0.0019034115981870492,-0.0003543300546284562,-0.00185949115650546,-0.00185949115650546,-0.00185949115650546
2015-06-16,0.010647797876853191,0.010647797876853191,0.002523387918590664,0.00739803389354818,0.010647797876853191,0.010647797876853191,0.010647797876853191
2015-06-17,0.0003401721798765362,0.0003401721798765362,-0.002826819321937263,-0.0009266244208489835,0.0003401721798765362,0.0003401721798765362,0.0003401721798765362
2015-06-18,0.006598143350484402,0.006598143350484402,0.0010008808876023345,0.0043592383653315745,0.006598143350484402,0.006598143350484402,0.006598143350484402
2015-06-19,-0.006221267840456328,-0.006221267840456328,0.004717480674896524,-0.0018457684343151867,-0.006221267840456328,-0.006221267840456328,-0.006221267840456328
2015-06-20,0.0002752738874677431,0.0002752738874677431,0.0,0.00016516433248064586,0.0002752738874677431,0.0002752738874677431,0.0002752738874677431
2015-06-21,-0.0005745619400795308,-0.0005745619400795308,0.0,-0.0003447371640477185,-0.0005745619400795308,-0.0005745619400795308,-0.0005745619400795308
2015-06-22,0.006243678003054204,0.006243678003054204,-0.009913116440796038,-0.00021903977448589282,0.006243678003054204,0.006243678003054204,0.006243678003054204
2015-06-23,0.00025499495023177204,0.00025499495023177204,-0.00098155399071842,-0.00023962462614830486,0.00025499495023177204,0.00025499495023177204,0.00025499495023177204
2015-06-24,-0.007039750079776925,-0.007039750079776925,0.0017335525575498667,-0.0035304290248462083,-0.007039750079776925,-0.007039750079776925,-0.007039750079776925
2015-06-25,-0.0017462562736467488,-0.0017462562736467488,-0.0022299711062398753,-0.0019397422066839993,-0.0017462562736467488,-0.0017462562736467488,-0.0017462562736467488
2015-06-26,0.0009203492772194874,0.0009203492772194874,-0.003036435284668959,-0.0006623645475358913,0.0009203492772194874,0.0009203492772194874,-0.003036435284668959
2015-06-27,0.003373560346059278,0.003373560346059278,0.0,0.0020241362076355665,0.003373560346059278,0.003373560346059278,0.003373560346059278
2015-06-28,-0.0008760879640789346,-0.0008760879640789346,0.0,-0.0005256527784473608,-0.0008760879640789346,-0.0008760879640789346,-0.0008760879640789346
2015-06-29,-0.011913023321854522,-0.011913023321854522,0.009256098124962336,-0.0034453747431277782,-0.011913023321854522,-0.011913023321854522,-0.011913023321854522
2015-06-30,0.006468385516366131,0.006468385516366131,-0.0022597877451849824,0.002977116211745686,0.006468385516366131,0.006468385516366131,0.006468385516366131
2015-07-01,-7.913438480894936e-06,-7.913438480894936e-06,-0.0035512619520662037,-0.0014252528439150185,-7.913438480894936e-06,-7.913438480894936e-06,-7.913438480894936e-06
2015-07-02,-0.0015463366648778873,-0.0015463366648778873,0.0006228259879922926,-0.0006786716037298153,-0.0015463366648778873,-0.0015463366648778873,-0.0015463366648778873
2015-07-03,0.0004019631734025629,0.0004019631734025629,0.0,0.00024117790404153773,0.0004019631734025629,0.0004019631734025629,0.0004019631734025629
2015-07-04,0.0019722325467658054,0.0019722325467658054,0.0,0.0011833395280594831,0.0019722325467658054,0.0019722325467658054,0.0019722325467658054
2015-07-05,0.004696392990091515,0.004696392990091515,0.0,0.0028178357940549085,0.004696392990091515,0.004696392990091515,0.004696392990091515
2015-07-06,-0.008418784037292583,-0.008418784037292583,0.0075687184942299646,-0.0020237830246835637,-0.008418784037292583,-0.008418784037292583,-0.008418784037292583
2015-07-07,0.0020785205231814586,0.0020785205231814586,0.0009055222553314424,0.001609321216041452,0.0020785205231814586,0.0020785205231814586,0.0020785205231814586
2015-07-08,-0.0043541585968793475,-0.009364946758408007,0.002909326605031487,-0.004455237413032209,-0.009364946758408007,-0.009364946758408007,0.002909326605031487
2015-07-09,0.0015560819664364896,0.00307508267403922,-0.005267718457542425,-0.0002620377785934383,0.00307508267403922,0.00307508267403922,0.00307508267403922
2015-07-10,-0.006533861111346488,0.01679278318674276,-0.007184881149216504,0.007201717452359053,0.01679278318674276,0.01679278318674276,0.01679278318674276
2015-07-11,0.0008481880800132414,0.003206251925241895,0.0,0.001923751155145137,0.003206251925241895,0.003206251925241895,0.003206251925241895
2015-07-12,-0.00035714285714285714,0.006729256720094624,0.0,0.004037554032056774,0.006729256720094624,0.006729256720094624,0.006729256720094624
2015-07-13,-0.00018003099105299208,-0.0008714566955314708,-7.56219969493821e-05,-0.0005531228160986353,-0.0008714566955314708,-0.0008714566955314708,-0.0008714566955314708
2015-07-14,0.0007121157871467817,0.0016536445313375392,0.0006540193329027388,0.001253794451963619,0.0016536445313375392,0.0016536445313375392,0.0016536445313375392
2015-07-15,0.0032668180068777942,-0.004605639418801297,0.003381760535613426,-0.0014106794370354078,-0.004605639418801297,-0.004605639418801297,-0.004605639418801297
2015-07-16,0.0019318844157768884,0.0016014752541627776,0.002100290638766017,0.0018010014080040732,0.0016014752541627776,0.0016014752541627776,0.0016014752541627776
2015-07-17,-0.0006963604558384668,-0.000719809048631929,-0.000626502197953932,-0.0006824863083607301,-0.000719809048631929,-0.000719809048631929,-0.000719809048631929
2015-07-18,-0.000607319465062829,-0.001817309519495362,0.0,-0.0010903857116972171,-0.001817309519495362,-0.001817309519495362,-0.001817309519495362
2015-07-19,-0.00030360488506349685,-0.0005201821343019139,0.0,-0.0003121092805811483,-0.0005201821343019139,-0.0005201821343019139,-0.0005201821343019139
2015-07-20,-0.004408521588381371,-0.0008186043151505976,-0.008242854110338288,-0.0037883042332256737,-0.0008186043151505976,-0.0008186043151505976,-0.0008186043151505976
2015-07-21,-0.002586445266214815,-0.0024028403906521576,-0.0004913395808179288,-0.0016382400667184663,-0.0024028403906521576,-0.0024028403906521576,-0.0024028403906521576
2015-07-22,-0.0034554435372616335,-0.0033596988564105696,0.0011023675140315048,-0.0015748723082337397,-0.0033596988564105696,-0.0033596988564105696,-0.0033596988564105696
2015-07-23,-0.005453947099648169,-0.005453947099648169,0.002034774866007727,-0.0024584583133858105,-0.005453947099648169,-0.005453947099648169,-0.005453947099648169
2015-07-24,-0.002878500684518349,-0.002878500684518349,0.003693522881344946,-0.0002496912581730307,-0.002878500684518349,-0.002878500684518349,-0.002878500684518349
2015-07-25,-0.0004074050906142166,0.00016148602239613515,0.0,9.689161343768108e-05,0.00016148602239613515,0.00016148602239613515,0.0
2015-07-26,0.0008616346835328662,0.0015352558398172473,0.0,0.0009211535038903484,0.0015352558398172473,0.0015352558398172473,0.0015352558398172473
2015-07-27,-0.006827456509371191,-0.0064840221659368475,-0.000961782241539616,-0.004275126196177955,-0.0064840221659368475,-0.0064840221659368475,-0.0064840221659368475
2015-07-28,0.009139705019832522,0.009139705019832522,-0.0019501215321044985,0.004703774399057714,-0.0029501215321044985,0.009139705019832522,0.009139705019832522
2015-07-29,0.0026532646331147835,0.0026532646331147835,0.00045929129236962907,0.0017756752968167218,0.0016532646331147835,0.0026532646331147835,0.0026532646331147835
2015-07-30,-0.00011317004407354039,-0.0016740565721308715,0.001054667217007893,-0.0005825670564753656,-0.0016740565721308715,-0.0016740565721308715,-0.0016740565721308715
2015-07-31,0.002996418690312421,-0.0033011386395835774,0.004112893663006795,-0.0003355257185474283,-0.0033011386395835774,-0.0033011386395835774,-0.0033011386395835774
2015-08-01,-0.0005858185802975546,-0.0011901480485849714,0.0,-0.0007140888291509828,-0.0011901480485849714,-0.0011901480485849714,-0.0011901480485849714
2015-08-02,5.017242806271366e-05,0.0003996988808262862,0.0,0.0002398193284957717,0.0003996988808262862,0.0003996988808262862,0.0003996988808262862
2015-08-03,-0.0031497237201571536,-0.0055958493893799345,0.002005873542880343,-0.0025551602164758233,-0.0055958493893799345,-0.0055958493893799345,-0.0055958493893799345
2015-08-04,8.687238887639679e-05,0.00043266678139976104,-0.0014933750843135474,-0.0003377499648855624,0.00043266678139976104,0.00043266678139976104,0.00043266678139976104
2015-08-05,-0.0026942880956314853,-0.001234285402094088,-0.003851110256539003,-0.002281015343872054,-0.001234285402094088,-0.001234285402094088,-0.001234285402094088
2015-08-06,-0.004503969492799011,-0.004100299768028368,0.003713387611844754,-0.0009748248160791192,-0.004100299768028368,-0.004100299768028368,-0.004100299768028368
2015-08-07,-0.002909950328258964,-0.002909950328258964,0.004501464154092666,5.461546468168814e-05,-0.002909950328258964,-0.002909950328258964,-0.002909950328258964
2015-08-08,-0.007387132414843666,-0.007387132414843666,0.0,-0.0044322794489061994,-0.001,-0.007387132414843666,-0.007387132414843666
2015-08-09,0.001739482910155305,0.001739482910155305,0.0,0.0010436897460931829,0.0,0.001739482910155305,0.001739482910155305
2015-08-10,0.01062084033883506,0.01062084033883506,-0.0027491311482245595,0.005272851744011212,-0.0027491311482245595,0.01062084033883506,0.01062084033883506
2015-08-11,-0.0031292276095616542,-0.0031292276095616542,0.006897634775997807,0.0008815173446621309,-0.004129227609561654,-0.0031292276095616542,-0.0031292276095616542
2015-08-12,-0.00012325695980962436,-0.00012325695980962436,-0.0006083501590843088,-0.0003172942395194981,-0.00012325695980962436,-0.00012325695980962436,-0.00012325695980962436
2015-08-13,-0.003777515297826834,-0.003777515297826834,-0.003129331631897131,-0.0035182418314549527,-0.003777515297826834,-0.003777515297826834,-0.003777515297826834
2015-08-14,0.0017801858043305795,0.0017801858043305795,0.0009996206062667379,0.0014679597251050429,0.0017801858043305795,0.0017801858043305795,0.0017801858043305795
2015-08-15,-0.0017268049769822743,-0.0017268049769822743,0.0,-0.0010360829861893646,-0.0017268049769822743,-0.0017268049769822743,-0.0017268049769822743
2015-08-16,-0.0012931433416322068,-0.0012931433416322068,0.0,-0.0007758860049793241,-0.0012931433416322068,-0.0012931433416322068,0.0
2015-08-17,0.003033453146245097,0.003033453146245097,0.002627725414669879,0.00287116205361501,0.003033453146245097,0.003033453146245097,0.003033453146245097
2015-08-18,-0.023504031361804813,-0.023504031361804813,-0.001820071189124528,-0.0148304472927327,-0.023504031361804813,-0.023504031361804813,-0.023504031361804813
2015-08-19,-0.0004977682119732263,-0.0004977682119732263,0.005780231343997605,0.0020134316104151065,-0.0004977682119732263,-0.0004977682119732263,-0.0004977682119732263
2015-08-20,0.005165850211465762,-0.009677036750706846,0.006165850211465762,-0.0033398819658378024,0.005165850211465762,-0.009677036750706846,-0.009677036750706846
2015-08-21,-3.6468183382011566e-07,-0.021141616620852885,0.0009221874822919751,-0.01231609497959494,0.0009221874822919751,-0.021141616620852885,-0.021141616620852885
2015-08-22,-0.00012198647371916059,-0.0010410295688614167,0.0,-0.00062461774131685,0.0,-0.0010410295688614167,-0.0010410295688614167
2015-08-23,-7.936507936507964e-05,-0.0010711272421527103,0.0,-0.0006426763452916261,0.0,-0.0010711272421527103,-0.0010711272421527103
2015-08-24,-0.006532118787575858,-0.03968020977645965,-0.005143985007539931,-0.02586571986889176,-0.005143985007539931,-0.03968020977645965,-0.03968020977645965
2015-08-25,-0.0062456085729310495,0.00013988817832259284,-0.006740516388162449,-0.0026122736482714235,-0.006740516388162449,-0.0011569018367553318,0.00013988817832259284
2015-08-26,-0.006800715232178514,0.02357327059670924,-0.006723195852333552,0.011454684017092123,-0.006723195852333552,0.017864714214757868,0.02357327059670924
2015-08-27,0.0024110485832379313,0.02003787063305888,0.0017512540574513846,0.012723224002815881,0.0017512540574513846,0.015514080000775468,0.02003787063305888
2015-08-28,0.004047501593070914,0.00945650811989254,0.003834849115156136,0.0072078445179979776,0.003834849115156136,0.007861079563533395,0.003834849115156136
2015-08-29,-3.7878787878787845e-05,-0.000775965272487738,0.0,-0.00046557916349264275,0.0,-0.0005497151801618522,-0.000775965272487738
2015-08-30,-0.000167097816568012,-0.0004927404946742437,0.0,-0.00029564429680454624,0.0,-0.00034974477958358863,-0.0004927404946742437
2015-08-31,-0.002375144608774066,-0.0015826858757280243,-0.002465357414452779,-0.0019357544912179262,-0.002465357414452779,-0.0018388572673630023,-0.0015826858757280243
2015-09-01,-0.004627980603214753,-0.02434293180850955,0.002301109565103404,-0.013685315259064367,0.002301109565103404,-0.016847753703644077,-0.02434293180850955
2015-09-02,0.002143407038646706,0.0125762417728016,-0.002853711613289678,0.006404260418365089,-0.002853711613289678,0.0077118436039182656,0.0125762417728016
2015-09-03,0.0008516904559888946,-5.675601068686229e-05,0.0012325721269639267,0.00045897524437345336,0.0012325721269639267,0.00036520006963804776,-5.675601068686229e-05
2015-09-04,0.00017106457875870775,-0.010137471104683845,0.0019471307391716597,-0.005303630367141643,0.0019471307391716597,-0.00618186600446748,-0.010137471104683845
2015-09-05,0.0005089482609018192,0.002277721790854207,0.0,0.0013666330745125243,0.0,0.0015213493611665003,0.002277721790854207
2015-09-06,0.0006939849137056308,0.002279247967706214,0.0,0.0013675487806237283,0.0,0.0015220826352221768,0.002279247967706214
2015-09-07,-0.00010201529376112144,3.244655829175929e-06,0.0,1.9467934975055573e-06,0.0,2.171327978358902e-06,3.244655829175929e-06
2015-09-08,0.006506373848496646,0.01768856568374856,-0.005612551487608669,0.008368118815205668,-0.005612551487608669,0.01005207246614308,0.01768856568374856
2015-09-09,-0.007802142829088844,-0.011760692700415576,-0.0019385451419990651,-0.00783183367704897,-0.0019385451419990651,-0.008343959388855383,-0.011760692700415576
2015-09-10,0.0009519058456729391,0.005045163123235873,-0.002660597243015428,0.0019628589767353524,-0.002660597243015428,0.002344733916341557,0.005045163123235873
2015-09-11,0.0020007058788358636,0.0033736763590520085,0.0006140080670485326,0.002269809042250618,0.0006140080670485326,0.0024035462989959898,0.0033736763590520085
2015-09-12,-0.0013697872842977933,-0.0022573226990813236,0.0,-0.001354393619448794,0.0,-0.0015026088404318818,-0.0022573226990813236
2015-09-13,-0.0016029131450462268,-0.0022280937675935863,0.0,-0.0013368562605561517,0.0,-0.0014855818578301864,-0.0022280937675935863
2015-09-14,-0.003030802076851817,-0.004328328345813438,0.0008679726387918474,-0.0022498079519713238,0.0008679726387918474,-0.002616748849010319,-0.004328328345813438
2015-09-15,0.004004537509523678,0.007240622591019517,-0.006506549330635714,0.0017417538223574247,-0.006506549330635714,0.002705534510137002,0.007240622591019517
2015-09-16,0.00884340336608454,0.00984284881026349,0.0016126657641579722,0.006550775591821282,0.0016126657641579722,0.007095279757545307,0.00984284881026349
2015-09-17,0.0013393106153088963,0.0010480211372664182,0.0050798512145462105,0.002660753168178335,0.0050798512145462105,0.0024205035719113257,0.0050798512145462105
2015-09-18,-0.00924051769951616,-0.010965042575029097,0.009402138854590847,-0.002818170003181119,0.009402138854590847,-0.004035020315531284,-0.010965042575029097
2015-09-19,-0.0007474391630912176,-0.0007068044253052408,0.0,-0.00042408265518314444,0.0,-0.0004624351171418756,-0.0007068044253052408
2015-09-20,-0.00013680221217007667,-0.00013486877941557316,0.0,-8.09212676493439e-05,0.0,-8.823933127003265e-05,-0.00013486877941557316
2015-09-21,0.001487331832146523,0.0015195898966626517,-0.005545359771128022,-0.0013063899704536179,-0.005545359771128022,-0.000923330128498814,0.0015195898966626517
2015-09-22,-0.008936498547937346,-0.008936498547937346,0.004114174949129995,-0.0037162291491104095,0.004114174949129995,-0.004418323173243149,-0.008936498547937346
2015-09-23,-0.0027282989992311415,-0.0027282989992311415,0.0006967517730280259,-0.0013582786903274745,0.0006967517730280259,-0.0015314399349775692,-0.0027282989992311415
2015-09-24,0.0008541885505771606,0.0008541885505771606,0.006525536842028168,0.0031227278671575637,0.006525536842028168,0.0028353080077816845,0.0008541885505771606
2015-09-25,0.00015631137690228257,0.00015631137690228257,-0.0039541504008601125,-0.0014878733342026755,-0.0039541504008601125,-0.0012765418597543538,0.00015631137690228257
2015-09-26,-0.00037990945694361185,-0.00037990945694361185,0.0,-0.0002279456741661671,0.0,-0.00024750033284869896,-0.00037990945694361185
2015-09-27,-0.0007505678256895952,-0.0007505678256895952,0.0,-0.0004503406954137571,0.0,-0.0004890222379763517,-0.0007505678256895952
2015-09-28,-0.015902965282850783,-0.015902965282850783,0.0022418960522238573,-0.008645020748820927,0.0022418960522238573,-0.009587531592697892,0.0022418960522238573
2015-09-29,-0.0008402913493797959,-0.0008402913493797959,0.00015464978776710825,-0.00044231489452103414,0.00015464978776710825,-0.0004837833104114446,0.00015464978776710825
2015-09-30,0.012543397336158193,0.012543397336158193,-0.0025142294827931733,0.006520346608577646,-0.0025142294827931733,0.007239396107420764,0.012543397336158193
2015-10-01,0.0016773782663897692,0.0016773782663897692,0.0008578073418557819,0.0013495498965761742,0.0008578073418557819,0.0013807754075038303,0.0008578073418557819
2015-10-02,0.013158216439686806,0.013158216439686806,0.007416520975972507,0.010861538254201086,0.007416520975972507,0.01107758520673682,0.013158216439686806
2015-10-03,0.0006728655030776823,0.0006728655030776823,0.0,0.00040371930184660937,0.0,0.00042208610645396924,0.0006728655030776823
2015-10-04,-0.00021921233677346663,-0.00021921233677346663,0.0,-0.00013152740206407996,0.0,-0.00013747946976069373,-0.00021921233677346663
2015-10-05,0.016114965716857405,0.016114965716857405,-0.005181478027168257,0.00759638821924714,-0.005181478027168257,0.008176099677224168,0.016114965716857405
2015-10-06,0.005463847247774662,0.005463847247774662,0.002396837477704944,0.004237043339746774,0.002396837477704944,0.004280959295570671,0.005463847247774662
2015-10-07,0.006007255545722481,0.006007255545722481,-0.0015185857170635364,0.0029969190406080736,-0.0015185857170635364,0.003091924902283275,0.006007255545722481
2015-10-08,0.006576516536445951,0.006576516536445951,-0.004622456824551313,0.002096927192047045,-0.004622456824551313,0.002216198858350865,0.006576516536445951
2015-10-09,0.0013296592163087257,0.0013296592163087257,0.0035506476049834423,0.0022180545717786124,0.0035506476049834423,0.002197985745118056,0.0035506476049834423
2015-10-10,0.0004600547367205425,0.0004600547367205425,0.0,0.0002760328420323255,0.0,0.00028028065523728884,0.0004600547367205425
2015-10-11,0.0009566969816596524,0.0009566969816596524,0.0,0.0005740181889957914,0.0,0.000585125222280497,0.0009566969816596524
2015-10-12,-0.0031982576216712153,-0.0031982576216712153,0.0035291134122359957,-0.0005073092081083308,0.0035291134122359957,-0.000586137225452446,-0.0031982576216712153
2015-10-13,-0.005180647685275856,-0.005180647685275856,0.0014881111344118847,-0.0025131441574007597,0.0014881111344118847,-0.0026256577337684574,-0.005180647685275856
2015-10-14,-6.113439575291164e-05,-6.113439575291164e-05,0.005784060590955736,0.0022769435989305475,0.005784060590955736,0.0021826434515725985,-6.113439575291164e-05
2015-10-15,0.012341169026434451,0.012341169026434451,-0.0015838447353889729,0.006771163521705081,-0.0015838447353889729,0.0069957904279492715,-0.0015838447353889729
2015-10-16,0.005526087453804969,0.005526087453804969,-0.001486246659749585,0.0027211538083831473,-0.001486246659749585,0.002786270748750858,0.005526087453804969
2015-10-17,0.003284706224595757,0.003284706224595757,0.0,0.001970823734757454,0.0,0.0019970902114876763,0.003284706224595757
2015-10-18,-0.0036937172752566174,-0.0036937172752566174,0.0,-0.0022162303651539705,0.0,-0.002244394687784675,-0.0036937172752566174
2015-10-19,-0.0013765492916825777,-0.0013765492916825777,-0.0011363583598895943,-0.0012804729189653842,-0.0011363583598895943,-0.0012821741169095088,-0.0013765492916825777
2015-10-20,0.001708917445526333,0.001708917445526333,-0.0010117689482641024,0.0006206428880101587,-0.0010117689482641024,0.0006408905524460119,-0.0010117689482641024
2015-10-21,-0.0071659953949358484,-0.0071659953949358484,0.0014288036393763082,-0.0037280757812109856,0.0014288036393763082,-0.0040236619948424346,-0.0071659953949358484
2015-10-22,0.012941132102374167,0.012941132102374167,0.004227646480426089,0.009455737853594937,0.004227646480426089,0.009730985172641192,0.012941132102374167
2015-10-23,0.005527890758308433,0.005527890758308433,-0.0018763485750720177,0.0025661950249562526,0.004527890758308433,0.0027786226731889067,0.005527890758308433
2015-10-24,0.0020727603296505238,0.0020727603296505238,0.0,0.0012436561977903142,0.0020727603296505238,0.001353778866846539,0.0020727603296505238
2015-10-25,0.0007992473966371212,0.0007992473966371212,0.0,0.0004795484379822727,0.0007992473966371212,0.0005221475963133639,0.0007992473966371212
2015-10-26,-0.003781341786257935,-0.003781341786257935,0.0013679958715330787,-0.0017216067231415294,-0.003781341786257935,-0.0019973449080359098,-0.003781341786257935
2015-10-27,-0.0007657721389495226,-0.0007657721389495226,0.0020101586972978147,0.0003446001955494124,-0.0007657721389495226,-0.0001392013508477233,-0.0007657721389495226
2015-10-28,0.01467787852541543,0.01467787852541543,-0.0022357884960070296,0.007912411716846446,0.01467787852541543,0.010854628019029592,0.01467787852541543
2015-10-29,0.0008834942989373534,0.0008834942989373534,-0.008985075514710006,-0.0030639336265215903,0.0008834942989373534,-0.0010385818887396992,0.0008834942989373534
2015-10-30,0.004103106351552261,0.004103106351552261,0.0005338849462302175,0.002675417789423443,0.004103106351552261,0.0035505659897097663,0.004103106351552261
2015-10-31,-0.004691190925397406,-0.004691190925397406,0.0,-0.0028147145552384436,-0.004691190925397406,-0.00400030028665992,-0.004691190925397406
2015-11-01,0.0039840987045203224,0.0039840987045203224,0.0,0.0023904592227121935,0.0039840987045203224,0.0033825751436935597,0.0039840987045203224
2015-11-02,0.022521348234069608,0.022521348234069608,-0.003689169432370465,0.012037141167493578,0.022521348234069608,0.018543849456026797,0.022521348234069608
2015-11-03,0.01794828321250293,0.01794828321250293,-0.005719887417022479,0.008481014960692765,0.01794828321250293,0.013170101107828009,0.01794828321250293
2015-11-04,-0.0021209187853066616,-0.0021209187853066616,-0.0002546869614530045,-0.0013744260557651987,-0.0021209187853066616,-0.0018331461770995053,-0.0021209187853066616
2015-11-05,-0.008712170987676527,-0.008712170987676527,-0.0014079769862721248,-0.005790493387114766,-0.008712170987676527,-0.007672188391632369,-0.008712170987676527
2015-11-06,-0.007809072280943592,-0.007809072280943592,-0.006067380029445901,-0.007112395380344516,-0.007809072280943592,-0.007537596194968816,-0.007809072280943592
2015-11-07,0.0035641464733998035,0.0035641464733998035,0.0,0.002138487884039882,0.0035641464733998035,0.003030683136354876,0.0035641464733998035
2015-11-08,-0.003770186605369319,-0.003770186605369319,0.0,-0.0022621119632215913,-0.003770186605369319,-0.0032045487374178744,-0.003770186605369319
2015-11-09,-0.006591110394256712,-0.006591110394256712,-0.0015980412455518789,-0.004593882734774779,-0.006591110394256712,-0.005823088340642208,-0.006591110394256712
2015-11-10,-0.011175886504922973,-0.011175886504922973,0.0013667293391568525,-0.006158840167291043,-0.011175886504922973,-0.009146722471497113,-0.011175886504922973
2015-11-11,-0.012819579265527804,-0.012819579265527804,-0.002162280626297225,-0.008556659809835571,-0.012819579265527804,-0.011235430122149725,-0.012819579265527804
2015-11-12,-0.001414753203664391,-0.001414753203664391,0.0003272613455706508,-0.0007179473839703743,-0.001414753203664391,-0.0011496279907055272,-0.001414753203664391
2015-11-13,-0.008186979430085776,-0.008186979430085776,0.002555721625185914,-0.0038898990079771004,-0.008186979430085776,-0.006564288098463668,-0.008186979430085776
2015-11-14,-0.0012693065076260595,-0.0012693065076260595,0.0,-0.0007615839045756357,-0.001,-0.0010655023033194482,-0.0012693065076260595
2015-11-15,-0.0042521247331478934,-0.0042521247331478934,0.0,-0.002551274839888736,0.0,-0.0035720565392612777,-0.0042521247331478934
2015-11-16,0.014849654652657505,0.014849654652657505,0.001821893382496137,0.009638550144592958,0.001821893382496137,0.012740045926593155,0.014849654652657505
2015-11-17,-0.0016055819093877173,-0.0016055819093877173,-0.002569096317784264,-0.001990987672746336,-0.002605581909387717,-0.0017797960440881248,-0.0016055819093877173
2015-11-18,0.009902222389033858,0.009902222389033858,0.0006237271597733518,0.006190824297329655,0.009902222389033858,0.008256548658569514,0.009902222389033858
2015-11-19,-0.0038704579319704577,-0.0038704579319704577,0.0032327124219759806,-0.001029189790391882,-0.0038704579319704577,-0.002609764070952032,-0.0038704579319704577
2015-11-20,0.0002667590195190892,0.0002667590195190892,-0.00048327833202552184,-3.325592109875523e-05,0.0002667590195190892,0.0001316574447804312,0.0002667590195190892
2015-11-21,0.0016924305140482154,0.0016924305140482154,0.0,0.0010154583084289292,0.0016924305140482154,0.0014155500762477976,0.0016924305140482154
2015-11-22,-0.0008126147076167692,-0.0008126147076167692,0.0,-0.0004875688245700615,-0.0008126147076167692,-0.0006799692992876449,-0.0008126147076167692
2015-11-23,0.0007983424299517298,0.0007983424299517298,-0.0005289345766844866,0.00026743162729724317,0.0007983424299517298,0.0005813399308860453,0.0007983424299517298
2015-11-24,0.0034271282426198268,0.0034271282426198268,0.0013962439299355645,0.0026147745175461217,0.0034271282426198268,0.0030950974053481307,0.0034271282426198268
2015-11-25,0.003428842843628901,0.003428842843628901,3.696775567280097e-05,0.002072092808446461,0.003428842843628901,0.0029149096417084453,0.003428842843628901
2015-11-26,0.008286799990652108,0.008286799990652108,0.0,0.0049720799943912646,0.008286799990652108,0.007044230283117519,0.008286799990652108
2015-11-27,0.0008925545649633252,0.0008925545649633252,-0.0025563230507829604,-0.0004869964813351891,0.0008925545649633252,0.00035585741170310743,0.0008925545649633252
2015-11-28,-0.00020512188173826829,-0.00020512188173826829,0.0,-0.00012307312904296096,-0.00020512188173826829,-0.00017323972046696059,-0.00020512188173826829
2015-11-29,0.004325602685165834,0.004325602685165834,0.0,0.0025953616110995005,0.004325602685165834,0.0036536151942274096,0.004325602685165834
2015-11-30,-0.0006241397154966485,-0.0006241397154966485,0.0033167068891015172,0.0009521989263426179,-0.0006241397154966485,-1.0997170583380432e-05,-0.0006241397154966485
2015-12-01,0.003386437375052694,0.003386437375052694,0.0044390776080537875,0.0038074934682531315,0.003386437375052694,0.0035079262988453484,0.003386437375052694
2015-12-02,-0.013227242804531037,-0.013227242804531037,-0.0039291972810350795,-0.009508024595132654,-0.013227242804531037,-0.01216122402842564,-0.013227242804531037
2015-12-03,-0.0079755421253958,-0.0079755421253958,-0.012725266197740642,-0.009875431754333737,-0.0079755421253958,-0.008590301625165478,-0.0079755421253958
2015-12-04,0.008711321478615579,0.008711321478615579,0.010445189982985548,0.009404868880363567,0.008711321478615579,0.008956019110197585,0.010445189982985548
2015-12-05,0.007882769299856133,0.007882769299856133,0.0,0.004729661579913679,0.007882769299856133,0.006858497691134667,0.007882769299856133
2015-12-06,-4.742570443015836e-05,-4.742570443015836e-05,0.0,-2.8455422658095014e-05,-4.742570443015836e-05,-4.0999890318176664e-05,0.0
2015-12-07,-0.009371151886205718,-0.009371151886205718,0.0007667022967685622,-0.005316010213016006,-0.009371151886205718,-0.00799826702403001,-0.009371151886205718
2015-12-08,0.0008344733645479558,0.0008344733645479558,-0.00010078236868230062,0.0004603710712558532,0.0008344733645479558,0.0007215728346038379,0.0008344733645479558
2015-12-09,-0.0028406448625618464,-0.0028406448625618464,-0.0030150991551916584,-0.002910426579613771,-0.0028406448625618464,-0.002861220466874891,-0.0028406448625618464
2015-12-10,0.00013632989528061183,0.00013632989528061183,0.0009516251538784493,0.0004624479987197468,0.00013632989528061183,0.0002310770127233042,0.00013632989528061183
2015-12-11,-0.0050483628101879695,-0.0050483628101879695,0.006325478005200114,-0.0004988264840327362,-0.0050483628101879695,-0.0037803183613446594,-0.0050483628101879695
2015-12-12,-0.004165020532114723,-0.004165020532114723,0.0,-0.0024990123192688337,-0.001,-0.0036817294289442685,-0.004165020532114723
2015-12-13,-0.0003172446829243904,-0.0003172446829243904,0.0,-0.00019034680975463423,0.0,-0.00027943884570705936,-0.0003172446829243904
2015-12-14,0.003816422157236432,0.003816422157236432,-0.007786298207780401,-0.0008246659887703013,-0.007786298207780401,0.0024328831457479908,0.003816422157236432
2015-12-15,0.013043690568298892,0.013043690568298892,-0.0013946070528686183,0.007268371519831888,-0.0013946070528686183,0.01132944443794269,0.013043690568298892
2015-12-16,0.005673973016070212,0.005673973016070212,0.0018328152458118585,0.00413750990796687,0.004673973016070212,0.005158030629753687,0.005673973016070212
2015-12-17,-0.010076688989283612,-0.010076688989283612,0.0007426507981635189,-0.00574895307430476,-0.010076688989283612,-0.008593423471064295,0.0007426507981635189
2015-12-18,-0.007873349772187713,-0.007873349772187713,0.004659319659941902,-0.0028602819993358668,-0.007873349772187713,-0.0061774022463829134,-0.007873349772187713
2015-12-19,-0.00031012407661894995,-0.00031012407661894995,0.0,-0.00018607444597136996,-0.001,-0.00026629891526562825,-0.00031012407661894995
2015-12-20,-0.004719412442190565,-0.004719412442190565,0.0,-0.0028316474653143388,0.0,-0.004057194472041009,-0.004719412442190565
2015-12-21,0.002533782557107838,0.002533782557107838,0.0018982999841573311,0.0022795895279276355,0.0018982999841573311,0.002443843477006076,0.002533782557107838
2015-12-22,0.004321294384529489,0.004321294384529489,-0.004210979299671264,0.0009083849108491877,-0.004210979299671264,0.003112179645235054,0.004321294384529489
2015-12-23,0.014949254961529644,0.014949254961529644,-0.0027839762926554212,0.007855962459855618,0.013949254961529645,0.012405812289532215,0.014949254961529644
2015-12-24,0.0019793910009480043,0.0019793910009480043,0.0031115107969386657,0.002432238919344269,0.0019793910009480043,0.002161885217728524,0.0019793910009480043
2015-12-25,0.00016313842011000327,0.00016313842011000327,0.0,9.788305206600197e-05,0.00016313842011000327,0.00013982087501521854,0.00016313842011000327
2015-12-26,-0.009358736447195919,-0.009358736447195919,0.0,-0.005615241868317551,-0.009358736447195919,-0.008050029036724948,-0.009358736447195919
2015-12-27,0.0014775826504054043,0.0014775826504054043,0.0,0.0008865495902432426,0.0014775826504054043,0.0012533568156522198,0.0014775826504054043
2015-12-28,-0.0042144226405376305,-0.0042144226405376305,-0.0014006190974927002,-0.0030889012233196586,-0.0042144226405376305,-0.0037870666585340567,-0.0042144226405376305
2015-12-29,0.01186118417285341,0.01186118417285341,-0.004957818783581175,0.0051335829902795765,0.01186118417285341,0.009298826165927204,0.01186118417285341
2015-12-30,-0.008167041349209956,-0.008167041349209956,-0.002062705140920773,-0.005725306865894283,-0.008167041349209956,-0.007143068862416211,-0.008167041349209956
2015-12-31,-0.0042258298869502185,-0.0042258298869502185,0.002781006289674759,-0.0014230954163002272,-0.0042258298869502185,-0.0031604618837325787,0.002781006289674759
2016-01-01,0.0009721106588250391,0.0009721106588250391,0.0,0.0005832663952950234,0.0009721106588250391,0.0008220330254183635,0.0009721106588250391
2016-01-02,-0.00022922108091030482,-0.00022922108091030482,0.0,-0.00013753264854618287,-0.00022922108091030482,-0.0001942616808578069,-0.00022922108091030482
2016-01-03,-0.0008785062802215323,-0.0008785062802215323,0.0,-0.0005271037681329194,-0.0008785062802215323,-0.0007470435430771593,-0.0008785062802215323
2016-01-04,-0.009585966291435833,-0.009585966291435833,0.006782926763827968,-0.003038409069330313,-0.009585966291435833,-0.00716498473070442,-0.009585966291435833
2016-01-05,0.001252845340948198,0.001252845340948198,0.001084676763888348,0.0011855779101242582,8.467676388834808e-05,0.0012379354328045762,0.001252845340948198
2016-01-06,-0.013083340714535244,-0.013083340714535244,0.007811260988884461,-0.004725500033167362,0.007811260988884461,-0.012424470850221749,-0.013083340714535244
2016-01-07,-0.009319332876171062,-0.009319332876171062,0.00200040224968584,-0.004791438825828301,0.00200040224968584,-0.008662448942747102,-0.009319332876171062
2016-01-08,-0.009984991439505486,-0.009984991439505486,0.001134352481994727,-0.0055372538709054005,0.001134352481994727,-0.009321099828526797,-0.009984991439505486
2016-01-09,-0.001352056475936618,-0.0013775243912171392,0.0,-0.0008265146347302835,0.0,-0.0012872438867786004,-0.0013775243912171392
2016-01-10,-4.231160360288734e-05,9.432915069303623e-05,0.0,5.6597490415821736e-05,0.0,8.84641157036687e-05,9.432915069303623e-05
2016-01-11,-0.0043969730753774935,-0.004242030176934425,-0.004579164377572192,-0.004376883857189532,-0.004579164377572192,-0.004262605783753535,-0.004242030176934425
2016-01-12,-0.0013540436642058573,-0.0013064246165868099,0.0038538377047623307,0.0007576803119528465,0.0038538377047623307,-0.0010099915210592103,-0.0013064246165868099
2016-01-13,-0.017631811353469695,-0.017631811353469695,0.004277921578363902,-0.008867918180736255,0.004277921578363902,-0.016784968994314517,-0.017631811353469695
2016-01-14,0.011415620134684914,0.011415620134684914,-0.006228055354792872,0.0043581499388938,-0.006228055354792872,0.010307063133634699,0.011415620134684914
2016-01-15,-0.020835062978245916,-0.035010533084385814,0.007049449292019422,-0.018186540133823717,0.007049449292019422,-0.03137645842840633,-0.035010533084385814
2016-01-16,0.004874833680775506,0.007076903357459585,0.0,0.004246142014475751,0.0,0.005507280276688111,0.007076903357459585
2016-01-17,-0.0009034065564653547,-0.0015015090688501845,0.0,-0.0009009054413101107,0.0,-0.001159308041693926,-0.0015015090688501845
2016-01-18,0.0006143424760119537,0.001415119199625102,0.0,0.0008490715197750613,0.0,0.001094067406823001,0.001415119199625102
2016-01-19,-0.002941380569119616,-0.004824309127181126,-0.000853014072824565,-0.0032357911054385013,-0.000853014072824565,-0.0040187131749942,-0.004824309127181126
2016-01-20,0.003117709257357126,0.0011245409639944162,0.007300154871205944,0.0035947865268790274,0.007300154871205944,0.0023859584306408044,0.0011245409639944162
2016-01-21,0.0022989342815213218,0.0042324374633349775,-0.0023264903396794934,0.0016088663421291892,-0.0023264903396794934,0.0029735703803737833,0.0042324374633349775
2016-01-22,0.01117158709799478,0.015296938257756477,-0.0013093277464362452,0.008654431856079387,-0.0013093277464362452,0.012070202961156788,0.015296938257756477
2016-01-23,0.0011218054787247656,0.0014521706372616627,0.0,0.0008713023823569976,0.0,0.0011312302696603808,0.0014521706372616627
2016-01-24,0.0033951155195456675,0.004438815953464144,0.0,0.0026632895720784863,0.0,0.003458310039582843,0.004438815953464144
2016-01-25,-0.017783114130830655,-0.01868421485453147,0.0039889003431857195,-0.009614968775444594,0.0039889003431857195,-0.013615190905465445,-0.01868421485453147
2016-01-26,0.01552107222158377,0.015568691269202819,0.0026703421266576766,0.010409351612184762,0.0026703421266576766,0.01232408759193878,0.015568691269202819
2016-01-27,-0.0052493506994939106,-0.006743728149203321,0.0008629932074067093,-0.0037010396065593086,0.0008629932074067093,-0.004671548692904034,-0.006743728149203321
2016-01-28,-0.0007044036999736176,0.0020969428016716085,-0.003156658168939841,-4.4975865729714095e-06,-0.003156658168939841,0.0006603601077062017,0.0020969428016716085
2016-01-29,0.01323069581387059,0.016969270472414106,0.007054913799012297,0.013003527803053382,0.007054913799012297,0.014319539532369127,0.016969270472414106
2016-01-30,-0.000361234693244118,-0.00035692509566225764,0.0,-0.00021415505739735458,0.0,-0.0002528218492607941,-0.00035692509566225764
2016-01-31,-0.0019042319573072356,-0.002787069413584383,0.0,-0.0016722416481506298,0.0,-0.0019742132503468663,0.0
2016-02-01,-0.0024000511791398144,-0.0028268634797660296,-0.0004135880454185503,-0.0018615533060270379,-0.0004135880454185503,-0.002127404649943087,-0.0028268634797660296
2016-02-02,-0.013863433230984936,-0.015640602465116116,0.0063069723985683945,-0.00686157251964231,0.0063069723985683945,-0.009274708953333571,-0.015640602465116116
2016-02-03,0.007271906569991326,0.007359208157292913,-0.003949572167458837,0.002835696027392213,-0.003949572167458837,0.003930168409149836,0.007359208157292913
2016-02-04,0.006461266425915774,0.006461266425915774,0.003142125946176605,0.0051336102340201065,0.003142125946176605,0.005471111519336852,0.006461266425915774
2016-02-05,-0.016986731306088337,-0.016986731306088337,0.00566505469084666,-0.007926016907314338,0.00566505469084666,-0.010220836011643497,-0.016986731306088337
2016-02-06,-0.0028822011541225954,-0.0028822011541225954,0.0,-0.0017293206924735571,0.0,-0.001989810258947283,-0.0028822011541225954
2016-02-07,-0.0002242290318876054,2.8917284022754606e-05,0.0,1.7350370413652762e-05,0.0,2.012489421352083e-05,2.8917284022754606e-05
2016-02-08,-0.010516521186225062,-0.012306273250265343,0.01001270493783249,-0.0033786819750262096,0.01001270493783249,-0.005519792779372198,-0.012306273250265343
2016-02-09,-0.009262234180203098,-0.009174932592901511,-0.0020296445151104237,-0.0063168173617850765,-0.0020296445151104237,-0.006975462862829334,-0.009174932592901511
2016-02-10,0.0028141684694477508,0.0024262952803085153,0.004384570218181921,0.003209605255457878,0.004384570218181921,0.0030360126417878818,0.0024262952803085153
2016-02-11,6.371958496155832e-05,-0.005693949562684986,0.012244253183740977,0.0014813315358854,0.012244253183740977,-9.17714001901636e-05,-0.005693949562684986
2016-02-12,0.011450696655677767,0.015215130702517208,-0.0064190926261384895,0.0065614413710549276,-0.0064190926261384895,0.008438609865620889,0.015215130702517208
2016-02-13,0.0016403013484116795,0.00219669712717817,0.0,0.0013180182763069018,0.0,0.0014716852797477173,0.00219669712717817
2016-02-14,0.002521871746169226,0.004358139871191257,0.0,0.002614883922714754,0.0,0.0029188600227420163,0.004358139871191257
2016-02-15,-0.0018200908676112054,-0.0019222042792286847,0.0,-0.0011533225675372108,0.0,-0.0012839185821572944,-0.0019222042792286847
2016-02-16,0.012867468439401723,0.01320052393062522,-0.0087644679635355,0.004414527172960932,-0.0087644679635355,0.005939248669949014,0.01320052393062522
2016-02-17,0.01732061673659337,0.01732855324452988,-0.0007020267026281446,0.010116321265666669,-0.0007020267026281446,0.011362992374256104,0.01732855324452988
2016-02-18,-0.0020943697146726084,-0.0020943697146726084,0.010415915967641354,0.0029097445582529765,0.010415915967641354,0.0022602180756523477,0.010415915967641354
2016-02-19,-0.00042698028434421043,-0.00029900584526666566,-0.0019864690658951134,-0.0009739911335180448,-0.0019864690658951134,-0.0008785254310556843,-0.00029900584526666566
2016-02-20,0.004277365514353687,0.0043249845619727344,0.0,0.0025949907371836407,0.0,0.0028519854746763746,0.0
2016-02-21,0.0004153037609256523,0.0004153037609256523,0.0,0.0002491822565553914,0.0,0.00027324511137274445,0.0004153037609256523
2016-02-22,0.011236310298934115,0.011236310298934115,-0.002931639985047585,0.005569130185341435,-0.002931639985047585,0.00640257435416805,0.011236310298934115
2016-02-23,-0.015963735817009828,-0.015963735817009828,0.005354269563730307,-0.007436533664713773,0.005354269563730307,-0.008532847916868617,-0.015963735817009828
2016-02-24,0.005781535831140617,0.005781535831140617,0.0005350895671721312,0.0036829573255532226,0.0005350895671721312,0.003892526234960245,0.005781535831140617
2016-02-25,0.006960067002540001,0.006960067002540001,0.0021027758452845657,0.005017150539637827,0.0021027758452845657,0.005265934643168083,0.006960067002540001
2016-02-26,0.001926416330222453,0.001926416330222453,-0.003663511849200801,-0.0003095549415468488,-0.003663511849200801,-3.995637730429616e-05,0.001926416330222453
2016-02-27,9.436093156758553e-05,9.436093156758553e-05,0.0,5.6616558940551315e-05,0.0,6.113245537006144e-05,0.0
2016-02-28,0.00025303585204277605,0.00025303585204277605,0.0,0.00015182151122566562,0.0,0.00016496144930764166,0.0
2016-02-29,-0.0022329114623711086,-0.0022329114623711086,0.0052577570458696155,0.0007633559409251814,0.0052577570458696155,0.0003727475192732807,0.0052577570458696155
2016-03-01,0.016937915625200282,0.016937915625200282,-0.008091493243106845,0.00692615207787743,-0.008091493243106845,0.008245462085838219,0.016937915625200282
2016-03-02,0.003738926037339175,0.003738926037339175,0.002334082335932852,0.003176988556776646,0.002334082335932852,0.0032391471271269023,0.003738926037339175
2016-03-03,0.004733710387233753,0.004733710387233753,0.0039565311334417985,0.004422838685716971,0.003733710387233753,0.004458948713256778,0.004733710387233753
2016-03-04,0.0022415823926331185,0.0022415823926331185,-0.003532563849137499,-6.807610407512854e-05,0.0022415823926331185,0.00019681594052377857,0.0022415823926331185
2016-03-05,-0.002803602955441168,-0.002803602955441168,0.0,-0.001682161773264701,-0.002803602955441168,-0.0018100503116637015,0.0
2016-03-06,0.001979677092839058,0.001979677092839058,0.0,0.0011878062557034348,0.001979677092839058,0.001277418259547092,0.001979677092839058
2016-03-07,0.0072029921583561685,0.0072029921583561685,0.00016767618105156812,0.004388865767434328,0.0072029921583561685,0.004705523529562278,0.0072029921583561685
2016-03-08,-0.013293706299194415,-0.013293706299194415,0.0031510512493675147,-0.006715803279769643,-0.013293706299194415,-0.007488546257289246,-0.013293706299194415
2016-03-09,0.0065873733808397995,0.0065873733808397995,-0.004475052359024234,0.0021624030848941857,0.0065873733808397995,0.0025795567412695364,0.0065873733808397995
2016-03-10,-0.0010344733726290745,-0.0010344733726290745,-0.00038342634741322934,-0.0007740545625427364,-0.0010344733726290745,-0.0008029815056801739,-0.0010344733726290745
2016-03-11,0.016010341668660628,0.016010341668660628,-0.007739654524372197,0.006510343191447497,0.016010341668660628,0.0076812320247682375,-0.007739654524372197
2016-03-12,-0.0026522931440437925,-0.0026522931440437925,0.0,-0.0015913758864262754,-0.0026522931440437925,-0.0017027142769738897,-0.0026522931440437925
2016-03-13,0.0006128294382637988,0.00065891027935705,0.0,0.00039534616761423004,0.00065891027935705,0.00042276696797430665,0.00065891027935705
2016-03-14,-0.0015748119821975947,-0.001547034204419817,-0.0012524509313892596,-0.001429200895207594,-0.001547034204419817,-0.001441464578938163,-0.001547034204419817
2016-03-15,-0.00397478316732194,-0.00397478316732194,0.000579217033825824,-0.0021531830868628346,-0.00397478316732194,-0.002347455959661751,-0.00397478316732194
2016-03-16,0.008643802117406575,0.008643802117406575,0.004938197381112841,0.007161560222889081,0.008643802117406575,0.0073161338534272775,0.008643802117406575
2016-03-17,0.00849012696142574,0.00849012696142574,-0.0018633245721157154,0.004348746348009158,0.00849012696142574,0.004942235286853071,0.00849012696142574
2016-03-18,-0.00174680353197935,-0.00174680353197935,0.0008827892374474455,-0.0006949664242086318,-0.00174680353197935,-0.0008536837249457403,-0.00174680353197935
2016-03-19,0.0002430853538996204,0.0002430853538996204,0.0,0.00014585121233977224,0.0002430853538996204,0.0001831307302135219,0.0002430853538996204
2016-03-20,0.0008963205798550897,0.0008963205798550897,0.0,0.0005377923479130538,0.0008963205798550897,0.0006775873557629243,0.0008963205798550897
2016-03-21,-0.00102616045923941,-0.00102616045923941,-0.0035675151604631083,-0.0020427023397288895,-0.00102616045923941,-0.0016444692554538807,-0.00102616045923941
2016-03-22,0.0014414611644756326,0.0014414611644756326,0.0008574587818436508,0.0012078602114228398,0.0014414611644756326,0.0012990611839451183,0.0014414611644756326
2016-03-23,-0.01022547153028381,-0.01022547153028381,-0.00036656460635031696,-0.006281908760710413,-0.01022547153028381,-0.007856111329327505,-0.01022547153028381
2016-03-24,-0.0009465040009972849,-0.0009465040009972849,-0.0006549406692892001,-0.000829878668314051,-0.0009465040009972849,-0.0008729879614407935,-0.0009465040009972849
2016-03-25,0.00020893392063496088,0.00020893392063496088,0.0,0.00012536035238097654,0.00020893392063496088,0.00015631543375285852,0.0
2016-03-26,0.00020455089739369726,0.00020455089739369726,0.0,0.00012273053843621834,0.00020455089739369726,0.00015663320176615352,0.00020455089739369726
2016-03-27,0.002344808040838389,0.002344808040838389,0.0,0.0014068848245030333,0.002344808040838389,0.0017954208377558133,0.0
2016-03-28,0.0007977209500387285,0.0007977209500387285,0.0007731568739808015,0.0007878953196155576,0.0007977209500387285,0.0007919882443496431,0.0007977209500387285
2016-03-29,0.007754645795349581,0.007754645795349581,0.006733849058860486,0.007346327100753943,0.007754645795349581,0.007555863934629406,0.007754645795349581
2016-03-30,0.0010058358632005155,0.0010058358632005155,-0.007278488476140127,-0.0023078938725357417,0.0010058358632005155,-0.0004590419078294454,0.0010058358632005155
2016-03-31,-0.00024507691633393304,-0.00024507691633393304,0.0034292454180625542,0.0012246520174246619,-0.00024507691633393304,0.0003779304741149969,0.0034292454180625542
2016-04-01,-0.001987090315300064,-0.001987090315300064,-0.001031397035962861,-0.0016048130035651825,-0.001987090315300064,-0.0018248735196991247,-0.001987090315300064
2016-04-02,0.0007743947970353135,0.0007743947970353135,0.0,0.0004646368782211881,0.0007743947970353135,0.0006660010529140959,0.0007743947970353135
2016-04-03,8.185594233939892e-06,8.185594233939892e-06,0.0,4.911356540363935e-06,8.185594233939892e-06,7.0416047467316295e-06,8.185594233939892e-06
2016-04-04,-0.004315330261345982,-0.004315330261345982,-0.001423277284867741,-0.0031585090707546854,-0.004315330261345982,-0.003916112521246698,-0.004315330261345982
2016-04-05,-0.006686990318907281,-0.006686990318907281,0.007185741496152198,-0.001137897592883489,-0.006686990318907281,-0.004747576665745228,-0.006686990318907281
2016-04-06,0.009818199757892295,0.009818199757892295,-0.004396974758404004,0.004132129951373775,0.009818199757892295,0.00825396169918014,0.009818199757892295
2016-04-07,-0.007911312377650982,-0.007911312377650982,0.008252784692299009,-0.0014456735496709851,-0.007911312377650982,-0.006048507142553176,-0.007911312377650982
2016-04-08,0.007667122906057668,0.007667122906057668,-0.0032610169935917976,0.003295866946197882,0.007667122906057668,0.006330494922424816,0.007667122906057668
2016-04-09,-0.0002479390230047334,-0.0002479390230047334,0.0,-0.00014876341380284003,-0.0002479390230047334,-0.0002280333150996586,-0.0002479390230047334
2016-04-10,0.0005703725155296416,0.0005703725155296416,0.0,0.00034222350931778495,0.0005703725155296416,0.0005259665248098466,0.0005703725155296416
2016-04-11,-0.0005659135256368778,-0.0005659135256368778,0.0023961035030678757,0.0006188932858450237,-0.0005659135256368778,-0.0003358529525988693,-0.0005659135256368778
2016-04-12,0.012049870704980807,0.012049870704980807,-0.0026761061535165442,0.006159479961581867,0.012049870704980807,0.011363802864047406,0.012049870704980807
2016-04-13,0.006920240910098253,0.006920240910098253,0.00034373539858187363,0.004289638705491701,0.006920240910098253,0.006628052890135185,0.006920240910098253
2016-04-14,-0.0008624702520870775,-0.0008624702520870775,-0.004669982941000739,-0.002385475327652542,-0.0008624702520870775,-0.001048171066639448,-0.0008624702520870775
2016-04-15,-2.750378691261811e-05,-2.750378691261811e-05,0.00390772681742052,0.0015465884548206375,-2.750378691261811e-05,0.00012879287642348624,-2.750378691261811e-05
2016-04-16,0.00022210644626813943,0.00022210644626813943,0.0,0.00013326386776088366,0.00022210644626813943,0.0002205527692807838,0.00022210644626813943
2016-04-17,-0.0008188085247218381,-0.0008188085247218381,0.0,-0.0004912851148331028,-0.0008188085247218381,-0.0008127111696043959,-0.0008188085247218381
2016-04-18,0.006336702183873684,0.006336702183873684,-0.0022202914959707776,0.0029139047119358993,0.006336702183873684,0.006273724326180031,0.006336702183873684
2016-04-19,0.008118460827589873,0.008118460827589873,0.0014938983930747607,0.005468635853783828,0.008118460827589873,0.008059824547616752,0.008118460827589873
2016-04-20,0.003225302555618037,0.003225302555618037,-0.003858763763241624,0.0003916760280741724,0.003225302555618037,0.003225302555618037,0.003225302555618037
2016-04-21,-0.0028947980222107836,-0.0028947980222107836,-0.0009516531548789398,-0.002117540075278046,-0.0028947980222107836,-0.0028947980222107836,-0.0028947980222107836
2016-04-22,0.0009188814778124573,0.0009188814778124573,-0.0026898756937361046,-0.0005246213908069676,0.0009188814778124573,0.0009188814778124573,0.0009188814778124573
2016-04-23,0.001132958431818956,0.001132958431818956,0.0,0.0006797750590913735,0.001132958431818956,0.001132958431818956,0.001132958431818956
2016-04-24,0.002041431690114454,0.002041431690114454,0.0,0.0012248590140686725,0.002041431690114454,0.002041431690114454,0.002041431690114454
2016-04-25,-0.001242761108426138,-0.001242761108426138,-0.0013968197445815012,-0.0013043845628882833,-0.001242761108426138,-0.001242761108426138,-0.001242761108426138
2016-04-26,0.005861185278697365,0.005861185278697365,-0.0013788805262862913,0.002965158956703902,0.005861185278697365,0.005861185278697365,0.005861185278697365
2016-04-27,-0.0022417041806854407,-0.0022417041806854407,0.004280553064455905,0.00036719871737109786,-0.0022417041806854407,-0.0022417041806854407,-0.0022417041806854407
2016-04-28,-0.005312035195269164,-0.005312035195269164,0.004579040425400582,-0.0013556049470012654,-0.005312035195269164,-0.005312035195269164,-0.005312035195269164
2016-04-29,-0.0012771584111691424,-0.0012771584111691424,0.003661778741692212,0.0006984164499753996,-0.0012771584111691424,-0.0012771584111691424,-0.0012771584111691424
2016-04-30,-0.001655078642499635,-0.001655078642499635,0.0,-0.000993047185499781,-0.001655078642499635,-0.001655078642499635,0.0
2016-05-01,0.0008815684130398053,0.0008815684130398053,0.0,0.0005289410478238831,0.0008815684130398053,0.0008815684130398053,0.0008815684130398053
2016-05-02,0.00228111844124754,0.00228111844124754,-0.005005695187917908,-0.0006336070104186393,0.00228111844124754,0.00228111844124754,0.00228111844124754
2016-05-03,-0.008384345363829704,-0.008384345363829704,0.004793585016589413,-0.0031131732116620563,-0.008384345363829704,-0.008384345363829704,-0.008384345363829704
2016-05-04,-0.004353470140954576,-0.004353470140954576,0.0012347994455760847,-0.0021181623063423116,-0.004353470140954576,-0.004353470140954576,-0.004353470140954576
2016-05-05,-0.0002901321673077279,-0.0002901321673077279,0.003305467269152873,0.0011481076072765125,-0.0002901321673077279,-0.0002901321673077279,-0.0002901321673077279
2016-05-06,0.006527258583479973,0.006527258583479973,0.0009263977747895336,0.004286914260003797,0.006527258583479973,0.006527258583479973,0.006527258583479973
2016-05-07,-0.00025794872999149486,-0.00025794872999149486,0.0,-0.0001547692379948969,-0.00025794872999149486,-0.00025794872999149486,-0.00025794872999149486
2016-05-08,2.9062077573854198e-06,2.9062077573854198e-06,0.0,1.7437246544312518e-06,2.9062077573854198e-06,2.9062077573854198e-06,2.9062077573854198e-06
2016-05-09,-0.001871755498157558,-0.001871755498157558,-0.0031540535292391703,-0.002384674710590203,-0.001871755498157558,-0.001871755498157558,-0.001871755498157558
2016-05-10,0.007974426168777119,0.007974426168777119,0.0008626941229664398,0.005129733350452847,0.007974426168777119,0.007974426168777119,0.007974426168777119
2016-05-11,-0.003368173865102674,-0.003368173865102674,0.002924630174901549,-0.0008510522491009848,-0.003368173865102674,-0.003368173865102674,-0.003368173865102674
2016-05-12,0.0005132631239084992,0.0005132631239084992,-0.002855897339673452,-0.0008344010615242814,0.0005132631239084992,0.0005132631239084992,0.0005132631239084992
2016-05-13,-0.005593089538117941,-0.005593089538117941,0.0056369439298813995,-0.0011010761509182045,-0.005593089538117941,-0.005593089538117941,-0.005593089538117941
2016-05-14,2.3812614665293572e-07,2.3812614665293572e-07,0.0,1.4287568799176143e-07,2.3812614665293572e-07,2.3812614665293572e-07,2.3812614665293572e-07
2016-05-15,0.0004625664899796779,0.0004625664899796779,0.0,0.00027753989398780673,0.0004625664899796779,0.0004625664899796779,0.0004625664899796779
2016-05-16,0.008555970197702663,0.008555970197702663,-0.00297356341824484,0.003944156751323661,0.008555970197702663,0.008555970197702663,0.008555970197702663
2016-05-17,-0.005799122328312058,-0.005799122328312058,0.0009420225699096063,-0.0031026643690233923,-0.005799122328312058,-0.005799122328312058,-0.005799122328312058
2016-05-18,-0.002384257846979413,-0.002384257846979413,-0.008175860862318945,-0.004700899053115226,-0.002384257846979413,-0.002384257846979413,-0.002384257846979413
2016-05-19,-0.008063865049168414,-0.008063865049168414,0.0012594702532576496,-0.004334530928197989,-0.008063865049168414,-0.008063865049168414,-0.008063865049168414
2016-05-20,0.007716771518269722,0.007716771518269722,1.8231266480345232e-05,0.004637355417553971,0.007716771518269722,0.007716771518269722,0.007716771518269722
2016-05-21,0.00012850969360406813,0.00012850969360406813,0.0,7.710581616244087e-05,0.00012850969360406813,0.00012850969360406813,0.00012850969360406813
2016-05-22,-0.0009689869101381735,-0.0009689869101381735,0.0,-0.000581392146082904,-0.0009689869101381735,-0.0009689869101381735,-0.0009689869101381735
2016-05-23,-0.0004524647274806047,-0.0004524647274806047,-9.456813692418353e-05,-0.00030930609125803625,-0.0004524647274806047,-0.0004524647274806047,-0.0004524647274806047
2016-05-24,0.009963531299450552,0.009963531299450552,-0.005046711344096316,0.003959434242031804,0.009963531299450552,0.009963531299450552,0.009963531299450552
2016-05-25,0.007327697149145829,0.007327697149145829,-0.002446208050212728,0.003418135069402406,0.007327697149145829,0.007327697149145829,0.007327697149145829
2016-05-26,0.0011461255450783876,0.0011461255450783876,0.0008112668449959948,0.0010121820650454306,0.0011461255450783876,0.0011461255450783876,0.0008112668449959948
2016-05-27,0.00808901504129642,0.00808901504129642,-0.00148220688546577,0.004260526270591543,0.00808901504129642,0.00808901504129642,0.00808901504129642
2016-05-28,0.01327708361568626,0.01327708361568626,0.0,0.007966250169411755,0.01327708361568626,0.01327708361568626,0.0
2016-05-29,-0.000798054443219355,-0.000798054443219355,0.0,-0.00047883266593161297,-0.000798054443219355,-0.000798054443219355,-0.000798054443219355
2016-05-30,0.001611251395026282,0.001611251395026282,0.0,0.0009667508370157691,0.001611251395026282,0.001611251395026282,0.001611251395026282
2016-05-31,-0.0017771328336736818,-0.0017771328336736818,0.002348976291229432,-0.00012668918371243625,-0.0017771328336736818,-0.0017771328336736818,-0.0017771328336736818
2016-06-01,0.003312524357656474,0.003312524357656474,-0.0007375196476917811,0.0016925067555171721,0.003312524357656474,0.003312524357656474,0.003312524357656474
2016-06-02,0.002287040357747689,0.002287040357747689,0.002299144277807863,0.0022918819257717587,0.002287040357747689,0.002287040357747689,0.002287040357747689
2016-06-03,0.006413833851740386,0.006413833851740386,0.00887515826760149,0.007398363618084828,0.006413833851740386,0.006413833851740386,0.00887515826760149
2016-06-04,0.0006896731181753354,0.0006896731181753354,0.0,0.0004138038709052012,0.0006896731181753354,0.0006896731181753354,0.0006896731181753354
2016-06-05,0.0004365081521840391,0.0004365081521840391,0.0,0.00026190489131042345,0.0004365081521840391,0.0004365081521840391,0.0004365081521840391
2016-06-06,0.0077662910264410835,0.0077662910264410835,-0.002427125390749907,0.0036889244595646876,0.0077662910264410835,0.0077662910264410835,0.0077662910264410835
2016-06-07,0.0036171876028674565,0.0036171876028674565,0.0003453175495083949,0.0023084395815238315,0.0036171876028674565,0.0036171876028674565,0.0036171876028674565
2016-06-08,0.004914377533216132,0.004914377533216132,0.0046153994104160545,0.004794786284096101,0.004914377533216132,0.004914377533216132,0.004914377533216132
2016-06-09,-0.004561166725536377,-0.004561166725536377,0.004520646044443244,-0.0009284416175445284,-0.004561166725536377,-0.004561166725536377,-0.004561166725536377
2016-06-10,-0.010787353496461451,-0.010787353496461451,0.0047429042363503204,-0.004575250403336743,-0.010787353496461451,-0.010787353496461451,-0.010787353496461451
2016-06-11,0.005629348812207595,0.005629348812207595,0.0,0.0033776092873245567,0.005629348812207595,0.005629348812207595,0.005629348812207595
2016-06-12,0.012097150036603487,0.012097150036603487,0.0,0.007258290021962092,0.012097150036603487,0.012097150036603487,0.012097150036603487
2016-06-13,0.00030899844676532704,0.00030899844676532704,0.002842425448951885,0.0013223692476399503,0.00030899844676532704,0.00030899844676532704,0.00030899844676532704
2016-06-14,-0.00635985573409893,-0.00635985573409893,0.001547627302329796,-0.0031968625195274397,-0.00635985573409893,-0.00635985573409893,-0.00635985573409893
2016-06-15,0.0019944244110935306,0.0019944244110935306,0.002965402481001911,0.002382815639056883,0.0019944244110935306,0.0019944244110935306,0.0019944244110935306
2016-06-16,0.01057606907540418,0.01057606907540418,-0.0014505056507329028,0.0057654391849493464,0.01057606907540418,0.01057606907540418,0.01057606907540418
2016-06-17,-6.166739664315024e-05,-6.166739664315024e-05,-0.0003199577667095388,-0.00016498354466970566,-6.166739664315024e-05,-6.166739664315024e-05,-6.166739664315024e-05
2016-06-18,0.0010857265105286285,0.0010857265105286285,0.0,0.000651435906317177,0.0010857265105286285,0.0010857265105286285,0.0010857265105286285
2016-06-19,0.0011098983970139937,0.0011098983970139937,0.0,0.0006659390382083962,0.0011098983970139937,0.0011098983970139937,0.0
2016-06-20,0.003652515912598927,0.003652515912598927,-0.00667486838225792,-0.00047843780534381243,0.003652515912598927,0.003652515912598927,0.003652515912598927
2016-06-21,-0.00840240620690084,-0.00840240620690084,-0.0052888941687442015,-0.007157001391638183,-0.00840240620690084,-0.00840240620690084,-0.00840240620690084
2016-06-22,-0.01415052434756466,-0.01415052434756466,-9.669710776127882e-05,-0.008528993451643308,-0.01415052434756466,-0.01415052434756466,-0.01415052434756466
2016-06-23,0.016692578678433642,0.016692578678433642,-0.0068183052765667385,0.0072882250964334885,0.016692578678433642,0.016692578678433642,0.016692578678433642
2016-06-24,-0.021401496471061047,-0.02179630152732903,0.0289491355624375,-0.0014981266914224182,-0.02179630152732903,-0.02179630152732903,-0.02179630152732903
2016-06-25,-0.0006454198757592659,-2.939787434816685e-05,0.0,-1.763872460890011e-05,-2.939787434816685e-05,-2.8587175925164484e-05,-2.939787434816685e-05
2016-06-26,-0.00035714285714285714,-0.005973161222567611,0.0,-0.0035838967335405664,-0.005973161222567611,-0.005808007271544315,-0.005973161222567611
2016-06-27,0.01099862389332403,-0.00910668075532116,0.011870743920127547,-0.0007157108851416774,-0.00910668075532116,-0.008364539655514794,-0.00910668075532116
2016-06-28,-0.0019957981468517808,0.01488303414119796,-0.003407766447545729,0.0075667139057004834,-0.004407766447545729,0.013944494786209202,0.01488303414119796
2016-06-29,-0.001236582798332771,0.012260749222994138,-0.002701046677333535,0.0062760308628630685,0.011260749222994137,0.011053257495122435,0.012260749222994138
2016-06-30,0.004044440282021222,0.013723876021286071,0.0032315578907052833,0.009526948769053757,0.013723876021286071,0.012677178750147263,0.013723876021286071
2016-07-01,0.006934069928579927,0.0036748691918166987,0.007161445502636671,0.005069499716144688,0.0036748691918166987,0.004084273779315198,0.0036748691918166987
2016-07-02,0.00047650374945249017,0.004502631495400916,0.0,0.0027015788972405493,0.004502631495400916,0.00397375397844448,0.0
2016-07-03,-0.00036155889048344555,-0.0071112840401828465,0.0,-0.004266770424109708,-0.0071112840401828465,-0.006273999832968171,-0.0071112840401828465
2016-07-04,0.0005503097217155886,0.004216951246808209,0.0,0.0025301707480849256,0.004216951246808209,0.0036800853517039082,0.004216951246808209
2016-07-05,0.002243851436508965,-0.011536595184792171,0.008280763846664818,-0.0036096515722093747,-0.011536595184792171,-0.008992403032835493,-0.011536595184792171
2016-07-06,0.0022026948522281776,0.003728896626507747,0.001213547377467955,0.0027227569268918304,0.003728896626507747,0.003382559306457266,0.003728896626507747
2016-07-07,-0.004809997967238172,-0.011417535799430192,-0.0006844177503066984,-0.007124288579780794,-0.011417535799430192,-0.009974705662361244,-0.011417535799430192
2016-07-08,0.010773195189103834,0.016569897330443093,0.003929103226715469,0.011513579688952042,0.016569897330443093,0.014618002537077294,0.016569897330443093
2016-07-09,-0.0015126452879331042,-0.002594390431442359,0.0,-0.0015566342588654153,-0.002594390431442359,-0.0021303520366672034,0.0
2016-07-10,-0.0003013697649649189,-0.0002731071660122048,0.0,-0.0001638642996073229,-0.0002731071660122048,-0.00022387447814108463,-0.0002731071660122048
2016-07-11,0.0001647952366708311,0.004156390893576815,-0.005165982690151699,0.00042744146008540963,0.004156390893576815,0.002475069029137357,0.004156390893576815
2016-07-12,0.008605196482151125,0.012096847201881164,-0.009927368510874779,0.0032871609167787856,0.012096847201881164,0.008128819690416277,0.012096847201881164
2016-07-13,-0.004413303109625472,-0.004266477712800075,0.005290592524220178,-0.00044364961799197395,-0.004266477712800075,-0.0024691749571952915,-0.004266477712800075
2016-07-14,0.0016507546411832627,0.003084748097168571,-0.007207950368715771,-0.0010323312891851663,0.003084748097168571,0.0011386541040005506,0.003084748097168571
2016-07-15,-0.0006577305394478326,-3.327563080205801e-05,-0.0030622679069453596,-0.0012448725412593788,-3.327563080205801e-05,-0.0006066559818326754,-0.0030622679069453596
2016-07-16,-0.00042339300822924204,-0.00041679562760804027,0.0,-0.00025007737656482416,-0.00041679562760804027,-0.000340064856516534,-0.00041679562760804027
2016-07-17,0.0030161568913679502,0.0031431410183520767,0.0,0.001885884611011246,0.0031431410183520767,0.0025640028029116314,0.0031431410183520767
2016-07-18,0.0003091049222323752,0.0003091049222323752,0.0002927529632986148,0.000302564138658871,0.0003091049222323752,0.0003060892975705813,0.0003091049222323752
2016-07-19,-0.002746744564350867,-0.002746744564350867,0.003615993382997229,-0.00020164938541162854,-0.002746744564350867,-0.0016078405215308798,-0.002746744564350867
2016-07-20,0.0014006475188625472,0.0014006475188625472,-0.005256400613618206,-0.0012621717341297542,0.0014006475188625472,0.0002353539427025627,0.0014006475188625472
2016-07-21,-0.0032452167621003967,-0.0032452167621003967,0.004474336161120029,-0.00015739559281222602,-0.0032452167621003967,-0.0019072055126578642,-0.0032452167621003967
2016-07-22,0.0006883081766137192,0.0006883081766137192,-0.0003373142558226738,0.00027805920363916195,0.0006883081766137192,0.0005188479258826618,-0.0003373142558226738
2016-07-23,0.0008431306832337664,0.0008431306832337664,0.0,0.0005058784099402599,0.0008431306832337664,0.0007075789534976654,0.0008431306832337664
2016-07-24,0.0009710065631366325,0.0009710065631366325,0.0,0.0005826039378819795,0.0009710065631366325,0.0008150639350028712,0.0009710065631366325
2016-07-25,-0.005440830072285919,-0.005440830072285919,-0.0025187879325287987,-0.004272013216383071,-0.005440830072285919,-0.004973617641054025,-0.005440830072285919
2016-07-26,0.0004279390642517465,0.0004279390642517465,0.0013109101931476907,0.0007811275158101242,0.0004279390642517465,0.0005737844266079424,0.0004279390642517465
2016-07-27,-0.001227176177716813,-0.001227176177716813,0.007018196221170447,0.002070972781838091,-0.001227176177716813,6.259270924773735e-05,-0.001227176177716813
2016-07-28,0.0009672655057906759,0.0009672655057906759,-0.0011514429216631927,0.00011978213480912835,0.0009672655057906759,0.0006439503355369886,0.0009672655057906759
2016-07-29,0.00577718921208592,0.00577718921208592,0.0022244178371930157,0.004356080662128758,0.00577718921208592,0.005235019354041459,0.00577718921208592
2016-07-30,-0.00032894148401754444,-0.00032894148401754444,0.0,-0.00019736489041052664,-0.00032894148401754444,-0.0002798390683715441,-0.00032894148401754444
2016-07-31,-0.005150769831560227,-0.005150769831560227,0.0,-0.003090461898936136,-0.005150769831560227,-0.004480880563185572,-0.005150769831560227
2016-08-01,-0.008779741100285244,-0.008779741100285244,-0.0024039532433385025,-0.006229425957506548,-0.008779741100285244,-0.007922176766200799,-0.008779741100285244
2016-08-02,-0.01536926566697161,-0.01536926566697161,-0.002861930765121118,-0.010366331706231413,-0.01536926566697161,-0.01354133750177082,-0.01536926566697161
2016-08-03,0.008364974258309336,0.008364974258309336,0.0005127708703359934,0.0052240929031199985,0.008364974258309336,0.006983436131287004,0.008364974258309336
2016-08-04,0.0033689600711914983,0.0033689600711914983,0.0033083882525732355,0.0033447313437441934,0.0033689600711914983,0.0033579352439569365,0.0033689600711914983
2016-08-05,0.005010331709924721,0.005010331709924721,-0.00730671075411754,8.351472430781623e-05,0.005010331709924721,0.002761719891045006,0.005010331709924721
2016-08-06,0.0024606825908741006,0.0024606825908741006,0.0,0.0014764095545244603,0.0024606825908741006,0.002015432094604465,0.0024606825908741006
2016-08-07,0.0009285416486027506,0.0009285416486027506,0.0,0.0005571249891616504,0.0009285416486027506,0.0007601484913268231,0.0009285416486027506
2016-08-08,0.0019762948020672416,0.0019762948020672416,0.00032226204229388045,0.0013146816981578972,0.0019762948020672416,0.0016763108310640926,0.0019762948020672416
2016-08-09,0.0004225691631378512,0.0004225691631378512,0.0038714578166837155,0.001802124624556197,0.0004225691631378512,0.0010285133648878235,0.0004225691631378512
2016-08-10,-0.0028068204292429127,-0.0028068204292429127,0.001499636981910718,-0.0010842374647814603,-0.0028068204292429127,-0.002055129746605731,-0.0028068204292429127
2016-08-11,0.0038521084485253734,0.0038521084485253734,-0.004452236930762327,0.000530370296810293,0.0038521084485253734,0.0024127066957413935,0.0038521084485253734
2016-08-12,0.001445249246815809,0.001445249246815809,0.0020665317186848997,0.0016937622355634452,0.001445249246815809,0.0015520644982910277,0.001445249246815809
2016-08-13,-0.00037273008239709543,-0.00037273008239709543,0.0,-0.00022363804943825724,-0.00037273008239709543,-0.00031427542719595134,0.0
2016-08-14,-0.002867960619010882,-0.002867960619010882,0.0,-0.0017207763714065293,-0.002867960619010882,-0.0024268037741113522,-0.002867960619010882
2016-08-15,0.004309746839275961,0.004309746839275961,-0.002630379151817991,0.0015336964428383803,0.004309746839275961,0.0033525861013417473,0.004309746839275961
2016-08-16,-0.000512472615819437,-0.000512472615819437,-0.0020844209097442,-0.0011412519333893424,-0.000512472615819437,-0.0007325003633461794,-0.000512472615819437
2016-08-17,0.0004635920133156699,0.0004635920133156699,0.0021642887340243,0.001143870701599122,0.0004635920133156699,0.0006916540976215938,0.0004635920133156699
2016-08-18,0.005159459714418187,0.005159459714418187,0.00019212840564275524,0.0031725271909080143,0.005159459714418187,0.004494923091680779,0.00019212840564275524
2016-08-19,-0.0027628434297203176,-0.0027628434297203176,-0.003437763337550498,-0.0030328113928523898,-0.0027628434297203176,-0.0028457743968834464,-0.0027628434297203176
2016-08-20,0.0011710872435609027,0.0011710872435609027,0.0,0.0007026523461365416,0.0011710872435609027,0.001025687156288539,0.0011710872435609027
2016-08-21,-7.431094263256178e-05,-7.431094263256178e-05,0.0,-4.4586565579537065e-05,-7.431094263256178e-05,-6.508319885444689e-05,-7.431094263256178e-05
2016-08-22,-0.0002171083213233782,-0.0002171083213233782,0.002603389231635972,0.0009110906998603619,-0.0002171083213233782,0.00013292948979569963,-0.0002171083213233782
2016-08-23,0.0023276500278537338,0.0023276500278537338,2.247940242283697e-06,0.0013974891928091536,0.0023276500278537338,0.0020426639514168478,0.0023276500278537338
2016-08-24,-0.005330319622910085,-0.005330319622910085,-0.002740768756048173,-0.00429449927616532,-0.005330319622910085,-0.005038923478889476,-0.005330319622910085
2016-08-25,-0.0003089167072668733,-0.0003089167072668733,-0.0015675787274135877,-0.0008123815153255591,-0.0003089167072668733,-0.00041690770122113937,-0.0003089167072668733
2016-08-26,-0.002424647521000788,-0.002424647521000788,-0.0009360161195417771,-0.0018291949604171836,-0.002424647521000788,-0.002362653599026678,-0.002424647521000788
2016-08-27,-0.0018601191781949275,-0.0018601191781949275,0.0,-0.0011160715069169565,-0.0018601191781949275,-0.0018601191781949275,-0.0018601191781949275
2016-08-28,0.0007729696642068992,0.0007729696642068992,0.0,0.0004637817985241395,0.0007729696642068992,0.0007729696642068992,0.0007729696642068992
2016-08-29,0.0030582790977726143,0.0030582790977726143,0.005073220868243411,0.003864255805960933,0.0030582790977726143,0.0030582790977726143,0.0030582790977726143
2016-08-30,-0.0014764787791334462,-0.0014764787791334462,-0.0021832854406744207,-0.001759201443749836,-0.0014764787791334462,-0.0014764787791334462,-0.0014764787791334462
2016-08-31,-0.005440797991396986,-0.005440797991396986,-0.0005330393678666945,-0.0034776945419848697,-0.005440797991396986,-0.005440797991396986,-0.005440797991396986
2016-09-01,-0.001312295459767718,-0.001312295459767718,0.0007831416750895825,-0.00047412060582479774,-0.001312295459767718,-0.001312295459767718,-0.001312295459767718
2016-09-02,0.007314562101393547,0.007314562101393547,0.0004727401765648731,0.004577833331462077,0.007314562101393547,0.007314562101393547,0.007314562101393547
2016-09-03,0.004377551996973317,0.004377551996973317,0.0,0.00262653119818399,0.004377551996973317,0.004377551996973317,0.004377551996973317
2016-09-04,0.0019357681268251535,0.0019357681268251535,0.0,0.001161460876095092,0.0019357681268251535,0.0019357681268251535,0.0019357681268251535
2016-09-05,-0.0003731389391776258,-0.0003731389391776258,0.0,-0.00022388336350657548,-0.0003731389391776258,-0.0003731389391776258,-0.0003731389391776258
2016-09-06,0.005889125616939106,0.005889125616939106,0.004289714651333015,0.005249361230696669,0.005889125616939106,0.005889125616939106,0.005889125616939106
2016-09-07,0.00385036716799731,0.00385036716799731,-0.0004915219972322082,0.0021136115019055025,0.00385036716799731,0.00385036716799731,0.00385036716799731
2016-09-08,0.003384344199483105,0.003384344199483105,-0.005381697038972788,-0.00012207229589925213,0.003384344199483105,0.003384344199483105,0.003384344199483105
2016-09-09,-0.021126411377084858,-0.021126411377084858,-0.006240275675978735,-0.01517195709664241,-0.021126411377084858,-0.021126411377084858,-0.021126411377084858
2016-09-10,0.00011558655139151972,0.00011558655139151972,0.0,6.935193083491183e-05,0.00011558655139151972,0.00011558655139151972,0.00011558655139151972
2016-09-11,-0.001513815426860222,-0.0029920228856734742,0.0,-0.0017952137314040844,-0.0029920228856734742,-0.0029920228856734742,-0.0029920228856734742
2016-09-12,0.0035917674107608538,0.008742749990945622,-0.0003670865799051959,0.005098815362605294,0.008742749990945622,0.008742749990945622,-0.0003670865799051959
2016-09-13,-0.012076603009370747,-0.014185308396697861,-0.004404763919174742,-0.010273090605688612,-0.014185308396697861,-0.014185308396697861,-0.014185308396697861
2016-09-14,0.0002949286794078071,-0.0011894880921362841,0.0011852829494016504,-0.0002395796755211103,-0.0011894880921362841,-0.0011894880921362841,-0.0011894880921362841
2016-09-15,-0.002399496364618224,0.006827157935380172,-0.0027187796001553466,0.0030087829211659645,0.006827157935380172,0.006827157935380172,0.006827157935380172
2016-09-16,0.0024018256283019155,-0.0028012341574681723,0.0037020077073340596,-0.0001999374115472794,-0.0028012341574681723,-0.0028012341574681723,-0.0028012341574681723
2016-09-17,-9.73260525643447e-05,-0.00018104660984859708,0.0,-0.00010862796590915824,-0.00018104660984859708,-0.00018104660984859708,-0.00018104660984859708
2016-09-18,3.093480108025759e-05,0.0007132594978704147,0.0,0.0004279556987222488,0.0007132594978704147,0.0007132594978704147,0.0007132594978704147
2016-09-19,-0.00028576882128023327,0.00160216766034534,-0.0013281724306046239,0.0004300316239653545,0.00160216766034534,0.00160216766034534,0.00160216766034534
2016-09-20,0.00019465394640123693,-0.0003415303385653336,0.0019012103489240428,0.0005555659364304171,-0.0003415303385653336,-0.0003415303385653336,0.0019012103489240428
2016-09-21,0.008873223177724949,0.009244481978675187,0.004965873058945164,0.007533038410783177,0.009244481978675187,0.009244481978675187,0.009244481978675187
2016-09-22,0.006863104171763555,0.006871040679700063,0.0030142559949156433,0.005328326805786295,0.006871040679700063,0.006871040679700063,0.006871040679700063
2016-09-23,-0.0042314094430823245,-0.0042314094430823245,0.00013287980465384597,-0.0024856937439878563,-0.0042314094430823245,-0.0042314094430823245,-0.0042314094430823245
2016-09-24,-3.999205018789809e-05,-3.999205018789809e-05,0.0,-2.399523011273885e-05,-3.999205018789809e-05,-3.999205018789809e-05,-3.999205018789809e-05
2016-09-25,-0.0003316990445447014,-0.0003316990445447014,0.0,-0.00019901942672682083,-0.0003316990445447014,-0.0003316990445447014,0.0
2016-09-26,-0.0020965369829497225,-0.0020965369829497225,0.001603934813633634,-0.0006163482643163797,-0.0020965369829497225,-0.0020965369829497225,-0.0020965369829497225
2016-09-27,-0.0005538570365512222,-0.0005538570365512222,0.0006383267622827593,-7.698351701762953e-05,-0.0005538570365512222,-0.0005538570365512222,0.0006383267622827593
2016-09-28,0.010431463612931433,0.010431463612931433,-0.0012391969915177825,0.005763199371151747,0.010431463612931433,0.010431463612931433,0.010431463612931433
2016-09-29,-0.005638716080496795,-0.005638716080496795,0.0006940094770177818,-0.003105625857490964,-0.005638716080496795,-0.005638716080496795,-0.005638716080496795
2016-09-30,0.005625126237678696,0.005625126237678696,-0.0038121988733196277,0.0018501961932793666,0.005625126237678696,0.005625126237678696,0.005625126237678696
2016-10-01,0.0007741042223076021,0.0007741042223076021,0.0,0.00046446253338456125,0.0007741042223076021,0.0007741042223076021,0.0007741042223076021
2016-10-02,-0.000559360859582636,-0.000559360859582636,0.0,-0.0003356165157495816,-0.000559360859582636,-0.000559360859582636,-0.000559360859582636
2016-10-03,-0.0020415380560280744,-0.0020415380560280744,-0.0015372301001041755,-0.0018398148736585148,-0.0020415380560280744,-0.0020415380560280744,-0.0020415380560280744
2016-10-04,-0.004593099893533181,-0.004593099893533181,-0.011633385447966882,-0.0074092141153066626,-0.004593099893533181,-0.004593099893533181,-0.004593099893533181
2016-10-05,0.002540510561950926,0.002540510561950926,-0.001818708846038214,0.00079682279875527,0.002540510561950926,0.002540510561950926,-0.001818708846038214
2016-10-06,-0.00017119022432085827,-0.00017119022432085827,-0.0029241935376588257,-0.0012723915496560452,-0.00017119022432085827,-0.00017119022432085827,-0.00017119022432085827
2016-10-07,-0.0024581713701935146,-0.0024581713701935146,0.00029739958142391276,-0.0013559429895465436,-0.0024581713701935146,-0.0024581713701935146,-0.0024581713701935146
2016-10-08,0.00035775436852094857,0.00035775436852094857,0.0,0.00021465262111256914,0.00035775436852094857,0.00035775436852094857,0.00035775436852094857
2016-10-09,-0.00042282286071759767,-0.00042282286071759767,0.0,-0.0002536937164305586,-0.00042282286071759767,-0.00042282286071759767,0.0
2016-10-10,0.007019003096638239,0.007019003096638239,-0.0002516324592184427,0.0041107488742955665,0.007019003096638239,0.007019003096638239,0.007019003096638239
2016-10-11,-0.0056206107195548366,-0.0056206107195548366,-4.993094369631912e-06,-0.0033743636694807547,-0.0056206107195548366,-0.0056206107195548366,-0.0056206107195548366
2016-10-12,-0.00113026818007447,-0.00113026818007447,0.0013351303508661316,-0.0001441087676982292,-0.00113026818007447,-0.00113026818007447,0.0013351303508661316
2016-10-13,-0.0010091122840503299,-0.0010091122840503299,0.0011782097443677197,-0.00013418347268310995,-0.0010091122840503299,-0.0010091122840503299,-0.0010091122840503299
2016-10-14,-0.0005088012894697291,-0.0005088012894697291,-0.00437916082907322,-0.0020569451053111254,-0.0005088012894697291,-0.0005088012894697291,-0.0005088012894697291
2016-10-15,-0.0003005160240424261,-0.0003005160240424261,0.0,-0.00018030961442545566,-0.0003005160240424261,-0.0003005160240424261,-0.0003005160240424261
2016-10-16,0.0005193253243441899,0.0005193253243441899,0.0,0.0003115951946065139,0.0005193253243441899,0.0005193253243441899,0.0005193253243441899
2016-10-17,-0.0017230857327205085,-0.0017230857327205085,0.0022189110208929996,-0.00014628703127510516,-0.0017230857327205085,-0.0017230857327205085,-0.0017230857327205085
2016-10-18,0.004582807878772349,0.004582807878772349,0.0030532710961952425,0.003970993165741506,0.004582807878772349,0.004582807878772349,0.004582807878772349
2016-10-19,0.002307390788053396,0.002307390788053396,0.0018512981127665196,0.0021249537179386453,0.002307390788053396,0.002307390788053396,0.002307390788053396
2016-10-20,-0.001824004612040316,-0.001824004612040316,6.313127824356113e-05,-0.001069150255926765,-0.001824004612040316,-0.001824004612040316,-0.001824004612040316
2016-10-21,-0.0001863369599497153,-0.0001863369599497153,0.0017185233998432414,0.0005756071839674675,-0.0001863369599497153,-0.0001863369599497153,-0.0001863369599497153
2016-10-22,0.004295708804973344,0.004295708804973344,0.0,0.002577425282984006,0.004295708804973344,0.004295708804973344,0.004295708804973344
2016-10-23,-3.770044028728048e-05,-3.770044028728048e-05,0.0,-2.2620264172368287e-05,-3.770044028728048e-05,-3.770044028728048e-05,-3.770044028728048e-05
2016-10-24,0.001928726058686017,0.001928726058686017,-0.0016907337719491156,0.0004809421264319638,0.001928726058686017,0.001928726058686017,0.001928726058686017
2016-10-25,-0.0021954949907421195,-0.0021954949907421195,0.002402967046904958,-0.0003561101756832884,-0.0021954949907421195,-0.0021954949907421195,-0.0021954949907421195
2016-10-26,-0.0010000494259307564,-0.0010000494259307564,-0.0037307330010818707,-0.002092322855991202,-0.0010000494259307564,-0.0010000494259307564,-0.0037307330010818707
2016-10-27,-0.003235818342725066,-0.003235818342725066,-0.0026392732642199768,-0.00299720031132303,-0.003235818342725066,-0.003235818342725066,-0.003235818342725066
2016-10-28,-0.0019269310973965374,-0.0019269310973965374,-0.0007986400036468777,-0.0014756146598966736,-0.0019269310973965374,-0.0019269310973965374,-0.0019269310973965374
2016-10-29,0.00400009133356025,0.00400009133356025,0.0,0.0024000548001361496,0.00400009133356025,0.00400009133356025,0.00400009133356025
2016-10-30,-0.001961800940173101,-0.001961800940173101,0.0,-0.0011770805641038605,-0.001961800940173101,-0.001961800940173101,-0.001961800940173101
2016-10-31,-0.0005981019301826521,-0.0005981019301826521,0.002576223665311461,0.0006716283080149934,-0.0005981019301826521,-0.0005981019301826521,-0.0005981019301826521
2016-11-01,-0.0007953209204818087,-0.0007953209204818087,0.00036954559140217613,-0.00032937431572821474,-0.0007953209204818087,-0.0007953209204818087,-0.0007953209204818087
2016-11-02,-0.006232118901648456,-0.006232118901648456,0.0028023562219320064,-0.0026183288522162703,0.0018023562219320064,-0.006232118901648456,-0.006232118901648456
2016-11-03,-0.010864191894408534,-0.010864191894408534,-0.0014377679585615422,-0.007093622320069737,-0.0014377679585615422,-0.010864191894408534,-0.010864191894408534
2016-11-04,0.0010049205515959558,0.0010049205515959558,0.00249645661696124,0.0016015349777420695,0.00249645661696124,0.0010049205515959558,0.0010049205515959558
2016-11-05,2.89210161936726e-05,2.89210161936726e-05,0.0,1.735260971620356e-05,0.0,2.89210161936726e-05,2.89210161936726e-05
2016-11-06,0.0012800895892065938,0.0012800895892065938,0.0,0.0007680537535239562,0.0,0.0012800895892065938,0.0012800895892065938
2016-11-07,0.01282145464929332,0.01282145464929332,-0.00557305551233897,0.0054636505846404025,-0.00557305551233897,0.01282145464929332,0.01282145464929332
2016-11-08,0.003463899414365929,0.003463899414365929,-0.0022517466747909998,0.0011776409787031573,0.002463899414365929,0.003463899414365929,0.003463899414365929
2016-11-09,0.007966691414747781,0.007966691414747781,-0.013001103336661046,-0.00042042648581575026,0.007966691414747781,0.007966691414747781,0.007966691414747781
2016-11-10,-0.0035259412969507434,-0.0035259412969507434,-0.008429778208877525,-0.005487476061721456,-0.0035259412969507434,-0.0035259412969507434,-0.0035259412969507434
2016-11-11,-0.0016718893408278108,-0.0016718893408278108,-0.00705876468839528,-0.003826639479854799,-0.0016718893408278108,-0.0016718893408278108,-0.0016718893408278108
2016-11-12,-0.001761402704843139,-0.001761402704843139,0.0,-0.0010568416229058833,-0.001761402704843139,-0.001761402704843139,0.0
2016-11-13,-0.0004764032549781823,-0.0004764032549781823,0.0,-0.0002858419529869094,-0.0004764032549781823,-0.0004764032549781823,-0.0004764032549781823
2016-11-14,0.003419670714587523,0.003419670714587523,-0.0026135496857231932,0.0010063825544632363,0.003419670714587523,0.003419670714587523,-0.0026135496857231932
2016-11-15,0.008962004167300456,0.008962004167300456,0.0037981536745754774,0.006896463970210464,0.008962004167300456,0.008962004167300456,0.008962004167300456
2016-11-16,0.001904935824304177,0.001904935824304177,0.002419483211896528,0.0021107547793411175,0.001904935824304177,0.001904935824304177,0.001904935824304177
2016-11-17,0.0007469139868319837,0.0007469139868319837,-0.004620316339083996,-0.0013999781435344084,0.0007469139868319837,0.0007469139868319837,0.0007469139868319837
2016-11-18,0.0019989143564915646,0.0019989143564915646,-0.003161918690329363,-6.541886223680629e-05,0.0019989143564915646,0.0019989143564915646,0.0019989143564915646
2016-11-19,4.583773472590893e-06,4.583773472590893e-06,0.0,2.750264083554536e-06,4.583773472590893e-06,4.583773472590893e-06,4.583773472590893e-06
2016-11-20,-0.0030438158275012395,-0.0030438158275012395,0.0,-0.0018262894965007436,-0.0030438158275012395,-0.0030438158275012395,-0.0030438158275012395
2016-11-21,0.010117888858412102,0.010117888858412102,0.0008124065675107761,0.006395695942051571,0.010117888858412102,0.010117888858412102,0.010117888858412102
2016-11-22,0.005401040386289326,0.005401040386289326,0.0004507170419343065,0.003420911048547318,0.005401040386289326,0.005401040386289326,0.005401040386289326
2016-11-23,-0.0006546739425376843,-0.0006546739425376843,-0.00529206956477829,-0.002509632191433927,-0.0006546739425376843,-0.0006546739425376843,-0.0006546739425376843
2016-11-24,-0.0006424071685983998,-0.0006424071685983998,0.0,-0.00038544430115903985,-0.0006424071685983998,-0.0006424071685983998,-0.0006424071685983998
2016-11-25,0.0009584377843778253,0.0009584377843778253,-0.0017283656034683126,-0.00011628357076062996,0.0009584377843778253,0.0009584377843778253,0.0009584377843778253
2016-11-26,-0.0009388939578994412,-0.0009388939578994412,0.0,-0.0005633363747396646,-0.0009388939578994412,-0.0009388939578994412,-0.0009388939578994412
2016-11-27,-0.0005057153684546981,-0.0005057153684546981,0.0,-0.0003034292210728188,-0.0005057153684546981,-0.0005057153684546981,-0.0005057153684546981
2016-11-28,-0.00288996341511458,-0.00288996341511458,0.0049551682719978785,0.00024808925973040337,-0.00288996341511458,-0.00288996341511458,-0.00288996341511458
2016-11-29,-0.0012960128426274314,-0.0012960128426274314,-0.000430203986345995,-0.0009496893001148569,-0.0012960128426274314,-0.0012960128426274314,-0.0012960128426274314
2016-11-30,0.007012659645822218,0.007012659645822218,-0.0077393216970452205,0.0011118671086752423,0.007012659645822218,0.007012659645822218,0.007012659645822218
2016-12-01,-0.0009641935654441812,-0.0009641935654441812,-0.0053964983357613905,-0.002737115473571065,-0.0009641935654441812,-0.0009641935654441812,-0.0009641935654441812
2016-12-02,0.00582572545143815,0.00582572545143815,0.0037242449030128744,0.00498513323206804,0.00582572545143815,0.00582572545143815,0.00582572545143815
2016-12-03,-0.0009696414443251719,-0.0009696414443251719,0.0,-0.0005817848665951031,-0.0009696414443251719,-0.0009696414443251719,-0.0009696414443251719
2016-12-04,0.0003914733782800865,0.0003914733782800865,0.0,0.00023488402696805188,0.0003914733782800865,0.0003914733782800865,0.0003914733782800865
2016-12-05,0.004729884224306252,0.004729884224306252,-0.003335911882592496,0.0015035657815467523,0.004729884224306252,0.004729884224306252,0.004729884224306252
2016-12-06,0.003400804034261906,0.003400804034261906,0.0006263462055471625,0.0022910209027760084,0.003400804034261906,0.003400804034261906,0.003400804034261906
2016-12-07,0.008417070747381579,0.008417070747381579,0.003095399628343515,0.0062884022997663535,0.008417070747381579,0.008417070747381579,0.008417070747381579
2016-12-08,0.004091886420772283,0.004091886420772283,-0.00225722077679566,0.0015522435417451056,0.004091886420772283,0.004091886420772283,0.004091886420772283
2016-12-09,0.003323027398090218,0.003323027398090218,-0.005962959666576645,-0.0003913674277765274,0.003323027398090218,0.003323027398090218,0.003323027398090218
2016-12-10,0.00026685536883929036,0.00026685536883929036,0.0,0.0001601132213035742,0.00026685536883929036,0.00026685536883929036,0.00026685536883929036
2016-12-11,-0.0007055524993549259,-0.0007055524993549259,0.0,-0.00042333149961295554,-0.0007055524993549259,-0.0007055524993549259,-0.0007055524993549259
2016-12-12,0.0011692602184329868,0.0011692602184329868,3.7805728373585534e-05,0.0007166784224092263,0.0011692602184329868,0.0011692602184329868,0.0011692602184329868
2016-12-13,0.00490089057819164,0.00490089057819164,0.0004879714374654287,0.0031357229219011553,0.00490089057819164,0.00490089057819164,0.00490089057819164
2016-12-14,-0.009754870918404669,-0.009754870918404669,-0.006145180468445366,-0.008310994738420948,-0.009754870918404669,-0.009754870918404669,-0.009754870918404669
2016-12-15,0.00018670400787116717,0.00018670400787116717,-0.00010926811555542204,6.831515850053146e-05,0.00018670400787116717,0.00018670400787116717,0.00018670400787116717
2016-12-16,0.003071475637662734,0.003071475637662734,0.0005487275031507144,0.002062376383857926,0.003071475637662734,0.003071475637662734,0.003071475637662734
2016-12-17,0.0008383154809616686,0.0008383154809616686,0.0,0.0005029892885770011,0.0008383154809616686,0.0008383154809616686,0.0008383154809616686
2016-12-18,-4.200236616188254e-05,-4.200236616188254e-05,0.0,-2.5201419697129523e-05,-4.200236616188254e-05,-4.200236616188254e-05,-4.200236616188254e-05
2016-12-19,0.0016088403878087793,0.0016088403878087793,0.005849068622092113,0.0033049316815221127,0.0016088403878087793,0.0016088403878087793,0.0016088403878087793
2016-12-20,0.003828088635537753,0.003828088635537753,-0.0031467192783588005,0.0010381654699791313,0.003828088635537753,0.003828088635537753,0.003828088635537753
2016-12-21,0.0013979282655731797,0.0013979282655731797,0.0009025665565959018,0.0011997835819822686,0.0013979282655731797,0.0013979282655731797,0.0013979282655731797
2016-12-22,0.002439536177078828,0.002439536177078828,-0.00087611710872601,0.0011132748627568929,0.002439536177078828,0.002439536177078828,0.002439536177078828
2016-12-23,0.00890284435652882,0.00890284435652882,0.001352435009111641,0.005882680617561948,0.00890284435652882,0.00890284435652882,0.00890284435652882
2016-12-24,-0.002791321888918002,-0.002791321888918002,0.0,-0.001674793133350801,-0.002791321888918002,-0.002791321888918002,0.0
2016-12-25,-0.0003262341675928217,-0.0003262341675928217,0.0,-0.000195740500555693,-0.0003262341675928217,-0.0003262341675928217,-0.0003262341675928217
2016-12-26,0.0014167496004731353,0.0014167496004731353,0.0,0.0008500497602838812,0.0014167496004731353,0.0014167496004731353,0.0014167496004731353
2016-12-27,0.00654188411432456,0.00654188411432456,0.00019999657781122337,0.004005129099719225,0.00654188411432456,0.00654188411432456,0.00019999657781122337
2016-12-28,-6.558304947723581e-05,-6.558304947723581e-05,0.004090454929545184,0.0015968321421317322,-6.558304947723581e-05,-6.558304947723581e-05,-6.558304947723581e-05
2016-12-29,0.00121208205763717,0.00121208205763717,0.003532711041084796,0.0021403336510162204,0.00121208205763717,0.00121208205763717,0.003532711041084796
2016-12-30,-0.0016960346150396185,-0.0016960346150396185,-0.0011750629008538405,-0.0014876459293653073,-0.0016960346150396185,-0.0016960346150396185,-0.0016960346150396185
2016-12-31,0.00028955771910384637,0.00028955771910384637,0.0,0.0001737346314623078,0.00028955771910384637,0.00028955771910384637,0.00028955771910384637
2017-01-01,0.0039870048265886965,0.0039870048265886965,0.0,0.002392202895953218,0.0039870048265886965,0.0039870048265886965,0.0039870048265886965
2017-01-02,0.0026071433547346767,0.0026071433547346767,0.0,0.001564286012840806,0.0026071433547346767,0.0026071433547346767,0.0
2017-01-03,0.005775835513449056,0.005775835513449056,0.005179939434816122,0.005537477081995882,0.005775835513449056,0.005775835513449056,0.005775835513449056
2017-01-04,0.018426483141848964,0.018426483141848964,0.00025756484603381424,0.011158915823522903,0.018426483141848964,0.018426483141848964,0.018426483141848964
2017-01-05,-0.01275424812007849,-0.01275424812007849,0.006771282053826572,-0.004944036050516465,-0.01275424812007849,-0.01275424812007849,0.006771282053826572
2017-01-06,-0.011625684814594004,-0.011625684814594004,-0.003463535762117692,-0.00836082519360348,-0.011625684814594004,-0.011625684814594004,-0.011625684814594004
2017-01-07,0.0007862294892148933,0.0007862294892148933,0.0,0.00047173769352893595,0.0007862294892148933,0.0007862294892148933,0.0007862294892148933
2017-01-08,0.00031966098365463245,0.00031966098365463245,0.0,0.00019179659019277946,0.00031966098365463245,0.00031966098365463245,0.00031966098365463245
2017-01-09,-0.006218050132932109,-0.006218050132932109,0.004353495436850291,-0.001989431905019149,-0.006218050132932109,-0.006218050132932109,-0.006218050132932109
2017-01-10,-0.0005291228786964666,-0.0005291228786964666,0.0008773980858718944,3.34855071308778e-05,-0.0005291228786964666,-0.0005291228786964666,-0.0005291228786964666
2017-01-11,-0.012778677040968935,-0.012778677040968935,0.001330421849552177,-0.00713503748476049,-0.012778677040968935,-0.012778677040968935,0.001330421849552177
2017-01-12,0.004466471251925995,0.004466471251925995,-0.00045822726411912096,0.0024965918455079486,0.004466471251925995,0.004466471251925995,0.004466471251925995
2017-01-13,0.00379746031987116,0.00379746031987116,-0.0013618698861343759,0.0017337282374689455,0.00379746031987116,0.00379746031987116,0.00379746031987116
2017-01-14,-0.0007513659144596044,-0.0007513659144596044,0.0,-0.00045081954867576263,-0.0007513659144596044,-0.0007513659144596044,0.0
2017-01-15,0.00045969598314905054,0.00045969598314905054,0.0,0.0002758175898894303,0.00045969598314905054,0.00045969598314905054,0.00045969598314905054
2017-01-16,0.0013163579887023819,0.0013163579887023819,0.0,0.0007898147932214291,0.0013163579887023819,0.0013163579887023819,0.0013163579887023819
2017-01-17,0.009043297824290265,0.009043297824290265,0.0051704830230398235,0.007494171903790089,0.009043297824290265,0.009043297824290265,0.009043297824290265
2017-01-18,-0.003136890769264353,-0.003136890769264353,-0.0047719840727220575,-0.0037909280906474347,-0.003136890769264353,-0.003136890769264353,-0.003136890769264353
2017-01-19,-0.0021884552679948266,-0.0021884552679948266,-0.0032655432350606195,-0.0026192904548211437,-0.0021884552679948266,-0.0021884552679948266,-0.0021884552679948266
2017-01-20,0.003866348916192012,0.003866348916192012,-0.0006313510311661552,0.0020672689372487453,0.003866348916192012,0.003866348916192012,0.003866348916192012
2017-01-21,0.003322436127750011,0.003322436127750011,0.0,0.0019934616766500066,0.003322436127750011,0.003322436127750011,0.003322436127750011
2017-01-22,0.0003476298279620544,0.0003476298279620544,0.0,0.00020857789677723262,0.0003476298279620544,0.0003476298279620544,0.0003476298279620544
2017-01-23,-0.0010631307579736576,-0.0010631307579736576,0.004076320812762851,0.0009926498703209463,-0.0010631307579736576,-0.0010631307579736576,-0.0010631307579736576
2017-01-24,0.0015511031390543525,0.0015511031390543525,-0.0036880536328035285,-0.0005445595696888001,0.0015511031390543525,0.0015511031390543525,0.0015511031390543525
2017-01-25,0.004536759140561409,0.004536759140561409,-0.007305458169950457,-0.00020012778364333775,0.004536759140561409,0.004536759140561409,0.004536759140561409
2017-01-26,0.001456348833773534,0.001456348833773534,0.0005056558559645985,0.0010760716426499598,0.001456348833773534,0.001456348833773534,0.001456348833773534
2017-01-27,-0.0034144841100621276,-0.0034144841100621276,0.0018163177848915524,-0.0013221633520806558,-0.0034144841100621276,-0.0034144841100621276,-0.0034144841100621276
2017-01-28,0.00022228586940517856,0.00022228586940517856,0.0,0.00013337152164310712,0.00022228586940517856,0.00022228586940517856,0.00022228586940517856
2017-01-29,-0.0002524688750190999,-0.0002524688750190999,0.0,-0.00015148132501145996,-0.0002524688750190999,-0.0002524688750190999,0.0
2017-01-30,-0.007220616856487573,-0.007220616856487573,-0.0002474333691534769,-0.004431343461553934,-0.007220616856487573,-0.007220616856487573,-0.007220616856487573
2017-01-31,0.008237814861009211,0.008237814861009211,0.0040413512559175635,0.006559229418972552,0.008237814861009211,0.008237814861009211,0.008237814861009211
2017-02-01,0.002365287200067037,0.002365287200067037,-0.0025878593071758105,0.00038402859716989797,0.002365287200067037,0.002365287200067037,0.002365287200067037
2017-02-02,0.0042648166544570305,0.0042648166544570305,0.0017679232599266959,0.003266059296644897,0.0042648166544570305,0.0042648166544570305,0.0017679232599266959
2017-02-03,0.0067161919727482845,0.0067161919727482845,0.0006148233134846137,0.004275644509042816,0.0067161919727482845,0.0067161919727482845,0.0067161919727482845
2017-02-04,0.0014014158522239256,0.0014014158522239256,0.0,0.0008408495113343553,0.0014014158522239256,0.0014014158522239256,0.0014014158522239256
2017-02-05,-0.0016577767368227939,-0.0016577767368227939,0.0,-0.0009946660420936764,-0.0016577767368227939,-0.0016577767368227939,0.0
2017-02-06,-0.0023522718859683403,-0.0023522718859683403,0.006279105498447901,0.0011002790677981562,-0.0023522718859683403,-0.0023522718859683403,-0.0023522718859683403
2017-02-07,-0.00016252930951740939,-0.00016252930951740939,0.003038545747635346,0.0011179007133436927,-0.00016252930951740939,-0.00016252930951740939,0.003038545747635346
2017-02-08,0.0020631841884609526,0.0020631841884609526,0.005683084438166924,0.0035111442883433413,0.0020631841884609526,0.0020631841884609526,0.0020631841884609526
2017-02-09,-0.002005683189867244,-0.002005683189867244,-0.005308974906779146,-0.003326999876632005,-0.002005683189867244,-0.002005683189867244,-0.002005683189867244
2017-02-10,0.004088965169696035,0.004088965169696035,0.0006381659656680971,0.00270864548808486,0.004088965169696035,0.004088965169696035,0.004088965169696035
2017-02-11,0.0017729696315312725,0.0017729696315312725,0.0,0.0010637817789187634,0.0017729696315312725,0.0017729696315312725,0.0017729696315312725
2017-02-12,-0.0005828487530002732,-0.0005828487530002732,0.0,-0.0003497092518001639,-0.0005828487530002732,-0.0005828487530002732,-0.0005828487530002732
2017-02-13,2.257534647690888e-05,2.257534647690888e-05,-0.0022911560961754174,-0.0009029172305840216,2.257534647690888e-05,2.257534647690888e-05,2.257534647690888e-05
2017-02-14,0.0025009316250938804,0.0025009316250938804,-0.001857992026071037,0.0007573621646279133,0.0025009316250938804,0.0025009316250938804,-0.001857992026071037
2017-02-15,0.001978952457937123,0.001978952457937123,-0.0009940633378472952,0.0007897461396233557,0.001978952457937123,0.001978952457937123,0.001978952457937123
2017-02-16,0.00046120772775218,0.00046120772775218,0.0022749651158295026,0.001186710682983109,0.00046120772775218,0.00046120772775218,0.00046120772775218
2017-02-17,0.0017090973314684381,0.0017090973314684381,0.0025567720727597,0.0020481672279849426,0.0017090973314684381,0.0017090973314684381,0.0017090973314684381
2017-02-18,0.0008719391703124746,0.0008719391703124746,0.0,0.0005231635021874847,0.0008719391703124746,0.0008719391703124746,0.0008719391703124746
2017-02-19,-0.0006902213281168887,-0.0006902213281168887,0.0,-0.0004141327968701332,-0.0006902213281168887,-0.0006902213281168887,-0.0006902213281168887
2017-02-20,0.0034047889211434126,0.0034047889211434126,0.0,0.0020428733526860476,0.0034047889211434126,0.0034047889211434126,0.0034047889211434126
2017-02-21,0.008116201383255207,0.008116201383255207,0.0007439431823682008,0.005167298102900404,0.008116201383255207,0.008116201383255207,0.008116201383255207
2017-02-22,-0.0029516896719013782,-0.0029516896719013782,0.0005875592176903255,-0.0015359901160646968,-0.0029516896719013782,-0.0029516896719013782,-0.0029516896719013782
2017-02-23,0.005534986592641634,0.005534986592641634,0.003022878011755409,0.004530143160287143,0.005534986592641634,0.005534986592641634,0.005534986592641634
2017-02-24,-0.0005943385317884125,-0.0005943385317884125,0.006012990178874744,0.0020485929524768506,-0.0005943385317884125,-0.0005943385317884125,-0.0005943385317884125
2017-02-25,-0.0028249311306751926,-0.0028249311306751926,0.0,-0.0016949586784051156,-0.0028249311306751926,-0.0028249311306751926,-0.0028249311306751926
2017-02-26,0.0020748809069869433,0.0020748809069869433,0.0,0.001244928544192166,0.0020748809069869433,0.0020748809069869433,0.0020748809069869433
2017-02-27,0.0041311866357581035,0.0041311866357581035,-0.0035821016356615554,0.0010458713271902398,0.0041311866357581035,0.0041311866357581035,0.0041311866357581035
2017-02-28,-0.0031996836762080674,-0.0031996836762080674,0.0008487484936282041,-0.001580310808273559,-0.0031996836762080674,-0.0031996836762080674,-0.0031996836762080674
2017-03-01,0.012346911029914464,0.012346911029914464,-0.004563720903350721,0.005582658256608389,0.012346911029914464,0.012346911029914464,0.012346911029914464
2017-03-02,-0.004083439539030071,-0.004083439539030071,-0.0036772291673204116,-0.003920955390346207,-0.004083439539030071,-0.004083439539030071,-0.004083439539030071
2017-03-03,0.0029220258507088254,0.0029220258507088254,-0.001436678807077263,0.00117854398759439,0.0029220258507088254,0.0029220258507088254,0.0029220258507088254
2017-03-04,-0.0017289866301586848,-0.0017289866301586848,0.0,-0.0010373919780952109,-0.0017289866301586848,-0.0017289866301586848,-0.0017289866301586848
2017-03-05,0.00105963169256403,0.00105963169256403,0.0,0.0006357790155384179,0.00105963169256403,0.00105963169256403,0.0
2017-03-06,-0.001580536232835445,-0.001580536232835445,-0.0020625503061084127,-0.001773341862144632,-0.001580536232835445,-0.001580536232835445,-0.0020625503061084127
2017-03-07,-0.00794631417730222,-0.00794631417730222,-0.0028441611138127487,-0.005905452951906431,-0.00794631417730222,-0.00794631417730222,-0.00794631417730222
2017-03-08,-0.01526872618701284,-0.01526872618701284,-0.002888094232240429,-0.010316473405103875,-0.01526872618701284,-0.01526872618701284,-0.002888094232240429
2017-03-09,0.0020403618007418275,0.0020403618007418275,-0.00444794847044977,-0.0005549623077348116,0.0020403618007418275,0.0020403618007418275,0.0020403618007418275
2017-03-10,-0.005961248129845837,-0.005961248129845837,0.00024429958690297404,-0.0034790290431463127,-0.005961248129845837,-0.005961248129845837,-0.005961248129845837
2017-03-11,0.005881309838166778,0.005881309838166778,0.0,0.0035287859029000663,0.005881309838166778,0.005881309838166778,0.005881309838166778
2017-03-12,0.004304292904256417,0.004304292904256417,0.0,0.0025825757425538497,0.004304292904256417,0.004304292904256417,0.004304292904256417
2017-03-13,0.0021881000575892312,0.0021881000575892312,-0.0017768639930916819,0.0006021144373168659,0.0021881000575892312,0.0021881000575892312,0.0021881000575892312
2017-03-14,-0.0030763780183448533,-0.0030763780183448533,0.0009750128987513484,-0.0014558216515063724,-0.0030763780183448533,-0.0030763780183448533,-0.0030763780183448533
2017-03-15,0.0115087737825094,0.0115087737825094,0.006961787389436175,0.00968997922528011,0.0115087737825094,0.0115087737825094,0.0115087737825094
2017-03-16,-0.006254226949824335,-0.006254226949824335,-0.0017920794970582854,-0.004469367968717915,-0.006254226949824335,-0.006254226949824335,-0.006254226949824335
2017-03-17,-0.005427632685790676,-0.006891712683030632,0.002892767300409105,-0.002977920689654737,-0.006891712683030632,-0.006891712683030632,-0.006891712683030632
2017-03-18,-0.011731072470566307,-0.012766218532968296,0.0,-0.007659731119780977,-0.012766218532968296,-0.012766218532968296,-0.012766218532968296
2017-03-19,0.00709199994223449,0.007179301529536077,0.0,0.004307580917721646,0.007179301529536077,0.007179301529536077,0.007179301529536077
2017-03-20,0.000812672697948269,0.000812672697948269,0.0028791157922531396,0.0016392499356702173,0.000812672697948269,0.000812672697948269,0.000812672697948269
2017-03-21,-0.0016201906127530795,-0.0016201906127530795,0.003557682650056404,0.00045095869237071415,-0.0016201906127530795,-0.0016201906127530795,-0.0016201906127530795
2017-03-22,-0.006318735604797688,-0.006318735604797688,0.0018909064622651128,-0.003034878777972568,-0.006318735604797688,-0.006318735604797688,0.0018909064622651128
2017-03-23,-0.0008585703203996238,-0.00047294703841732004,-0.0006580332220702534,-0.0005469815118784934,-0.00047294703841732004,-0.00047294703841732004,-0.0006580332220702534
2017-03-24,-0.00916223704632585,-0.010462267345802455,0.001337971262575871,-0.005742171902451125,-0.010462267345802455,-0.010462267345802455,-0.010462267345802455
2017-03-25,0.004051767785084423,0.00417875191206855,0.0,0.0025072511472411297,0.00417875191206855,0.00417875191206855,0.00417875191206855
2017-03-26,-0.0006914915543727461,-0.0006914915543727461,0.0,-0.00041489493262364765,-0.0006914915543727461,-0.0006914915543727461,-0.0006914915543727461
2017-03-27,0.00797042671255114,0.00797042671255114,0.0018033118798639891,0.00550358077947628,0.00797042671255114,0.00797042671255114,0.00797042671255114
2017-03-28,0.005765797900370733,0.005765797900370733,-0.0021765438962284556,0.0025888611817310577,0.005765797900370733,0.005765797900370733,0.005765797900370733
2017-03-29,0.003407641725675672,0.003407641725675672,0.0032985920839732064,0.003364021868994686,0.003407641725675672,0.003407641725675672,0.003407641725675672
2017-03-30,0.00015420880370553558,0.00015420880370553558,-0.0028826285849104794,-0.0010605261517408705,0.00015420880370553558,0.00015420880370553558,0.00015420880370553558
2017-03-31,0.004708863789633648,0.005096475704953813,0.0016565574021955576,0.003720508383850511,0.005096475704953813,0.005096475704953813,0.005096475704953813
2017-04-01,0.000815648992782648,0.0009029505800842349,0.0,0.0005417703480505409,0.0009029505800842349,0.0009029505800842349,0.0
2017-04-02,0.0022283967242853198,0.0022283967242853198,0.0,0.0013370380345711919,0.0022283967242853198,0.0022283967242853198,0.0022283967242853198
2017-04-03,0.002298802629810168,0.002298802629810168,0.0050790474219716275,0.003410900546674752,0.002298802629810168,0.002298802629810168,0.002298802629810168
2017-04-04,0.0009671520344137763,0.0009671520344137763,-0.000855422492522101,0.00023812222363942535,0.0009671520344137763,0.0009671520344137763,0.0009671520344137763
2017-04-05,-0.0034315946694995305,-0.0034315946694995305,0.0011406224536067155,-0.0016027078202570319,-0.0034315946694995305,-0.0034315946694995305,-0.0034315946694995305
2017-04-06,0.008910127373361585,0.008910127373361585,-0.0008776875267664797,0.004995001413310359,0.008910127373361585,0.008910127373361585,-0.0008776875267664797
2017-04-07,-0.0008118336085343304,-0.0008118336085343304,-2.6195709216858543e-05,-0.0004975784488073417,-0.0008118336085343304,-0.0008118336085343304,-0.0008118336085343304
2017-04-08,-8.969639849309985e-05,-8.969639849309985e-05,0.0,-5.381783909585991e-05,-8.969639849309985e-05,-8.969639849309985e-05,-8.969639849309985e-05
2017-04-09,0.0011262803539700734,0.0011262803539700734,0.0,0.000675768212382044,0.0011262803539700734,0.0011262803539700734,0.0011262803539700734
2017-04-10,0.0025531864795292286,0.0025531864795292286,0.0011317079529207241,0.0019845950688858268,0.0025531864795292286,0.0025531864795292286,0.0025531864795292286
2017-04-11,0.00346415990448966,0.00346415990448966,0.006382788849033372,0.004631611482307145,0.00346415990448966,0.00346415990448966,0.00346415990448966
2017-04-12,-0.003629008842174233,-0.003629008842174233,0.002607308249517437,-0.0011344820054975649,-0.003629008842174233,-0.003629008842174233,-0.003629008842174233
2017-04-13,-0.007767012790053009,-0.007767012790053009,0.0035795872306037535,-0.003228372781790304,-0.007767012790053009,-0.007767012790053009,-0.007767012790053009
2017-04-14,-0.00016534298322031424,-0.00016534298322031424,0.0,-9.920578993218855e-05,-0.00016534298322031424,-0.00016534298322031424,-0.00016534298322031424
2017-04-15,0.000374497345661034,0.0004739290685386403,0.0,0.00028435744112318415,0.0004739290685386403,0.0004739290685386403,0.0004739290685386403
2017-04-16,0.0009199591533689119,0.0009874194708292291,0.0,0.0005924516824975375,0.0009874194708292291,0.0009874194708292291,0.0009874194708292291
2017-04-17,0.0058699718965148605,0.0058699718965148605,-0.0025744327591852023,0.0024922100342348354,0.0058699718965148605,0.0058699718965148605,0.0058699718965148605
2017-04-18,-0.0004948938792017879,-0.0004948938792017879,0.0037617354043653073,0.0012077578342250502,-0.0004948938792017879,-0.0004948938792017879,-0.0004948938792017879
2017-04-19,-0.003944739802736648,-0.003944739802736648,-0.003357944004737795,-0.0037100214835371066,-0.003944739802736648,-0.003944739802736648,-0.003944739802736648
2017-04-20,0.005975590792357149,0.005975590792357149,-0.0009586466843001795,0.0032018958016942177,0.005975590792357149,0.005975590792357149,0.005975590792357149
2017-04-21,-0.00325285418240526,-0.00325285418240526,0.0010282482840723306,-0.0015404131958142238,-0.00325285418240526,-0.00325285418240526,0.0010282482840723306
2017-04-22,0.0004534445351729071,0.0008782975531465257,0.0,0.0005269785318879153,0.0008782975531465257,0.0008782975531465257,0.0008782975531465257
2017-04-23,-0.0015181270696514172,-0.0022101162680784325,0.0,-0.0013260697608470594,-0.0022101162680784325,-0.0022101162680784325,-0.0022101162680784325
2017-04-24,0.0066752962379567566,0.009772480622334625,-0.005769869693904167,0.003555540495839108,0.009772480622334625,0.009772480622334625,0.009772480622334625
2017-04-25,0.006057005200533052,0.006608026629485157,-0.007514459098504983,0.0009590323382891006,0.006608026629485157,0.006608026629485157,-0.007514459098504983
2017-04-26,0.00011227773197760298,-0.0003920457856337261,0.0038536170910704604,0.0013062193650479486,-0.0003920457856337261,-0.0003920457856337261,-0.0003920457856337261
2017-04-27,0.000693189566266788,0.0019088161757188577,-0.0004572417221431202,0.0009623930165740665,0.0019088161757188577,0.0019088161757188577,0.0019088161757188577
2017-04-28,-0.002093448448802216,-0.0031357928059502337,0.001307054626905002,-0.0013586538328081393,-0.0031357928059502337,-0.0031357928059502337,-0.0031357928059502337
2017-04-29,0.00020857436991910227,0.0004481697550817238,0.0,0.0002689018530490343,0.0004481697550817238,0.0004481697550817238,0.0004481697550817238
2017-04-30,0.00211320688743082,0.0021939923903370063,0.0,0.0013163954342022036,0.0021939923903370063,0.0021939923903370063,0.0021939923903370063
2017-05-01,0.00898072042177073,0.009008498199548508,-0.00469978501387025,0.003525184914181005,0.009008498199548508,0.009008498199548508,0.009008498199548508
2017-05-02,0.0007326640019150856,0.0007326640019150856,0.0013654945702238908,0.0009857962292386076,0.0007326640019150856,0.0007326640019150856,0.0007326640019150856
2017-05-03,-0.00017550747276023286,-0.00017550747276023286,-0.0028633832793441005,-0.00125065779539378,-0.00017550747276023286,-0.00017550747276023286,-0.00017550747276023286
2017-05-04,-0.0006237855744564764,-0.0006237855744564764,-0.005877671258453454,-0.0027253398480552677,-0.0006237855744564764,-0.0006237855744564764,-0.0006237855744564764
2017-05-05,0.008444074571525443,0.008444074571525443,0.00035269487600814164,0.005207522693318522,0.008444074571525443,0.008444074571525443,0.008444074571525443
2017-05-06,0.0016679773548382076,0.0016679773548382076,0.0,0.0010007864129029246,0.0016679773548382076,0.0016679773548382076,0.0016679773548382076
2017-05-07,0.001260444750968981,0.001260444750968981,0.0,0.0007562668505813885,0.001260444750968981,0.001260444750968981,0.001260444750968981
2017-05-08,0.00729178357664289,0.00729178357664289,-0.0011538965353447561,0.003913511531847831,0.00729178357664289,0.00729178357664289,0.00729178357664289
2017-05-09,-2.7992571260219517e-05,-2.7992571260219517e-05,-0.0005333302892465697,-0.00023012765845475958,-2.7992571260219517e-05,-2.7992571260219517e-05,-2.7992571260219517e-05
2017-05-10,0.0072646306113740445,0.0072646306113740445,-0.0003091254483205408,0.00423512818749621,0.0072646306113740445,0.0072646306113740445,0.0072646306113740445
2017-05-11,0.00213126654176474,0.00213126654176474,0.0012775667709944982,0.0017897866334566433,0.00213126654176474,0.00213126654176474,0.00213126654176474
2017-05-12,-0.006763768411625086,-0.008205127460663597,0.0026116963327878773,-0.003878397943283007,-0.008205127460663597,-0.008205127460663597,-0.008205127460663597
2017-05-13,0.005051603051019298,0.005198428447844695,0.0,0.003119057068706817,0.005198428447844695,0.005198428447844695,0.005198428447844695
2017-05-14,0.00024624188243622177,0.00024624188243622177,0.0,0.00014774512946173304,0.00024624188243622177,0.00024624188243622177,0.00024624188243622177
2017-05-15,-0.0001309422282720105,-0.0001309422282720105,-0.00086449348689005,-0.00042436273171922635,-0.0001309422282720105,-0.0001309422282720105,-0.0001309422282720105
2017-05-16,-0.000292487119143857,-0.000292487119143857,0.00048774385179570223,1.9605269231966676e-05,-0.000292487119143857,-0.000292487119143857,-0.000292487119143857
2017-05-17,-0.002241780378198271,-0.002241780378198271,0.008512303624273687,0.002059853222790512,-0.002241780378198271,-0.002241780378198271,-0.002241780378198271
2017-05-18,0.005286562288611487,0.005286562288611487,-0.0009375957592190898,0.002796899069479256,0.005286562288611487,0.005286562288611487,0.005286562288611487
2017-05-19,0.012995157883174254,0.012995157883174254,-2.1963466805774434e-05,0.007788309343182243,0.012995157883174254,0.012995157883174254,0.012995157883174254
2017-05-20,0.005423327538719238,0.005423327538719238,0.0,0.0032539965232315426,0.005423327538719238,0.005423327538719238,0.005423327538719238
2017-05-21,-0.0023200462252610152,-0.0023200462252610152,0.0,-0.001392027735156609,-0.0023200462252610152,-0.0023200462252610152,-0.0023200462252610152
2017-05-22,0.010506512521834469,0.010506512521834469,-0.0003190214237732414,0.006176298943591384,0.010506512521834469,0.010506512521834469,-0.0003190214237732414
2017-05-23,0.008245493102596578,0.008245493102596578,-0.0028236550844034924,0.0038178338277965497,0.008245493102596578,0.008245493102596578,0.008245493102596578
2017-05-24,0.006904036342988923,0.006904036342988923,0.0021149290762030315,0.004988393436274567,0.006904036342988923,0.006904036342988923,0.006904036342988923
2017-05-25,-0.009189372038449963,-0.009189372038449963,0.00024888812415202466,-0.005414067973409168,-0.009189372038449963,-0.009189372038449963,-0.009189372038449963
2017-05-26,-0.004909686535153816,-0.004909686535153816,0.0034046641924203036,-0.001583946244124168,-0.004909686535153816,-0.004909686535153816,-0.004909686535153816
2017-05-27,-0.008251021480377239,-0.008251021480377239,0.0,-0.004950612888226343,-0.008251021480377239,-0.008251021480377239,-0.008251021480377239
2017-05-28,0.006372269061401055,0.006372269061401055,0.0,0.003823361436840633,0.006372269061401055,0.006372269061401055,0.006372269061401055
2017-05-29,0.005144264894346347,0.005144264894346347,0.0,0.003086558936607808,0.005144264894346347,0.005144264894346347,0.005144264894346347
2017-05-30,-0.008020257289018883,-0.008020257289018883,0.0007382891849510298,-0.004516838699430917,-0.008020257289018883,-0.008020257289018883,-0.008020257289018883
2017-05-31,0.004008946832270389,0.004008946832270389,0.0011433698405122206,0.0028627160355671217,0.004008946832270389,0.004008946832270389,0.004008946832270389
2017-06-01,0.010601965752010382,0.010601965752010382,0.0004017657557499055,0.006521885753506191,0.010601965752010382,0.010601965752010382,0.010601965752010382
2017-06-02,0.006624838903843984,0.006624838903843984,0.004705634706194478,0.005857157224784181,0.006624838903843984,0.006624838903843984,0.006624838903843984
2017-06-03,0.0011965936568273012,0.0011965936568273012,0.0,0.0007179561940963807,0.0011965936568273012,0.0011965936568273012,0.0011965936568273012
2017-06-04,-0.00015637492131914676,-0.00015637492131914676,0.0,-9.382495279148806e-05,-0.00015637492131914676,-0.00015637492131914676,-0.00015637492131914676
2017-06-05,0.005442456141491723,0.005442456141491723,-0.0015239256440925386,0.0026559034272580183,0.005442456141491723,0.005442456141491723,0.005442456141491723
2017-06-06,0.007630113785932036,0.007630113785932036,0.004367287509955908,0.006324983275541585,0.007630113785932036,0.007630113785932036,0.007630113785932036
2017-06-07,-0.00663270039597974,-0.00663270039597974,-0.002678545874779975,-0.005051038587499834,-0.00663270039597974,-0.00663270039597974,-0.00663270039597974
2017-06-08,0.0038861576023294406,0.0038861576023294406,-0.0017883594493428023,0.001616350781660543,0.0038861576023294406,0.0038861576023294406,0.0038861576023294406
2017-06-09,0.0020039385190625905,0.0020039385190625905,-0.002097574119238138,0.0003633334637422989,0.0020039385190625905,0.0020039385190625905,0.0020039385190625905
2017-06-10,0.004875206026721202,0.004875206026721202,0.0,0.002925123616032721,0.004875206026721202,0.004875206026721202,0.004875206026721202
2017-06-11,0.000392023586754004,0.000392023586754004,0.0,0.0002352141520524024,0.000392023586754004,0.000392023586754004,0.000392023586754004
2017-06-12,-0.011655343826973875,-0.011655343826973875,-0.000897962676519537,-0.007352391366792139,-0.011655343826973875,-0.011655343826973875,-0.011655343826973875
2017-06-13,0.006816906343436753,0.006816906343436753,8.418361641227001e-05,0.004123817252626959,0.006816906343436753,0.006816906343436753,0.006816906343436753
2017-06-14,-0.013781698947159526,-0.013781698947159526,0.003595182921181189,-0.0068309461998232405,-0.013781698947159526,-0.013781698947159526,-0.013781698947159526
2017-06-15,-0.004077741807904372,-0.004077741807904372,-0.00038321165054289175,-0.0025999297449597796,-0.004077741807904372,-0.004077741807904372,-0.004077741807904372
2017-06-16,0.004669607268365356,0.004669607268365356,-0.0002154981289577973,0.002715565109436095,0.004669607268365356,0.004669607268365356,0.004669607268365356
2017-06-17,0.006058127617193697,0.006058127617193697,0.0,0.0036348765703162183,0.006058127617193697,0.006058127617193697,0.006058127617193697
2017-06-18,-0.004501117373830151,-0.004501117373830151,0.0,-0.0027006704242980902,-0.004501117373830151,-0.004501117373830151,-0.004501117373830151
2017-06-19,0.0044612166444172935,0.0044612166444172935,-0.001864271538691148,0.001931021371173917,0.0044612166444172935,0.0044612166444172935,0.0044612166444172935
2017-06-20,-0.0007541978236930147,-0.0007541978236930147,0.0027362601226002536,0.0006419853548242926,-0.0007541978236930147,-0.0007541978236930147,-0.0007541978236930147
2017-06-21,-0.0038928736414005996,-0.0038928736414005996,0.0007119949412474902,-0.0020509262083413635,-0.0038928736414005996,-0.0038928736414005996,-0.0038928736414005996
2017-06-22,0.0011945381804820594,0.0011945381804820594,0.0017238415340598556,0.001406259521913178,0.0011945381804820594,0.0011945381804820594,0.0017238415340598556
2017-06-23,0.00481041994457697,0.00481041994457697,0.00023168484323779492,0.0029789259040413,0.00481041994457697,0.00481041994457697,0.00481041994457697
2017-06-24,-0.005512827814511752,-0.005512827814511752,0.0,-0.003307696688707051,-0.005512827814511752,-0.005512827814511752,-0.005512827814511752
2017-06-25,-0.0008224577915865542,-0.0008224577915865542,0.0,-0.0004934746749519325,-0.0008224577915865542,-0.0008224577915865542,-0.0008224577915865542
2017-06-26,-0.0040938899319486405,-0.0040938899319486405,-0.0006944351449221509,-0.0027341080171380447,-0.0040938899319486405,-0.0040938899319486405,-0.0040938899319486405
2017-06-27,-0.0004725289461327738,-0.0004725289461327738,-0.005726835578788503,-0.002574251599195065,-0.0004725289461327738,-0.0004725289461327738,-0.0004725289461327738
2017-06-28,0.007824696717527082,0.007824696717527082,-0.0016739584352279957,0.0040252346564250505,0.007824696717527082,0.007824696717527082,0.007824696717527082
2017-06-29,-0.006743247165508485,-0.006743247165508485,-0.005455410396427773,-0.0062281124578762,-0.006743247165508485,-0.006743247165508485,-0.006743247165508485
2017-06-30,-0.00015503750734972634,0.0003578323337390326,-0.0013920229844389953,-0.0003421097935321786,0.0003578323337390326,0.0003578323337390326,0.0003578323337390326
2017-07-01,-0.0018085047624833914,-0.0020732241867247193,0.0,-0.0012439345120348316,-0.0020732241867247193,-0.0020732241867247193,-0.0020732241867247193
2017-07-02,0.003135548048075465,0.003282373444900862,0.0,0.0019694240669405174,0.003282373444900862,0.003282373444900862,0.003282373444900862
2017-07-03,0.0070728723574398815,0.0070728723574398815,-0.004296205383488738,0.0025252412610684335,0.0070728723574398815,0.0070728723574398815,0.0070728723574398815
2017-07-04,0.001628486468318159,0.001628486468318159,0.0,0.0009770918809908953,0.001628486468318159,0.001628486468318159,0.001628486468318159
2017-07-05,-0.0045268275336649445,-0.0045268275336649445,0.0012751932549856515,-0.002206019218204706,-0.0045268275336649445,-0.0045268275336649445,-0.0045268275336649445
2017-07-06,-0.0069256569245330635,-0.0069256569245330635,-0.003750889412500985,-0.005655749919720232,-0.0069256569245330635,-0.0069256569245330635,-0.003750889412500985
2017-07-07,-0.0014425549158093452,-0.0014425549158093452,-0.004050783675246167,-0.002485846419584074,-0.0014425549158093452,-0.0014425549158093452,-0.0014425549158093452
2017-07-08,0.0023239949293833747,0.0023239949293833747,0.0,0.0013943969576300248,0.0023239949293833747,0.0023239949293833747,0.0023239949293833747
2017-07-09,-0.0022858874567001455,-0.0022858874567001455,0.0,-0.0013715324740200872,-0.0022858874567001455,-0.0022858874567001455,-0.0022858874567001455
2017-07-10,-0.005983010534584844,-0.005983010534584844,0.001210228258743451,-0.0031057150172535256,-0.005983010534584844,-0.005983010534584844,0.001210228258743451
2017-07-11,0.0007533113154608091,0.0007533113154608091,0.00017720753033684256,0.0005228698014112225,0.0007533113154608091,0.0007533113154608091,0.0007533113154608091
2017-07-12,0.007937698929273219,0.007937698929273219,0.003343224558211899,0.006099909180848692,0.007937698929273219,0.007937698929273219,0.007937698929273219
2017-07-13,-0.0005043232719465681,-0.0005043232719465681,-0.002183071978817286,-0.0011758227546948552,-0.0005043232719465681,-0.0005043232719465681,-0.0005043232719465681
2017-07-14,-0.0005417892423035623,-0.0005417892423035623,0.0011940063035740522,0.0001525289760474836,-0.0005417892423035623,-0.0005417892423035623,-0.0005417892423035623
2017-07-15,-0.011665641461336826,-0.011665641461336826,0.0,-0.006999384876802095,-0.011665641461336826,-0.011665641461336826,-0.011665641461336826
2017-07-16,-0.00383774526860603,-0.00383774526860603,0.0,-0.0023026471611636177,-0.00383774526860603,-0.00383774526860603,-0.00383774526860603
2017-07-17,0.01765141743497763,0.01765141743497763,0.0021080730426747962,0.011434079678056496,0.01765141743497763,0.01765141743497763,0.01765141743497763
2017-07-18,0.004817745047207815,0.004817745047207815,0.003526154262049025,0.004301108733144299,0.004817745047207815,0.004812758173431176,0.004817745047207815
2017-07-19,0.004122724364917908,0.004122724364917908,0.0006492279731492023,0.0027333258082104257,0.004122724364917908,0.004098753296848666,0.004122724364917908
2017-07-20,0.026317124037975814,0.026317124037975814,-0.00039746908347085275,0.015631286789397146,0.026317124037975814,0.026127733977762257,0.026317124037975814
2017-07-21,-0.009685416795481504,-0.009685416795481504,0.0028397421313474114,-0.0046753532247499376,-0.009685416795481504,-0.00829229548900098,-0.009685416795481504
2017-07-22,0.005929240132410301,0.005929240132410301,0.0,0.0035575440794461807,0.005929240132410301,0.005292325061802983,0.005929240132410301
2017-07-23,-0.003152107838781948,-0.003152107838781948,0.0,-0.0018912647032691687,-0.003152107838781948,-0.002811309039971054,-0.003152107838781948
2017-07-24,0.0011461400894204024,0.0011461400894204024,-0.000930271981102293,0.0003155752612113242,0.0011461400894204024,0.0009198382914326455,0.0011461400894204024
2017-07-25,-0.0032699928631642924,-0.0032699928631642924,-0.005062051592285122,-0.003986816354812624,-0.0032699928631642924,-0.0034405517011110074,-0.0032699928631642924
2017-07-26,0.0003570388197975887,0.0003570388197975887,0.0017849579179750608,0.0009282064590685776,0.0003570388197975887,0.00048372123146131225,0.0003570388197975887
2017-07-27,0.006434287922414455,0.006434287922414455,-0.0008891319575629886,0.0035049199704234773,0.006434287922414455,0.005831190359923869,0.006434287922414455
2017-07-28,0.0054653574327631444,0.0054653574327631444,0.0022401014092992277,0.004175255023377578,0.0054653574327631444,0.005231129701073935,0.0054653574327631444
2017-07-29,-0.0032656842844484496,-0.0032656842844484496,0.0,-0.0019594105706690697,-0.0032656842844484496,-0.003034055033008178,-0.0032656842844484496
2017-07-30,0.0012523399788937845,0.0012523399788937845,0.0,0.0007514039873362707,0.0012523399788937845,0.0011773098799241182,0.0012523399788937845
2017-07-31,0.005173050697017185,0.005173050697017185,-0.0005370158444008843,0.002889024080449957,0.005173050697017185,0.004859921997361249,0.005173050697017185
2017-08-01,-0.005511703427836899,-0.005511703427836899,0.0025845239157626376,-0.0022732124903970846,-0.005511703427836899,-0.005067378685928258,-0.005511703427836899
2017-08-02,-0.002323271958231269,-0.002323271958231269,-0.000922295027731862,-0.0017628811860315062,-0.002323271958231269,-0.002255704813541657,-0.002323271958231269
2017-08-03,0.00011639940655091181,0.00011639940655091181,0.00322322951153145,0.0013591314485431273,0.00011639940655091181,0.0002662907781025519,0.00011639940655091181
2017-08-04,0.00565892591646364,0.00565892591646364,-0.0025622049823981474,0.0023704735569189247,0.00565892591646364,0.005406400043644282,0.00565892591646364
2017-08-05,0.013698342316361935,0.013698342316361935,0.0,0.008219005389817161,0.013698342316361935,0.013304669918176932,0.013698342316361935
2017-08-06,-0.0013311148669296674,-0.0013311148669296674,0.0,-0.0007986689201578004,-0.0013311148669296674,-0.0012530696822947826,-0.0013311148669296674
2017-08-07,0.00610595548347306,0.00610595548347306,2.4655576164572812e-05,0.0036734355205496646,0.00610595548347306,0.005745645830120729,0.00610595548347306
2017-08-08,-0.0007689922770898442,-0.0007689922770898442,3.518583510506157e-05,-0.00044732103221188185,-0.0007689922770898442,-0.0007204497916688967,-0.0007689922770898442
2017-08-09,-0.003332464515580385,-0.003332464515580385,0.00448645478996712,-0.00020489679336138287,-0.003332464515580385,-0.002920758288515329,-0.003332464515580385
2017-08-10,-0.009940978472470132,-0.009940978472470132,0.004511421726030668,-0.0041600183930698125,-0.009940978472470132,-0.009274649119323262,-0.009940978472470132
2017-08-11,0.008785236489472196,0.008785236489472196,0.0006546523308768037,0.005533002826034039,0.008785236489472196,0.00826970794697082,0.008785236489472196
2017-08-12,0.007124812169973849,0.007124812169973849,0.0,0.004274887301984309,0.007124812169973849,0.006596430304820058,0.007124812169973849
2017-08-13,0.005392939405002937,0.005392939405002937,0.0,0.003235763643001762,0.005392939405002937,0.004972126991034443,0.005392939405002937
2017-08-14,0.012443614326459696,0.012443614326459696,-0.002623907691381544,0.0064166055193232005,0.012443614326459696,0.011215362912449017,0.012443614326459696
2017-08-15,-0.005895044575717002,-0.005895044575717002,-0.002590852523367493,-0.004573367754777198,-0.005895044575717002,-0.005639034725019085,-0.005895044575717002
2017-08-16,0.005296667939716245,0.005296667939716245,0.0024024711846434843,0.00413898923768714,0.005296667939716245,0.00506596881749434,0.005296667939716245
2017-08-17,-0.01038047314929359,-0.01038047314929359,0.0045431278005783615,-0.00441103276934481,-0.01038047314929359,-0.009696039164812422,-0.01038047314929359
2017-08-18,-0.0029327777322044734,-0.0029327777322044734,-0.0012237292839815395,-0.0022491583529152996,-0.0029327777322044734,-0.002823382521221301,-0.0029327777322044734
2017-08-19,0.0008834174071618141,0.0008834174071618141,0.0,0.0005300504442970884,0.0008834174071618141,0.0008264544011031434,0.0008834174071618141
2017-08-20,-0.0028095126357400796,-0.0028095126357400796,0.0,-0.0016857075814440477,-0.0028095126357400796,-0.0026406214151693933,-0.0028095126357400796
2017-08-21,-0.0032264061027327015,-0.0032264061027327015,0.000992296493789957,-0.0015389250641236378,-0.0032264061027327015,-0.0029838806216340836,-0.0032264061027327015
2017-08-22,0.008055643064415134,0.008055643064415134,-0.0015373902664461703,0.0042184297320706126,0.008055643064415134,0.007497630453311895,0.008055643064415134
2017-08-23,0.0030287331431059217,0.0030287331431059217,0.00247113871761262,0.002805695372908601,0.0030287331431059217,0.002991747876867272,0.0030287331431059217
2017-08-24,0.004059120938556093,0.004059120938556093,-0.0015738364483246226,0.0018059379838038067,0.004059120938556093,0.0037042057638417315,0.004059120938556093
2017-08-25,0.002762932027645363,0.002762932027645363,0.00023685576649790097,0.0017525015231863782,0.002762932027645363,0.002600060191757734,0.002762932027645363
2017-08-26,-0.00048800324527991594,-0.00048800324527991594,0.0,-0.00029280194716794957,-0.00048800324527991594,-0.00045743609799575585,-0.00048800324527991594
2017-08-27,0.0007781142754607925,0.0007781142754607925,0.0,0.0004668685652764755,0.0007781142754607925,0.0007348280904310216,0.0007781142754607925
2017-08-28,-0.0004529576281180213,-0.0004529576281180213,0.0033171163787794056,0.0010550719746409494,-0.0004529576281180213,-0.00024569899349310016,-0.0004529576281180213
2017-08-29,0.0048551979287073666,0.0048551979287073666,0.001156867066375189,0.003375865583774496,0.0048551979287073666,0.00466810187915477,0.0048551979287073666
2017-08-30,0.0019157040183669987,0.0019157040183669987,0.0011590036800412928,0.0016130238830367163,0.0019157040183669987,0.001876154998055833,0.0011590036800412928
2017-08-31,0.011436890270783342,0.011436890270783342,0.0033466043472182017,0.008200775901357286,0.011436890270783342,0.011074132348060093,0.011436890270783342
2017-09-01,0.00684558522936301,0.00684558522936301,-0.0016507985212507459,0.0034470317291175074,0.00684558522936301,0.006412096826453242,0.00684558522936301
2017-09-02,-0.007114543490326068,-0.007114543490326068,0.0,-0.0042687260941956405,-0.007114543490326068,-0.006719266747484344,-0.007114543490326068
2017-09-03,0.0001016755685813041,0.0001016755685813041,0.0,6.100534114878246e-05,0.0001016755685813041,9.49602256805782e-05,0.0001016755685813041
2017-09-04,-0.008404318637794339,-0.008404318637794339,0.0,-0.005042591182676603,-0.008404318637794339,-0.007850768660368854,-0.008404318637794339
2017-09-05,0.0005980140303339562,0.0005980140303339562,0.007131286018059291,0.00321132282542409,0.0005980140303339562,0.0010954484270496326,0.0005980140303339562
2017-09-06,0.010432016806574327,0.010432016806574327,-0.0036167852170893022,0.0048124959971088755,0.010432016806574327,0.009361770589197462,0.010432016806574327
2017-09-07,0.0017915764440285223,0.0017915764440285223,0.004470961517850369,0.002863330473557261,0.0017915764440285223,0.0020160131709363632,0.0017915764440285223
2017-09-08,-0.012274830140020447,-0.012274830140020447,-0.0016687867955167968,-0.008032412802218987,-0.012274830140020447,-0.011507318032152325,-0.012274830140020447
2017-09-09,-7.06786588169608e-05,-7.06786588169608e-05,0.0,-4.240719529017648e-05,-7.06786588169608e-05,-6.357639080138595e-05,-7.06786588169608e-05
2017-09-10,-0.002711222897864777,-0.002711222897864777,0.0,-0.0016267337387188662,-0.002711222897864777,-0.002438223449489593,-0.002711222897864777
2017-09-11,0.007827845314003613,0.007827845314003613,-0.00620087506672129,0.0022163571617136515,0.007827845314003613,0.006408398504514232,0.007827845314003613
2017-09-12,0.0005177211267750121,0.0005177211267750121,-0.001287553583152773,-0.000204388757196102,0.0005177211267750121,0.0003393341764188008,0.0005177211267750121
2017-09-13,-0.0042281255913675,-0.005127648097421044,-0.0019052983765828757,-0.0038387082090857766,-0.005127648097421044,-0.004809014145830835,-0.005127648097421044
2017-09-14,-0.014355130919577864,-0.019886646441868192,0.0014408447762984389,-0.01135564995460154,-0.019886646441868192,-0.017769612066951563,-0.019886646441868192
2017-09-15,0.0187932396182921,0.019059112634165116,-0.0016836410561842374,0.010762011158025374,0.019059112634165116,0.015767509167509245,-0.0016836410561842374
2017-09-16,-0.0003812115092376815,-0.0003812115092376815,0.0,-0.0002287269055426089,-0.0003812115092376815,-0.0003071427532863207,-0.0003812115092376815
2017-09-17,-0.0010405904239476982,-0.001292251052423427,0.0,-0.0007753506314540562,-0.001292251052423427,-0.0010652801081059366,-0.001292251052423427
2017-09-18,0.0031098486075263076,0.01568073429303581,-0.0041145726671450444,0.007762611508963467,0.01568073429303581,0.012251909801488273,0.01568073429303581
2017-09-19,-0.0029543421222367893,-0.0035059342582415523,-0.0011036214045266057,-0.0025450091167555735,-0.0035059342582415523,-0.003106402653069157,-0.0035059342582415523
2017-09-20,0.00032124155287063577,0.000666479648108731,-0.00032398579229192537,0.0002702934719484684,0.000666479648108731,0.0005000717561273165,0.000666479648108731
2017-09-21,-0.009752402898724897,-0.009752402898724897,-0.003095702611356499,-0.007089722783777537,-0.009752402898724897,-0.00863920604555158,-0.009752402898724897
2017-09-22,0.0009333188760336261,0.0009333188760336261,0.0020922597334705473,0.0013968952190083945,0.0009333188760336261,0.0010480738025424713,0.0009333188760336261
2017-09-23,0.0049485392577043935,0.0049485392577043935,0.0,0.002969123554622636,0.0049485392577043935,0.004543586251768988,0.0049485392577043935
2017-09-24,-0.003209923275625711,-0.003209923275625711,0.0,-0.0019259539653754265,-0.003209923275625711,-0.0029516598639128186,-0.003209923275625711
2017-09-25,0.009585172069875117,0.009585172069875117,0.006391940367786786,0.008307879389039784,0.009585172069875117,0.00932800864614064,0.006391940367786786
2017-09-26,-0.0013443203812636046,-0.0013443203812636046,-0.0026218175238839625,-0.0018553192383117477,-0.0013443203812636046,-0.001461629856328276,-0.0013443203812636046
2017-09-27,0.011532661095607404,0.011532661095607404,-0.006162319086712137,0.004454669022679587,0.011532661095607404,0.009943579912567712,0.011532661095607404
2017-09-28,0.0008501065599915641,0.0008501065599915641,-0.0010374336394741723,9.509048020526947e-05,0.0008501065599915641,0.0006509453301796233,-0.0010374336394741723
2017-09-29,0.0014337895863285475,0.0014337895863285475,-0.0012375936478190297,0.00036523629266951656,0.0014337895863285475,0.001162233732390024,0.0014337895863285475
2017-09-30,0.004687783671798031,0.004687783671798031,0.0,0.0028126702030788187,0.004687783671798031,0.0042238099982671575,0.004687783671798031
2017-10-01,0.0016653765756535518,0.0016653765756535518,0.0,0.000999225945392131,0.0016653765756535518,0.0015026175373181036,0.0016653765756535518
2017-10-02,0.0008584910952558324,0.0008584910952558324,-0.000960539571342206,0.00013087882861661696,0.0008584910952558324,0.0006806801907019561,0.0008584910952558324
2017-10-03,-0.0014233743226616093,-0.0014233743226616093,0.0006159360081003928,-0.0006076501903568084,-0.0014233743226616093,-0.0012286299370517294,-0.0014233743226616093
2017-10-04,-0.001967050494562941,-0.001967050494562941,0.0003446089500607763,-0.001042386716713454,-0.001967050494562941,-0.0017598954130028067,-0.001967050494562941
2017-10-05,0.006726566938855316,0.006726566938855316,-0.0012055864149536633,0.003553705597331724,0.006726566938855316,0.006018733277096053,0.006726566938855316
2017-10-06,-0.0021453613720286858,-0.0021453613720286858,-0.00023914556871440507,-0.0013828750507029735,-0.0021453613720286858,-0.0019673376257462972,-0.0021453613720286858
2017-10-07,0.0014256212711452054,0.0014256212711452054,0.0,0.0008553727626871233,0.0014256212711452054,0.0012938512281943076,0.0014256212711452054
2017-10-08,0.004607946187455549,0.004607946187455549,0.0,0.0027647677124733295,0.004607946187455549,0.004295993669855956,0.004607946187455549
2017-10-09,0.003723399673927356,0.003723399673927356,0.0027050727999734514,0.0033160689243457936,0.003723399673927356,0.0036534711502416773,0.003723399673927356
2017-10-10,0.0037257670835113307,0.0037257670835113307,-0.00018291926340677223,0.0021622925447440894,0.0037257670835113307,0.0034688638325814283,0.0037257670835113307
2017-10-11,0.0025793454420371584,0.0025793454420371584,0.0008387491666725921,0.0018831069318913317,0.0025793454420371584,0.0024641852612503584,0.0025793454420371584
2017-10-12,0.013901181993034164,0.013901181993034164,0.002021537116181471,0.009149324042293088,0.013901181993034164,0.013153654080016175,0.013901181993034164
2017-10-13,0.006331209063536569,0.006331209063536569,0.004537770873099589,0.005613833787361777,0.006331209063536569,0.006211601492312003,0.006331209063536569
2017-10-14,0.003631686746430033,0.003631686746430033,0.0,0.0021790120478580198,0.003631686746430033,0.0034069438037849405,0.003631686746430033
2017-10-15,-0.002926490391980008,-0.002926490391980008,0.0,-0.0017558942351880047,-0.002926490391980008,-0.0027583456221462596,-0.002926490391980008
2017-10-16,0.0012606555780285936,0.0012606555780285936,-0.0016957031442284276,7.811208912578507e-05,0.0012606555780285936,0.0010882831518083441,-0.0016957031442284276
2017-10-17,-0.0026633920371161362,-0.0026633920371161362,-0.0008646438786405752,-0.0019438927737259117,-0.0026633920371161362,-0.0025971677107041327,-0.0026633920371161362
2017-10-18,-0.00043880319126491746,-0.00043880319126491746,-0.003531165330465602,-0.0016757480469451913,-0.00043880319126491746,-0.0005321370815064281,-0.00043880319126491746
2017-10-19,0.00044302886460427054,0.00044302886460427054,0.00155959364475175,0.0008896547766632623,0.00044302886460427054,0.0004740289190356114,0.00044302886460427054
2017-10-20,0.007291142932575403,0.007291142932575403,-0.0038338330231539874,0.0028411525502836463,0.007291142932575403,0.007277515970051162,0.007291142932575403
2017-10-21,0.00037243559631256536,0.00037243559631256536,0.0,0.0002234613577875392,0.00037243559631256536,0.0003709416107831766,0.00037243559631256536
2017-10-22,-0.00042701356938541,-0.00042701356938541,0.0,-0.00025620814163124597,-0.00042701356938541,-0.00042521721409740775,-0.00042701356938541
2017-10-23,-0.004670082389473517,-0.004670082389473517,0.0013777068714886376,-0.0022509666850886547,-0.004670082389473517,-0.004663310655734735,-0.004670082389473517
2017-10-24,-0.006085021799670656,-0.006085021799670656,-0.0028579912465108437,-0.004794209578406731,-0.006085021799670656,-0.006070983384222437,-0.006085021799670656
2017-10-25,0.0016130074769726461,0.0016130074769726461,-0.002169616014551151,9.99580803631271e-05,0.0016130074769726461,0.0015860020803921634,0.0016130074769726461
2017-10-26,0.0027912771761385846,0.0027912771761385846,-0.0005988920358809824,0.0014352094913307578,0.0027912771761385846,0.0027689181905576226,0.0027912771761385846
2017-10-27,0.004100407916670052,0.004100407916670052,0.004253135529382668,0.004161498961755098,0.004100407916670052,0.004101253606938586,0.004100407916670052
2017-10-28,-0.0005345199817702934,-0.0005345199817702934,0.0,-0.00032071198906217607,-0.0005345199817702934,-0.000530962000597438,-0.0005345199817702934
2017-10-29,0.0026416667905181873,0.007740000297243643,0.0,0.004644000178346186,0.007740000297243643,0.0076882134734338236,0.007740000297243643
2017-10-30,-0.00018108206709569917,-0.0007381871755849244,0.0025512230832103744,0.0005775769279331953,-0.0007381871755849244,-0.0006904048658612422,-0.0007381871755849244
2017-10-31,0.00832632938655851,0.008592202402431526,-0.000830079527755434,0.004823289630356742,0.008592202402431526,0.008453192526098424,0.008592202402431526
2017-11-01,0.006489678948536569,0.006489678948536569,0.002684006821472129,0.004967410097710793,0.006489678948536569,0.0064048772316866185,0.006489678948536569
2017-11-02,0.0069168627164999386,0.0069168627164999386,0.0015975297459667748,0.004789129528286673,0.0069168627164999386,0.0067739524219091974,0.0069168627164999386
2017-11-03,0.003952572303627259,0.003952572303627259,0.0005116659197330342,0.0025762097500695693,0.003952572303627259,0.0039054834924248153,0.003952572303627259
2017-11-04,0.0026543989516025026,0.0026543989516025026,0.0,0.0015926393709615016,0.0026543989516025026,0.00262986601586227,0.0026543989516025026
2017-11-05,0.0004134318918264965,0.0004134318918264965,0.0,0.0002480591350958979,0.0004134318918264965,0.0004134318918264965,0.0004134318918264965
2017-11-06,0.00047787186009160297,0.00047787186009160297,0.0027680471744427615,0.0013939419858320663,0.00047787186009160297,0.00047787186009160297,0.00047787186009160297
2017-11-07,0.0002581461052799537,0.0002581461052799537,0.0006463607047633435,0.00041343194507330967,0.0002581461052799537,0.0002581461052799537,0.0006463607047633435
2017-11-08,1.2362580049565157e-05,0.005870578624431978,-9.296120190938062e-05,0.0034851626938954346,0.005870578624431978,0.005870578624431978,0.005870578624431978
2017-11-09,-0.0032480874699139105,-0.006067164190575982,-0.0007922843701212712,-0.003957212262394098,-0.006067164190575982,-0.006067164190575982,-0.006067164190575982
2017-11-10,-0.012691913346932787,-0.016763776276111045,-0.007289584685459954,-0.012974099639850608,-0.016763776276111045,-0.016763776276111045,-0.016763776276111045
2017-11-11,0.0008928580915098946,0.0013541676627520556,0.0,0.0008125005976512334,0.0013541676627520556,0.0013496404897958458,0.0
2017-11-12,-0.003993043325192279,-0.009513854643871715,0.0,-0.0057083127863230285,-0.009513854643871715,-0.009486752340360925,-0.009513854643871715
2017-11-13,0.009650233738852786,0.013950440073688532,0.0009809336272131042,0.008762637495098362,0.013950440073688532,0.013652357461562691,0.013950440073688532
2017-11-14,0.0037513976642253285,0.004056953219780884,0.0008280480035180449,0.0027653911332757484,0.004056953219780884,0.003914337815210445,0.004056953219780884
2017-11-15,0.005410362467348051,0.005410362467348051,0.003201485028682033,0.004526811491881643,0.005410362467348051,0.005310707353347328,0.005410362467348051
2017-11-16,0.0022567434586455645,0.012656185716708655,-0.0025207244625005953,0.006585421645024954,0.012656185716708655,0.012057258683366327,0.012656185716708655
2017-11-17,0.003793740541248298,-0.0005822448204180578,0.004472704796564364,0.001439735026374911,-0.0005822448204180578,-0.0005822448204180578,-0.0005822448204180578
2017-11-18,0.000809471568603329,0.006256766722515393,0.0,0.003754060033509236,0.006256766722515393,0.006256766722515393,0.006256766722515393
2017-11-19,0.001995557041040013,0.005678803743420829,0.0,0.003407282246052497,0.005678803743420829,0.005678803743420829,0.005678803743420829
2017-11-20,0.0034324758883573264,0.005816100820265981,-0.002420568257814365,0.0025214331890338424,0.005816100820265981,0.005816100820265981,0.005816100820265981
2017-11-21,0.0018444458465456037,0.0020904775925773495,0.0009441866161021828,0.001631961201987283,0.0020904775925773495,0.0020904775925773495,0.0020904775925773495
2017-11-22,0.009756847292058994,0.009756847292058994,0.001970414626944361,0.006642274226013141,0.009756847292058994,0.009756847292058994,0.009756847292058994
2017-11-23,0.005270045403767099,0.005723623156380037,0.0,0.003434173893828022,0.005723623156380037,0.005723623156380037,0.005723623156380037
2017-11-24,0.02285242659216188,0.022919886909622197,-0.0026660780745939028,0.012685500915935757,0.022919886909622197,0.022919886909622197,0.022919886909622197
2017-11-25,0.005211915089892506,0.005211915089892506,0.0,0.0031271490539355033,0.005211915089892506,0.005211915089892506,0.005211915089892506
2017-11-26,-0.00010467417164603649,0.008024884349807934,0.0,0.00481493060988476,0.008024884349807934,0.008024884349807934,0.008024884349807934
2017-11-27,0.002098654522718362,0.004973717534509394,0.0011628933595300706,0.0034493878645176644,0.004973717534509394,0.004973717534509394,0.004973717534509394
2017-11-28,0.003282048999920204,0.00475983373383932,0.0013768855271610592,0.0034066544511680156,0.00475983373383932,0.00475983373383932,0.00475983373383932
2017-11-29,-0.007875179941843393,-0.014719739915923532,-0.004934557490959918,-0.010805666945938085,-0.014719739915923532,-0.014719739915923532,-0.014719739915923532
2017-11-30,-0.00020178955931240045,0.012543149078392404,-0.004158541216928491,0.005862472960264045,0.012543149078392404,0.012543149078392404,0.012543149078392404
2017-12-01,0.009416747325677242,0.013439734456293428,0.0051022991266927165,0.010104760324453144,0.013439734456293428,0.013439734456293428,0.013439734456293428
2017-12-02,-0.0005555555555555559,0.0002660701545259794,0.0,0.00015964209271558764,0.0002660701545259794,0.0002623379313676328,0.0002660701545259794
2017-12-03,0.00028757705799501993,0.0030705548175641428,0.0,0.0018423328905384855,0.0030705548175641428,0.0030249843689338887,0.0030705548175641428
2017-12-04,-0.0003021441161694087,0.00012602939216406947,-1.4913317285036864e-05,6.965230838442694e-05,0.00012602939216406947,0.0001239806188115427,0.00012602939216406947
2017-12-05,-0.002323022598353116,-0.0022394125658509794,7.090842819471033e-05,-0.0013152841682327035,-0.0022394125658509794,-0.002204225400501287,7.090842819471033e-05
2017-12-06,0.0036895919745331685,0.010186331627557924,0.0014818060894053742,0.006704521412296904,0.010186331627557924,0.010040689926662546,0.010186331627557924
2017-12-07,0.018304134316987276,0.03230858445899037,-0.005181865929974633,0.017312404303404368,0.03230858445899037,0.03148906085725505,0.03230858445899037
2017-12-08,0.0008498569451031689,0.0012149363101825337,0.00021973700251809447,0.000816856587116758,0.0012149363101825337,0.0010662099461337716,0.0012149363101825337
2017-12-09,-0.001,-0.005072333591928133,0.0,-0.00304340015515688,-0.005072333591928133,-0.004331473069763996,-0.005072333591928133
2017-12-10,0.0,-0.005428444807972764,0.0,-0.0032570668847836585,-0.005428444807972764,-0.004588648085821292,-0.005428444807972764
2017-12-11,-0.00038857826106503005,0.03162308644191073,-0.0016700520091218751,0.018305831061497687,0.03162308644191073,0.026166516227393567,0.03162308644191073
2017-12-12,0.0022348860841318245,0.031649240153000524,0.0003943151515030108,0.01914727015240152,0.031649240153000524,0.024011566984195497,0.031649240153000524
2017-12-13,0.003285454146126011,0.003156684225446571,0.0033181067254949292,0.0032212532254659145,0.003156684225446571,0.003205715112804284,0.003156684225446571
2017-12-14,0.00033429240182074885,-0.0024961771037675324,0.0006680445500132914,-0.0012304884422552028,-0.0024961771037675324,-0.0015354004196547599,-0.0024961771037675324
2017-12-15,0.0034801185639115593,0.01018684615598041,0.0024444712564350157,0.007089896196162252,0.01018684615598041,0.007864685530727408,0.01018684615598041
2017-12-16,0.0023075781886596203,0.0131446600787161,0.0,0.00788679604722966,0.0131446600787161,0.009172020501612966,0.0131446600787161
2017-12-17,0.00038988906637139984,0.001760743496079896,0.0,0.0010564460976479376,0.001760743496079896,0.001218745273822819,0.001760743496079896
2017-12-18,0.009126764129503587,0.0179061347290157,-0.002069579206283867,0.009915849154895873,0.0179061347290157,0.011817733111092016,0.0179061347290157
2017-12-19,-0.007348055155820616,-0.007009637426964871,-0.00490696138005739,-0.006168567008201878,-0.007009637426964871,-0.00634439925091141,-0.007009637426964871
2017-12-20,-0.004845634702043788,-0.007483797144472695,-0.003144624883091557,-0.005748128239920239,-0.007483797144472695,-0.006088490173747989,-0.007483797144472695
2017-12-21,0.001310336718142534,-0.0021031049060898674,0.0018842252259216874,-0.0005081728532852453,-0.0021031049060898674,-0.000791735703609792,-0.0021031049060898674
2017-12-22,-0.010563001181336726,-0.032236952634776106,0.0018484533298332995,-0.018602790248932344,-0.032236952634776106,-0.02097243936538577,-0.032236952634776106
2017-12-23,0.003589006678913872,0.014298918201327608,0.0,0.008579350920796565,0.014298918201327608,0.008609007617158182,0.014298918201327608
2017-12-24,-0.006137512489717257,-0.00974435431605832,0.0,-0.005846612589634992,-0.00974435431605832,-0.005824130795294653,-0.00974435431605832
2017-12-25,0.011560849934721843,0.012278915034897567,0.0,0.0073673490209385396,0.012278915034897567,0.007252482687828453,0.012278915034897567
2017-12-26,0.0200319858978072,0.020059763675584978,0.0023463614585720882,0.012974402788779822,0.020059763675584978,0.012809776115183864,0.020059763675584978
2017-12-27,-0.0029483917017566596,-0.0029483917017566596,0.004755986148451824,0.00013335943832673385,-0.0029483917017566596,0.0002514585629513463,-0.0029483917017566596
2017-12-28,-0.010240605211338096,-0.010240605211338096,1.9824005639990094e-05,-0.006136433524546861,-0.010240605211338096,-0.005960126677323046,-0.010240605211338096
2017-12-29,0.0009842247768202157,0.0009842247768202157,0.0013901626235427733,0.0011465999155092386,0.0009842247768202157,0.0011568865849177685,0.0009842247768202157
2017-12-30,-0.018275609138836683,-0.018275609138836683,0.0,-0.010965365483302009,-0.018275609138836683,-0.010495448072588048,-0.018275609138836683
2017-12-31,0.01644555812301461,0.01644555812301461,0.0,0.009867334873808767,0.01644555812301461,0.009158547436366602,0.01644555812301461
2018-01-01,-0.001582360269345082,-0.001582360269345082,0.0,-0.0009494161616070492,-0.001582360269345082,-0.0008733586654343017,-0.001582360269345082
2018-01-02,0.03342088341576302,0.03342088341576302,-0.0015363151483792081,0.019438003990106128,0.03342088341576302,0.017747523368776934,0.03342088341576302
2018-01-03,0.015895557227134944,0.015895557227134944,0.0017376543455758509,0.010232396074511306,0.015895557227134944,0.009171489674178171,0.015895557227134944
2018-01-04,0.005811717849849586,0.005811717849849586,0.00029084154175670895,0.003603367326612435,0.005811717849849586,0.003169073482214502,0.005811717849849586
2018-01-05,0.01725691369696901,0.01725691369696901,-0.0010726419918053176,0.00992509142145928,0.01725691369696901,0.00848545533342619,0.01725691369696901
2018-01-06,0.005517167399019529,0.005517167399019529,0.0,0.0033103004394117175,0.005517167399019529,0.0028516655379624846,0.0
2018-01-07,0.005239517174421627,0.005239517174421627,0.0,0.003143710304652976,0.005239517174421627,0.0027086489149245395,0.005239517174421627
2018-01-08,-0.007310488259962561,-0.007310488259962561,0.0008297601966922308,-0.004054388877300644,-0.007310488259962561,-0.0033826765106451818,-0.007310488259962561
2018-01-09,0.00966975651856821,0.00966975651856821,-0.00517033327257535,0.0037337206021107864,0.00966975651856821,0.002456802406153096,0.00966975651856821
2018-01-10,-0.0024877905364804917,-0.0024877905364804917,-0.00039480930415003446,-0.0016505980435483087,-0.0024877905364804917,-0.001470243563805185,-0.0024877905364804917
2018-01-11,-0.014475472310073524,-0.014475472310073524,0.000977974525181613,-0.008294093575971469,-0.014475472310073524,-0.006940901447361154,-0.014475472310073524
2018-01-12,0.020163346645151143,0.020163346645151143,0.0006757209228838712,0.012368296356244235,0.020163346645151143,0.010531214361939269,0.020163346645151143
2018-01-13,0.013770199696311079,0.013770199696311079,0.0,0.008262119817786647,0.013770199696311079,0.0070490420113908285,0.013770199696311079
2018-01-14,-0.006910369896383088,-0.006910369896383088,0.0,-0.004146221937829852,-0.006910369896383088,-0.003526525959204237,-0.006910369896383088
2018-01-15,-0.0056992596861784595,-0.0056992596861784595,0.0,-0.0034195558117070756,-0.0056992596861784595,-0.0029193863183579875,-0.0056992596861784595
2018-01-16,-0.04315692091739522,-0.04315692091739522,0.00020649311057913122,-0.025811555306205478,-0.04315692091739522,-0.02195618537486674,-0.04315692091739522
2018-01-17,-0.0013105981185616011,-0.0013105981185616011,-0.002278114502742873,-0.0016976046722341099,-0.0013105981185616011,-0.0018345496729943065,-0.0013105981185616011
2018-01-18,0.0018563583942427459,0.0018563583942427459,-0.003984977600729522,-0.0004801760037461615,0.0018563583942427459,-0.0013103361945535244,0.0018563583942427459
2018-01-19,0.004773120750796488,0.004773120750796488,-0.00042623059084739845,0.0026933802141389336,0.004773120750796488,0.0019614015172321414,0.004773120750796488
2018-01-20,0.02477492103921186,0.02477492103921186,0.0,0.014864952623527116,0.02477492103921186,0.011387333334678769,0.02477492103921186
2018-01-21,-0.021344722407142788,-0.021344722407142788,0.0,-0.012806833444285673,-0.021344722407142788,-0.009639500517109633,0.0
2018-01-22,-0.00437123905776614,-0.00437123905776614,-0.0002437586860695451,-0.002720246909087502,-0.00437123905776614,-0.0020595495976111562,-0.00437123905776614
2018-01-23,0.0014972262813260301,0.0014972262813260301,0.002405999461905367,0.0018607355535577648,0.0014972262813260301,0.0020072145644769793,0.0014972262813260301
2018-01-24,0.012229536233992502,0.012229536233992502,-0.0012358464388393109,0.006843383164859776,0.012229536233992502,0.004672439120360904,0.012229536233992502
2018-01-25,-0.003359376218209525,-0.003359376218209525,0.0012591945347934508,-0.0015119479170083347,-0.003359376218209525,-0.0007645136759967197,-0.003359376218209525
2018-01-26,0.004471774979128861,0.004471774979128861,-0.0020125727361399726,0.0018780358930213271,0.004471774979128861,0.0008234790425213092,0.004471774979128861
2018-01-27,0.008143608206985576,0.008143608206985576,0.0,0.004886164924191346,0.008143608206985576,0.003614792966183207,0.008143608206985576
2018-01-28,0.017301158112044135,0.017301158112044135,0.0,0.010380694867226481,0.017301158112044135,0.007673787350685308,0.017301158112044135
2018-01-29,-0.016706909786100517,-0.016706909786100517,-0.003126553196656001,-0.01127476715032271,-0.016706909786100517,-0.009109554898653689,-0.016706909786100517
2018-01-30,-0.03002312125386508,-0.03002312125386508,-0.003554856563792952,-0.01943581537783623,-0.03002312125386508,-0.015034912258699715,-0.03002312125386508
2018-01-31,0.008139919080227844,0.008139919080227844,0.0029016630206931127,0.006044616656413952,0.008139919080227844,0.005084864126048301,0.008139919080227844
2018-02-01,-0.020070134797202186,-0.020070134797202186,-0.005380661782416779,-0.014194345591288023,-0.020070134797202186,-0.011564784830291889,-0.020070134797202186
2018-02-02,-0.0334977851551196,-0.0334977851551196,-0.005011885011869027,-0.02210342509781937,-0.0334977851551196,-0.016823478028377865,-0.0334977851551196
2018-02-03,0.010182500405038899,0.010182500405038899,0.0,0.006109500243023339,0.010182500405038899,0.004062751225185535,0.010182500405038899
2018-02-04,-0.006408554155903462,-0.0257810117688668,0.0,-0.01546860706132008,-0.0257810117688668,-0.010264404471125104,-0.0257810117688668
2018-02-05,-0.022836696530915305,-0.06290570004362837,0.0061241563183015435,-0.03529375749885641,-0.06290570004362837,-0.020714576609682678,-0.06290570004362837
2018-02-06,0.01659223683232197,0.03679858455190028,-0.00473419926231064,0.020185471026215908,0.03679858455190028,0.0097041814191616,0.03679858455190028
2018-02-07,-0.0032859204844062524,-0.01365234588977345,-0.002361688029639014,-0.009136082745719675,-0.01365234588977345,-0.006168320705416111,-0.002361688029639014
2018-02-08,0.00028737247131312984,-0.004404261402639498,0.00032705501099566936,-0.0025117348371854306,-0.004404261402639498,-0.00126345668004274,-0.004404261402639498
2018-02-09,-0.0022275181030299296,0.02145522012335468,-0.0022275181030299296,0.011982124832800837,-0.0032275181030299296,0.005921644156864652,0.02145522012335468
2018-02-10,-0.00021473907720881088,-0.0044114247456620535,0.0,-0.002646854847397232,-0.0054114247456620536,-0.0015019178459454489,-0.0044114247456620535
2018-02-11,-0.000748900272291877,-0.012248191241170246,0.0,-0.007348914744702147,-0.012248191241170246,-0.0041707087077301344,-0.012248191241170246
2018-02-12,0.004885707146825149,0.027165328804916584,0.0013843856812343625,0.016852951555443696,0.027165328804916584,0.01013718493157803,0.027165328804916584
2018-02-13,0.00021289383880044847,-0.005805204906890404,0.0015694853535641595,-0.0028553288027085787,-0.005805204906890404,-0.0009496025877742881,0.0015694853535641595
2018-02-14,0.0034126148813639063,0.03194090353859701,-0.0019464961860385654,0.018385943648742777,0.03194090353859701,0.009904005402860206,0.03194090353859701
2018-02-15,0.00351239451580735,0.015865429157468507,0.0001397198696583002,0.009575145442344423,0.015865429157468507,0.005505499833450317,0.015865429157468507
2018-02-16,0.002739751244937629,0.0025580055426732574,0.0028564008205910207,0.0026773636538403624,0.0025580055426732574,0.002755144272491761,0.0025580055426732574
2018-02-17,0.003368747933628415,0.013060376604220917,0.0,0.007836225962532549,0.013060376604220917,0.00444135385052702,0.013060376604220917
2018-02-18,-0.0036574632443723354,-0.011333509219772855,0.0,-0.006800105531863713,-0.011333509219772855,-0.0038543046874567155,-0.011333509219772855
2018-02-19,0.003349769903876903,0.00949046684196644,0.0,0.005694280105179864,0.00949046684196644,0.0032175990580209073,0.00949046684196644
2018-02-20,-0.0056539429754610135,-0.007953333509648688,-0.0031151727646463734,-0.006018069211647762,-0.007953333509648688,-0.0047643444314290195,-0.007953333509648688
2018-02-21,-0.01396553542639915,-0.018068258848127287,-0.003991813364030011,-0.012437680654488376,-0.018068258848127287,-0.008788419700157368,-0.018068258848127287
2018-02-22,-0.008173992951407843,-0.007951523943360886,0.0015173810427227263,-0.004163961948927441,-0.007951523943360886,-0.0016889561110190055,-0.007951523943360886
2018-02-23,0.013830128243840533,0.021592649142590972,0.0033950484907761536,0.014313608881865045,0.021592649142590972,0.00954904237627327,0.021592649142590972
2018-02-24,-0.007715368046564968,-0.008307878878819428,0.0,-0.004984727327291657,-0.008307878878819428,-0.0028487702018410678,-0.008307878878819428
2018-02-25,-0.0009838431382669806,-0.0011118461992355073,0.0,-0.0006671077195413044,-0.0011118461992355073,-0.000382328281205201,-0.0011118461992355073
2018-02-26,0.017209317924890048,0.017395825861397984,0.0006735140285901442,0.010706901128274849,0.017395825861397984,0.0064374533364374405,0.017395825861397984
2018-02-27,-0.00616902001748349,-0.00616902001748349,-0.0021536863562767183,-0.004562886553000781,-0.00616902001748349,-0.003532799873534028,-0.0021536863562767183
2018-02-28,-0.014775138924927088,-0.014775138924927088,0.0026586894581575315,-0.00780160757169324,-0.014775138924927088,-0.0033804294409682384,-0.014775138924927088
2018-03-01,0.002668373496646639,0.002668373496646639,0.0013781333296540577,0.0021522774298496066,0.002668373496646639,0.0018228281533172884,0.002668373496646639
2018-03-02,0.0004732911669450835,0.0037922040165738746,-0.0026753498950909116,0.00120518245190796,0.0037922040165738746,-0.000441057795836949,-0.0026753498950909116
2018-03-03,0.0033146797575434785,0.004090219106226472,0.0,0.002454131463735883,0.004090219106226472,0.001412565199987598,0.0
2018-03-04,0.0013395777392083339,0.0014467205963511907,0.0,0.0008680323578107145,0.0014467205963511907,0.0005036563100000518,0.0
2018-03-05,0.006123054557477414,0.006123054557477414,-0.001413160219413595,0.0031085686467210104,0.006123054557477414,0.00122736788700415,0.006123054557477414
2018-03-06,-0.00880571633777907,-0.00880571633777907,0.002266460350180105,-0.0043768456625954,-0.00880571633777907,-0.0016099913190932606,-0.00880571633777907
2018-03-07,-0.017292531293080875,-0.017292531293080875,-0.0020887171990460196,-0.011211005655466932,-0.017292531293080875,-0.00755532750843341,-0.0020887171990460196
2018-03-08,-0.012815134383538688,-0.012815134383538688,0.0029596027028526706,-0.006505239548982144,-0.012815134383538688,-0.0027114791471535915,-0.012815134383538688
2018-03-09,0.013534649888370312,0.013534649888370312,-0.002260341155220197,0.0072166534709341085,0.013534649888370312,0.003404328057068102,0.013534649888370312
2018-03-10,-0.012017317402098486,-0.012017317402098486,0.0,-0.0072103904412590914,-0.012017317402098486,-0.00432384619827488,-0.012017317402098486
2018-03-11,0.014826845109798543,0.014826845109798543,0.0,0.008896107065879125,0.014826845109798543,0.0053255088300448805,0.014826845109798543
2018-03-12,-0.006918720450132236,-0.006918720450132236,0.0017122308736335912,-0.0034663399206259046,-0.006918720450132236,-0.0013701123646196766,-0.006918720450132236
2018-03-13,-0.006064799398345132,-0.006064799398345132,0.0015208857203801995,-0.0030305253508549996,-0.006064799398345132,-0.001188481802251048,-0.006064799398345132
2018-03-14,-0.024886991161804137,-0.024886991161804137,0.00263859534836855,-0.013876756557735062,-0.024886991161804137,-0.007219109428491965,-0.024886991161804137
2018-03-15,-0.0016328149452104663,-0.0016328149452104663,-0.0007299650432362748,-0.0012716749844207897,-0.0016328149452104663,-0.001048898488195402,-0.0016328149452104663
2018-03-16,0.0012519470645132097,0.0012519470645132097,-0.0011505914846974552,0.0002909316448289437,0.0012519470645132097,-0.00029844410684990883,-0.0011505914846974552
2018-03-17,-0.014644300018430003,-0.014644300018430003,0.0,-0.008786580011058002,-0.014644300018430003,-0.0052586717782218215,-0.014644300018430003
2018-03-18,0.0014646444498652835,0.0014646444498652835,0.0,0.00087878666991917,0.0014646444498652835,0.0005273953254128349,0.0014646444498652835
2018-03-19,-2.3536170014419138e-05,-2.3536170014419138e-05,-0.0015537392923308246,-0.0006356174189409814,-2.3536170014419138e-05,-0.0010026688027427058,-2.3536170014419138e-05
2018-03-20,0.0055386677754750945,0.0055386677754750945,-0.0011267663405437611,0.0028724941290675524,0.0055386677754750945,0.0012740316339979675,0.0055386677754750945
2018-03-21,0.005320877618134638,0.005320877618134638,0.002801145264544669,0.00431298467669865,0.005320877618134638,0.0037508961009943354,0.005320877618134638
2018-03-22,-0.020648205904703707,-0.020648205904703707,0.0028365908429996423,-0.011254287205622368,-0.020648205904703707,-0.006003703435833702,-0.020648205904703707
2018-03-23,-0.008675911434085637,-0.008675911434085637,0.002537655714836523,-0.004190484574516773,-0.008675911434085637,-0.0016413304335996652,-0.008675911434085637
2018-03-24,-0.00536035693915482,-0.00536035693915482,0.0,-0.0032162141634928918,-0.001,-0.001997533776873482,-0.00536035693915482
2018-03-25,-0.0026633275958536373,-0.0026633275958536373,0.0,-0.0015979965575121824,0.0,-0.001013249889175974,-0.0026633275958536373
2018-03-26,0.003897001332298163,0.003897001332298163,-0.0015002345927900007,0.0017381069622628973,-0.0015002345927900007,0.0005753559138732193,0.003897001332298163
2018-03-27,-0.02366589312365286,-0.02366589312365286,0.003729081125766115,-0.012707903423885268,-0.02466589312365286,-0.006796374227554051,-0.02366589312365286
2018-03-28,-5.3891171657475624e-05,-5.3891171657475624e-05,-0.000596926325267283,-0.00027110523310139854,-0.001596926325267283,-0.0003910213584025141,-5.3891171657475624e-05
2018-03-29,-0.0172443670333422,-0.0172443670333422,0.0016335103809176632,-0.009693216067638255,0.0016335103809176632,-0.005569160725815468,0.0016335103809176632
2018-03-30,-0.001769029832995687,-0.001769029832995687,0.0,-0.0010614178997974122,0.0,-0.0006707974833925021,-0.001769029832995687
2018-03-31,0.0018487167055323767,0.0018487167055323767,0.0,0.001109230023319426,0.0,0.0007021013478875027,0.0018487167055323767
2018-04-01,-0.00678255406899026,-0.00678255406899026,0.0,-0.004069532441394156,0.0,-0.002583489104592432,-0.00678255406899026
2018-04-02,-0.009189566144208442,-0.009189566144208442,0.003563881056786483,-0.004088187263810472,0.003563881056786483,-0.001353602629166755,-0.009189566144208442
2018-04-03,0.023485244059640056,0.023485244059640056,-0.004190557111873605,0.01241492359103459,-0.004190557111873605,0.006527464178317011,0.023485244059640056
2018-04-04,-0.013364900799641675,-0.013364900799641675,-0.00047151344904788894,-0.008207545859404159,-0.00047151344904788894,-0.005471093544537499,-0.013364900799641675
2018-04-05,0.005746022806884706,0.005746022806884706,-0.0028299318904898563,0.0023156409279348807,-0.0028299318904898563,0.0004955648166415519,0.005746022806884706
2018-04-06,-0.018450283910103185,-0.018450283910103185,0.00405565934842772,-0.009447906606690822,-0.019450283910103186,-0.004735090693704813,-0.018450283910103185
2018-04-07,0.009110178616789236,0.009110178616789236,0.0,0.005466107170073542,-0.001,0.003639834448591079,0.009110178616789236
2018-04-08,0.006188984149314248,0.006188984149314248,0.0,0.003713390489588549,0.0,0.002474748230765351,0.006188984149314248
2018-04-09,-0.0006070965178001345,-0.0006070965178001345,0.0006773353001125471,-9.332379063506184e-05,0.0006773353001125471,0.00015511155370540443,-0.0006070965178001345
2018-04-10,0.018399684022687164,0.018399684022687164,-0.0009357280095578513,0.010665519209789157,-0.0009357280095578513,0.00817905969536691,0.018399684022687164
2018-04-11,0.007369742641440796,0.007369742641440796,0.0028657423593707043,0.0055681425286127585,0.006369742641440796,0.005096910282945429,0.007369742641440796
2018-04-12,0.0325189835211425,0.0325189835211425,-0.005106084049943671,0.01746895649270803,-0.006106084049943671,0.013624854847980046,0.0325189835211425
2018-04-13,0.0005498658543352272,0.0005498658543352272,0.0024386325464174075,0.0013053725311680993,-0.0004501341456647728,0.0015449641348555046,0.0005498658543352272
2018-04-14,0.0032419523754021215,0.0032419523754021215,0.0,0.0019451714252412728,0.0032419523754021215,0.0015677188546087382,0.0032419523754021215
2018-04-15,0.011466945456763744,0.011466945456763744,0.0,0.006880167274058246,0.011466945456763744,0.005546200105591692,0.011466945456763744
2018-04-16,-0.003509970594813542,-0.003509970594813542,-0.0005355709893971883,-0.0023202107526470003,-0.003509970594813542,-0.00197525877463037,-0.003509970594813542
2018-04-17,0.0031348571402700274,0.0031348571402700274,0.0010634198801703354,0.0023062822362301507,0.0031348571402700274,0.0021029804371454686,0.0031348571402700274
2018-04-18,0.013272449210438266,0.013272449210438266,-0.002245965719178261,0.007065083238591655,0.013272449210438266,0.0055494797832874405,0.013272449210438266
2018-04-19,0.00616273462823913,0.00616273462823913,-0.002465991738157064,0.0027112440816806525,0.00616273462823913,0.002072775504754396,0.00616273462823913
2018-04-20,0.011283861126888641,0.011283861126888641,-0.003052209634132136,0.00554943282248033,0.011283861126888641,0.004586017334419263,-0.003052209634132136
2018-04-21,-0.0012379632884323606,-0.0012379632884323606,0.0,-0.0007427779730594164,-0.0012379632884323606,-0.0006546452605271188,0.0
2018-04-22,0.001858769855106727,0.001858769855106727,0.0,0.0011152619130640363,0.001858769855106727,0.000993576171999386,0.001858769855106727
2018-04-23,0.005243642690137749,0.005243642690137749,-0.0005959263942970361,0.0029078150563638344,0.005243642690137749,0.0025452377051944173,0.005243642690137749
2018-04-24,0.014599283918837346,0.014599283918837346,-0.000535165444358332,0.008545504173559074,0.014599283918837346,0.007638327873486542,0.014599283918837346
2018-04-25,-0.023391163022797076,-0.023391163022797076,-0.002792471763654353,-0.015151686519139985,-0.003792471763654353,-0.013806793859200911,-0.023391163022797076
2018-04-26,0.022207252098896364,0.022207252098896364,0.00273833480076488,0.01441968517964377,0.00273833480076488,0.013019444904146079,0.022207252098896364
2018-04-27,-0.005376574612840295,-0.005376574612840295,0.003199539843853655,-0.0019461288301627151,-0.006376574612840295,-0.0012213536166315053,-0.005376574612840295
2018-04-28,0.010761544637357037,0.010761544637357037,0.0,0.006456926782414222,0.010761544637357037,0.0056846681167124265,0.010761544637357037
2018-04-29,0.0016846999984411316,0.0016846999984411316,0.0,0.001010819999064679,0.0016846999984411316,0.0008873033329325108,0.0016846999984411316
2018-04-30,-0.008093527099054691,-0.008093527099054691,-5.999319692995275e-05,-0.004880113538204795,-0.008093527099054691,-0.004290782594153967,-0.008093527099054691
2018-05-01,0.0004664945570227452,0.0004664945570227452,-0.0013999568161783549,-0.0002800859922576948,-0.002399956816178355,-0.000403166314390806,0.0004664945570227452
2018-05-02,0.0026757817687689625,0.0026757817687689625,0.0007856862697714906,0.0019197435691699738,0.0007856862697714906,0.0017970931235445817,0.0026757817687689625
2018-05-03,0.020906390384383036,0.020906390384383036,0.0020104312404689295,0.013348006726817394,0.0020104312404689295,0.012246143037260706,0.020906390384383036
2018-05-04,0.008226060532897268,0.008226060532897268,0.001235098759796105,0.005429675823656803,0.001235098759796105,0.0049298613296981375,0.008226060532897268
2018-05-05,0.006115786778903527,0.006115786778903527,0.0,0.0036694720673421163,0.005115786778903527,0.0032230708903938474,0.0
2018-05-06,-0.005533454770501267,-0.005533454770501267,0.0,-0.00332007286230076,-0.001,-0.002913051667326058,0.0
2018-05-07,-0.005562274473897023,-0.005562274473897023,5.181318683478153e-05,-0.003316639409604301,5.181318683478153e-05,-0.0028980967953203805,-0.005562274473897023
2018-05-08,-0.0006835061192298116,-0.0006835061192298116,0.0003132191180744148,-0.0002848160243081211,-0.0016835061192298118,-0.0002105487736071303,-0.0006835061192298116
2018-05-09,0.008165977532502625,0.008165977532502625,-0.0025842788831428043,0.0038658749662444526,0.008165977532502625,0.003090459023289341,0.008165977532502625
2018-05-10,-0.0012774489972255203,-0.0012774489972255203,0.0031173618321128083,0.0004804753345098112,-0.0012774489972255203,0.0007631296645328498,-0.0012774489972255203
2018-05-11,-0.014844689083328144,-0.014844689083328144,-0.00011476871814092293,-0.008952720937253255,-0.014844689083328144,-0.008089499520129703,-0.014844689083328144
2018-05-12,0.0018910162781816799,0.0018910162781816799,0.0,0.0011346097669090078,0.0018910162781816799,0.0010194078742750523,0.0018910162781816799
2018-05-13,0.010546356145214696,0.010546356145214696,0.0,0.006327813687128817,0.010546356145214696,0.005738047362294992,0.010546356145214696
2018-05-14,0.00010764165529991093,0.00010764165529991093,-0.00257496377445518,-0.0009654005166021254,0.00010764165529991093,-0.0011062294179578498,0.00010764165529991093
2018-05-15,-0.010358274107997636,-0.010358274107997636,-0.006725570781923651,-0.008905192777568042,-0.010358274107997636,-0.008721346221035767,-0.006725570781923651
2018-05-16,0.0010523051854032855,0.0010523051854032855,-0.0012568230157396776,0.0001286539049461002,0.0010523051854032855,5.928618989477609e-06,0.0010523051854032855
2018-05-17,-0.007644429438118593,-0.007644429438118593,-0.000963794528543449,-0.004972175474288535,-0.007644429438118593,-0.0047729892813451955,-0.007644429438118593
2018-05-18,0.003972166176473014,0.003972166176473014,0.003733420033740442,0.0038766677193799856,0.003972166176473014,0.0038689485969554895,0.003972166176473014
2018-05-19,0.00029508428381190094,0.00029508428381190094,0.0,0.00017705057028714056,0.00029508428381190094,0.0001674095119347994,0.00029508428381190094
2018-05-20,0.006589876890388258,0.006589876890388258,0.0,0.003953926134232955,0.006589876890388258,0.0038003433959083416,0.006589876890388258
2018-05-21,0.002469983413844289,0.002469983413844289,0.00024169847533742073,0.0015786694384415415,0.002469983413844289,0.0015242519229536778,0.002469983413844289
2018-05-22,-0.015754756006830788,-0.015754756006830788,-0.0007272846315780068,-0.009743767456729674,-0.015754756006830788,-0.009376965567254808,-0.015754756006830788
2018-05-23,-0.015822360083398927,-0.015822360083398927,0.004237052142329001,-0.007798595193107756,-0.015822360083398927,-0.007107557078404629,-0.015822360083398927
2018-05-24,0.0005493528644671243,0.0005493528644671243,0.004473345274539575,0.002118949828496105,0.0005493528644671243,0.0022901535896529593,0.0005493528644671243
2018-05-25,-0.009559425077132021,-0.009559425077132021,0.0029882279615679463,-0.004540363861652034,-0.009559425077132021,-0.004204171779432535,-0.009559425077132021
2018-05-26,-0.0017423791371106538,-0.0017423791371106538,0.0,-0.0010454274822663922,-0.0017423791371106538,-0.0009975576560806556,-0.0017423791371106538
2018-05-27,-0.0025781321870069884,-0.0025781321870069884,0.0,-0.001546879312204193,-0.0025781321870069884,-0.0014792865113755415,-0.0025781321870069884
2018-05-28,-0.014489924158197214,-0.014489924158197214,0.0,-0.008693954494918327,-0.014489924158197214,-0.008314406016600284,-0.014489924158197214
2018-05-29,0.010822677357325512,0.010822677357325512,0.00984754509241445,0.010432624451361087,0.010822677357325512,0.010398781059764016,0.00984754509241445
2018-05-30,0.009915761479545168,0.009915761479545168,-0.004281783270462858,0.004236743579541957,0.009915761479545168,0.004024792474664524,0.009915761479545168
2018-05-31,0.001032733171099223,0.001032733171099223,-0.0012826066054713037,0.00010659726047101232,0.001032733171099223,6.535334343830555e-05,0.001032733171099223
2018-06-01,0.005968091347636811,0.005968091347636811,-0.003079765435208215,0.0023489486344988003,0.005968091347636811,0.002321057325030731,0.005968091347636811
2018-06-02,0.003756460900747068,0.003756460900747068,0.0,0.002253876540448241,0.003756460900747068,0.0022414959796624367,0.003756460900747068
2018-06-03,0.006095700907643368,0.006095700907643368,0.0,0.003657420544586021,0.006095700907643368,0.0036363813060342693,0.006095700907643368
2018-06-04,-0.0063565750827793265,-0.0063565750827793265,-0.0031373838606439386,-0.005068898593925171,-0.0063565750827793265,-0.005066133712903343,-0.0063565750827793265
2018-06-05,0.0053928782952794695,0.0053928782952794695,0.0019040519438952297,0.003997347754725773,0.0053928782952794695,0.004002933684024498,0.0053928782952794695
2018-06-06,0.0044475655714206015,0.0044475655714206015,-0.0035970026243539732,0.0012297382931107715,0.0044475655714206015,0.0014115742767945966,0.0044475655714206015
2018-06-07,-3.119495603059402e-05,-3.119495603059402e-05,0.002852810192133487,0.0011224071032350383,-3.119495603059402e-05,0.001023887311940948,-3.119495603059402e-05
2018-06-08,-0.0006056687280579817,-0.0006056687280579817,-0.0006876839688502168,-0.0006384748243748756,-0.0006056687280579817,-0.0006356344752499213,-0.0006056687280579817
2018-06-09,-0.0020040925960499198,-0.0020040925960499198,0.0,-0.0012024555576299518,-0.0020040925960499198,-0.0013176745296830212,-0.0020040925960499198
2018-06-10,-0.024221561920465887,-0.024221561920465887,0.0,-0.014532937152279532,-0.024221561920465887,-0.015967080089134975,-0.024221561920465887
2018-06-11,0.005089372964833583,0.005089372964833583,-5.5879045179368925e-05,0.003031272160828402,0.005089372964833583,0.00315312085267009,0.005089372964833583
2018-06-12,-0.012529450661111231,-0.012529450661111231,-0.0004096504446999827,-0.007681530574546731,-0.012529450661111231,-0.007964833224380102,-0.012529450661111231
2018-06-13,-0.011041027540532846,-0.011041027540532846,-7.2487225891954e-05,-0.006653611414676489,-0.011041027540532846,-0.006958631176133305,-0.011041027540532846
2018-06-14,0.016940270259521335,0.016940270259521335,0.006491998025444534,0.012760961365890614,0.016940270259521335,0.012995387293647388,0.016940270259521335
2018-06-15,-0.016005675845315353,-0.016005675845315353,-0.003908571242328823,-0.01116683400412074,-0.016005675845315353,-0.011922702329744517,-0.003908571242328823
2018-06-16,0.003565142107882934,0.003565142107882934,0.0,0.00213908526472976,0.003565142107882934,0.002305958738985643,0.003565142107882934
2018-06-17,-0.0006840157795985347,-0.0006840157795985347,0.0,-0.0004104094677591208,-0.0006840157795985347,-0.00044235436069426504,-0.0006840157795985347
2018-06-18,0.009663139645429149,0.009663139645429149,-0.0005795371246094527,0.005566068937413709,0.009663139645429149,0.006114416482191243,0.009663139645429149
2018-06-19,0.0013944349241877695,0.0013944349241877695,0.002178615634817249,0.0017081072084395613,0.0013944349241877695,0.0016692758147729557,0.0013944349241877695
2018-06-20,0.0033178479288155215,0.0033178479288155215,-0.003916226958888852,0.00042421797373377174,0.0033178479288155215,0.0007849783686600489,0.0033178479288155215
2018-06-21,-0.008469279182235686,-0.008469279182235686,0.0008414265568719992,-0.004744996886592611,-0.008469279182235686,-0.005293052352847375,-0.008469279182235686
2018-06-22,-0.017571687631827322,-0.017571687631827322,-0.00026810921613765193,-0.010650256265551454,-0.017571687631827322,-0.011630148687448499,-0.017571687631827322
2018-06-23,0.0035149263961347346,0.0035149263961347346,0.0,0.0021089558376808405,0.0035149263961347346,0.002274155567136969,0.0035149263961347346
2018-06-24,-0.00375121211638052,-0.00375121211638052,0.0,-0.002250727269828312,-0.00375121211638052,-0.002424077150711821,-0.00375121211638052
2018-06-25,-0.009159421733429478,-0.009159421733429478,-0.0004335555990775397,-0.005669075279688703,-0.009159421733429478,-0.006069257277909293,-0.009159421733429478
2018-06-26,-0.0050087801082365395,-0.0050087801082365395,0.0004675578464239105,-0.002818244926372359,-0.0050087801082365395,-0.0030571773184940023,-0.0050087801082365395
2018-06-27,2.122863033125909e-06,2.122863033125909e-06,0.00338422043675779,0.0013549618925229917,2.122863033125909e-06,0.0011659972814141901,2.122863033125909e-06
2018-06-28,-0.006468950374490887,-0.006468950374490887,-0.0009409847455163767,-0.004257764122901083,-0.006468950374490887,-0.004740268714079105,-0.006468950374490887
2018-06-29,0.012753391511471491,0.012753391511471491,-0.002134197414260519,0.006798355941178687,0.012753391511471491,0.008625307383224983,0.012753391511471491
2018-06-30,0.008203639165504484,0.008203639165504484,0.0,0.0049221834993026905,0.008203639165504484,0.005826867854250928,0.008203639165504484
2018-07-01,-0.0006234881420656979,-0.0006234881420656979,0.0,-0.00037409288523941874,-0.0006234881420656979,-0.0004452527755722401,-0.0006234881420656979
2018-07-02,0.005377464751797888,0.005377464751797888,-0.0016710589630871686,0.002558055265843865,0.005377464751797888,0.0033657632177189973,0.005377464751797888
2018-07-03,-0.003521882034638534,-0.003521882034638534,0.003709380554525993,-0.000629376998972723,-0.003521882034638534,-0.001467158808758489,-0.003521882034638534
2018-07-04,0.001903971541785084,0.001903971541785084,0.0,0.0011423829250710503,0.001903971541785084,0.0013619784608144459,0.001903971541785084
2018-07-05,0.008885978247758164,0.008885978247758164,0.0007838365894798915,0.005645121584446854,0.008885978247758164,0.006582360639466078,0.008885978247758164
2018-07-06,0.0064664288791598246,0.0064664288791598246,-0.00016530442183823602,0.0038137355587606002,0.0064664288791598246,0.004778947946283287,0.0064664288791598246
2018-07-07,0.007190833328427872,0.007190833328427872,0.0,0.004314499997056723,0.007190833328427872,0.00537874991210992,0.007190833328427872
2018-07-08,-0.0019200126813865908,-0.0019200126813865908,0.0,-0.0011520076088319545,-0.0019200126813865908,-0.0014335242754601304,-0.0019200126813865908
2018-07-09,0.0017649618008685414,0.0017649618008685414,-0.001531864616138745,0.00044623123406562664,0.0017649618008685414,0.0009353984841541389,0.0017649618008685414
2018-07-10,-0.01590888692700924,-0.01590888692700924,-0.0005767784228189188,-0.00977604352533311,-0.01590888692700924,-0.012072372608826078,-0.01590888692700924
2018-07-11,-0.006534019442824255,-0.006534019442824255,0.00047620839755957434,-0.003729928306670723,-0.006534019442824255,-0.0046487010544001214,-0.006534019442824255
2018-07-12,-0.001532636791672642,-0.001532636791672642,0.0011231057586693072,-0.00047033977153586223,-0.001532636791672642,-0.0008302844299601077,-0.001532636791672642
2018-07-13,0.0018262414250062894,0.0018262414250062894,-0.00035206293178632886,0.0009549196822892421,0.0018262414250062894,0.0012501366831834313,0.0018262414250062894
2018-07-14,0.0012052046052600425,0.0012052046052600425,0.0,0.0007231227631560254,0.0012052046052600425,0.0009046780480829038,0.0012052046052600425
2018-07-15,0.0049855763287057885,0.0049855763287057885,0.0,0.002991345797223473,0.0049855763287057885,0.003743852275142161,0.0049855763287057885
2018-07-16,0.009214155554676492,0.009214155554676492,-0.0019806547317524903,0.004736231440104899,0.009214155554676492,0.006521395541061891,0.009214155554676492
2018-07-17,0.015023148119317696,0.015023148119317696,-0.002216145002407327,0.008127430870627686,0.015023148119317696,0.010721982616856683,0.015023148119317696
2018-07-18,-0.0028563271239574225,-0.0028563271239574225,-0.0008359566502064153,-0.00204817893445702,-0.0028563271239574225,-0.002326285927509,-0.0028563271239574225
2018-07-19,-0.00028544771844244793,-0.00028544771844244793,0.0016919936171900796,0.0005055288158105631,-0.00028544771844244793,0.00023381080627406424,-0.00028544771844244793
2018-07-20,-0.006898266568104944,-0.006898266568104944,-0.004313619034426591,-0.005864407554633603,-0.006898266568104944,-0.006230412805395108,-0.006898266568104944
2018-07-21,0.0038782678691140987,0.0038782678691140987,0.0,0.002326960721468459,0.0038782678691140987,0.0028695966638518757,0.0
2018-07-22,-0.0006796958804581434,-0.0006796958804581434,0.0,-0.000407817528274886,-0.0006796958804581434,-0.0005018527868705656,-0.0006796958804581434
2018-07-23,0.00262445050114293,0.00262445050114293,-0.005107808665517272,-0.0004684531655211506,0.00262445050114293,0.0006343579556934904,0.00262445050114293
2018-07-24,0.01921515776655654,0.01921515776655654,0.0012177507738372895,0.01201619496946884,0.01921515776655654,0.014581583234819713,0.01921515776655654
2018-07-25,0.0022413273651137816,0.0022413273651137816,-0.00038999256656180314,0.0011887993924435476,0.0022413273651137816,0.001532244319624281,0.0022413273651137816
2018-07-26,-0.005376432114864789,-0.005376432114864789,-0.0009932923513082115,-0.003623176209442158,-0.005376432114864789,-0.00428448953046958,-0.005376432114864789
2018-07-27,-0.001896496042512494,-0.001896496042512494,0.0006432148679636485,-0.000880611678322037,-0.001896496042512494,-0.0012572401881669334,-0.001896496042512494
2018-07-28,-0.00028549781083211625,-0.00028549781083211625,0.0,-0.00017129868649926974,-0.00028549781083211625,-0.0002158589610169792,-0.00028549781083211625
2018-07-29,0.0003013907253407074,0.0003013907253407074,0.0,0.00018083443520442442,0.0003013907253407074,0.00022797025466334765,0.0003013907253407074
2018-07-30,-0.004048290474798562,-0.004048290474798562,-0.0024652321599472615,-0.003415067148858042,-0.004048290474798562,-0.0036637642923938634,-0.004048290474798562
2018-07-31,-0.007383689109495915,-0.007383689109495915,0.002945780192582126,-0.0032519013886646983,-0.007383689109495915,-0.005064476591803955,-0.007383689109495915
2018-08-01,-0.008348415287098239,-0.008348415287098239,-0.004159329800857092,-0.00667278109260178,-0.008348415287098239,-0.007428652484212362,-0.008348415287098239
2018-08-02,-0.001193419109951657,-0.001193419109951657,0.0007081751010625248,-0.0004327814255459843,-0.001193419109951657,-0.0007811491933676932,0.0007081751010625248
2018-08-03,0.0010855096121117963,0.0010855096121117963,0.002956153284217833,0.0018337670809542108,0.0010855096121117963,0.001491007201078155,0.0010855096121117963
2018-08-04,-0.008926036111363063,-0.008926036111363063,0.0,-0.005355621666817838,-0.008926036111363063,-0.007023198914534235,-0.008926036111363063
2018-08-05,0.001453427241311515,0.001453427241311515,0.0,0.0008720563447869089,0.001453427241311515,0.0011355278167360277,0.001453427241311515
2018-08-06,-0.0012081688709047406,-0.0012081688709047406,-0.000616646716861291,-0.0009715600092873608,-0.0012081688709047406,-0.0010810755665097468,-0.0012081688709047406
2018-08-07,-0.007031654380187368,-0.007031654380187368,-0.001544087069185629,-0.004836627455786672,-0.007031654380187368,-0.005871044058587936,-0.001544087069185629
2018-08-08,-0.017160653032067857,-0.017160653032067857,0.0008745764652619004,-0.009946561233135953,-0.017160653032067857,-0.013333949081485535,0.0008745764652619004
2018-08-09,0.005730893614511536,0.005730893614511536,0.0039142447815559145,0.005004234081329288,0.005730893614511536,0.005304063370951387,0.005730893614511536
2018-08-10,-0.020324618700052546,-0.020324618700052546,0.004564853030909283,-0.010368830007667815,-0.020324618700052546,-0.014378569966465766,-0.020324618700052546
2018-08-11,-0.0020166667035487074,-0.0020166667035487074,0.0,-0.0012100000221292244,-0.0020166667035487074,-0.0014718995848766144,0.0
2018-08-12,-0.0004010421616781458,-0.0004010421616781458,0.0,-0.00024062529700688746,-0.0004010421616781458,-0.00029270701960604315,-0.0004010421616781458
2018-08-13,-0.015750880051711262,-0.015750880051711262,-0.004264326315965072,-0.011156258557412787,-0.015750880051711262,-0.013183555635135142,-0.015750880051711262
2018-08-14,-0.0011600756350098236,-0.0011600756350098236,0.0004192318802089534,-0.0005283526289223127,-0.0011600756350098236,-0.0007808009998544824,-0.0011600756350098236
2018-08-15,-0.007314413785929773,-0.007314413785929773,-0.0020886441360091768,-0.005224105925961535,-0.007314413785929773,-0.0061220672626719295,-0.007314413785929773
2018-08-16,0.008346641957154906,0.008346641957154906,-0.0004915342038350756,0.004811371492758913,0.008346641957154906,0.006381281610599044,-0.0004915342038350756
2018-08-17,0.018309192466592423,0.018309192466592423,0.001454681985238515,0.01156738827405086,0.018309192466592423,0.014955725154381094,0.018309192466592423
2018-08-18,-0.00965785735314458,-0.00965785735314458,0.0,-0.005794714411886748,-0.00965785735314458,-0.0076056171892553304,-0.00965785735314458
2018-08-19,0.0029337693461518287,0.0033100429357837413,0.0,0.0019860257614702447,0.0033100429357837413,0.0025858229997459316,0.0033100429357837413
2018-08-20,-0.010452391356103645,-0.011088998252499292,0.003113079905142646,-0.0054081669894425165,-0.011088998252499292,-0.007959704953748798,-0.011088998252499292
2018-08-21,0.008931557068526776,0.008979176116145824,-0.0019275538739525755,0.004616484120106464,0.008979176116145824,0.0065807926810011845,0.008979176116145824
2018-08-22,-0.0027414069616408985,-0.0027414069616408985,0.001310792456870935,-0.001120527194236165,-0.0027414069616408985,-0.00181468090526945,-0.0027414069616408985
2018-08-23,0.0026816386787818195,0.0026816386787818195,-0.00040633848381754767,0.0014464478137420727,0.0026816386787818195,0.0019796393524628532,0.0026816386787818195
2018-08-24,0.010764785211141067,0.010764785211141067,0.0037468569965244114,0.007957613925294404,0.010764785211141067,0.00919924168167717,0.010764785211141067
2018-08-25,-0.0005892589126291882,-0.0005892589126291882,0.0,-0.0003535553475775129,-0.0005892589126291882,-0.00046712966133825146,-0.0005892589126291882
2018-08-26,-0.0026865789499776285,-0.0026865789499776285,0.0,-0.001611947369986577,-0.0026865789499776285,-0.0021338638822307565,-0.0026865789499776285
2018-08-27,0.011604671558181111,0.011604671558181111,-0.002040265329378177,0.006146696803157396,0.011604671558181111,0.008805840949531029,0.011604671558181111
2018-08-28,0.008450076700426499,0.008450076700426499,-0.004046340754593286,0.0034515097184185848,0.008450076700426499,0.0058112688042476785,0.008450076700426499
2018-08-29,0.0012810574856384853,0.0012810574856384853,0.001002871765213409,0.0011697831974684548,0.0012810574856384853,0.0012210778915535058,0.0012810574856384853
2018-08-30,-0.006090789915288059,-0.006090789915288059,-2.547757948817564e-05,-0.003664664980968105,-0.006090789915288059,-0.004782328459432988,-0.006090789915288059
2018-08-31,-9.023844636476171e-05,-9.023844636476171e-05,0.0002821913296575107,5.8733464044147267e-05,-9.023844636476171e-05,-1.0073269552996958e-05,-9.023844636476171e-05
2018-09-01,0.007301427983396256,0.007301427983396256,0.0,0.004380856790037754,0.007301427983396256,0.005848502867802421,0.007301427983396256
2018-09-02,0.0008626160020707769,0.0008626160020707769,0.0,0.0005175696012424661,0.0008626160020707769,0.0006922305508162103,0.0008626160020707769
2018-09-03,-0.002122956938875579,-0.002122956938875579,0.0,-0.0012737741633253473,-0.002122956938875579,-0.0017035328941609306,-0.002122956938875579
2018-09-04,-0.004105907226793727,-0.004105907226793727,-0.002202482627980007,-0.003344537387268239,-0.004105907226793727,-0.003734968747760773,-0.004105907226793727
2018-09-05,-0.032351638471307474,-0.032351638471307474,-0.0007169197896573776,-0.019697750998647436,-0.032351638471307474,-0.026172269499947283,-0.032351638471307474
2018-09-06,-0.010117059526513638,-0.010117059526513638,0.001918144893312601,-0.005302977758583142,-0.010117059526513638,-0.006685152932929539,-0.010117059526513638
2018-09-07,-0.0068173127721483226,-0.009894577042263054,-0.0032342077278914305,-0.007230429316514404,-0.009894577042263054,-0.007999428435837373,-0.009894577042263054
2018-09-08,-0.0053536067741584885,-0.01399062007460989,0.0,-0.008394372044765933,-0.01399062007460989,-0.009989321949683818,-0.01399062007460989
2018-09-09,7.695002918452764e-05,0.0007598678054538585,0.0,0.00045592068327231504,0.0007598678054538585,0.0005378734369514205,0.0007598678054538585
2018-09-10,0.0010515920431188618,0.002818649030070391,0.00039942726791772354,0.001850960325209324,0.002818649030070391,0.0021109628566034436,0.002818649030070391
2018-09-11,-0.002974124196257725,-0.0032783066121271475,-0.002456799789598313,-0.0029497038831156133,-0.0032783066121271475,-0.0030375187815829176,-0.0032783066121271475
2018-09-12,0.0015439448838725173,0.0007964838943249619,0.002091771597293013,0.0013145989755121823,0.0007964838943249619,0.0011563154566664284,0.0007964838943249619
2018-09-13,0.011909668706866638,0.021957801210840653,-0.0012396697330981643,0.012678812833265125,0.021957801210840653,0.01555552445251932,0.021957801210840653
2018-09-14,-0.0011441798161906905,-0.0003645944392874541,-0.002392818749397979,-0.0011758841633316643,-0.0003645944392874541,-0.001000532530695239,-0.0003645944392874541
2018-09-15,0.0020105096689574248,0.006462760406414124,0.0,0.0038776562438484746,0.006462760406414124,0.0044393413962933274,0.006462760406414124
2018-09-16,-0.001131527142886541,-0.0016796060000529146,0.0,-0.0010077636000317487,-0.0016796060000529146,-0.0011483591262138916,-0.0016796060000529146
2018-09-17,-0.012812613016223776,-0.01832190521410991,0.00016305106988107054,-0.010927922700513517,-0.01832190521410991,-0.01251526116433525,-0.01832190521410991
2018-09-18,0.009290534098238342,0.01277336007561526,-0.003624181199365195,0.006214343565623078,0.01277336007561526,0.0074236967100260775,-0.003624181199365195
2018-09-19,1.786106777062449e-05,0.00024345910539322644,-0.001041876511130052,-0.000270675141216085,0.00024345910539322644,-0.0001703475909087703,0.00024345910539322644
2018-09-20,0.01470428943476189,0.015448084046933838,0.00024506385798958585,0.009366875971356136,0.015448084046933838,0.010553378258659183,0.015448084046933838
2018-09-21,0.014257834183243397,0.014305453230862445,-0.0009112979604191107,0.008218752754349823,0.014305453230862445,0.009150219064856236,0.014305453230862445
2018-09-22,-0.002013407601888285,-0.002964451659044983,0.0,-0.0017786709954269897,-0.002964451659044983,-0.0019270392223606362,-0.002964451659044983
2018-09-23,0.0009499188992299675,0.0015912408789510908,0.0,0.0009547445273706544,0.0015912408789510908,0.0010358911553860826,0.0015912408789510908
2018-09-24,-0.0076743005346302275,-0.00869083029785552,-0.0009566275861589424,-0.005597149213176889,-0.00869083029785552,-0.005989058572720536,-0.00869083029785552
2018-09-25,-0.0058731173430591616,-0.005726291946233765,9.182103290611421e-05,-0.0033990467545778127,-0.005726291946233765,-0.003678146394554805,-0.005726291946233765
2018-09-26,-0.004638434925200972,-0.004638434925200972,0.0013555828576703732,-0.0022408278120524335,-0.004638434925200972,-0.002666308432760199,0.0013555828576703732
2018-09-27,0.01168568568041992,0.01168568568041992,-0.0002425670813034908,0.006914384575730555,0.01168568568041992,0.007763414352906874,0.01168568568041992
2018-09-28,-0.0017636149652819283,-0.0017636149652819283,0.0016438334944336719,-0.0004006355813956882,-0.0017636149652819283,-0.0006116705136075784,-0.0017636149652819283
2018-09-29,0.003907553247224422,0.003907553247224422,0.0,0.002344531948334653,0.003907553247224422,0.0025865779946194403,0.003907553247224422
2018-09-30,0.0009790503081423818,0.0009790503081423818,0.0,0.000587430184885429,0.0009790503081423818,0.0006466346966302039,0.0009790503081423818
2018-10-01,0.0002949988170840085,0.0002949988170840085,-0.002494602072865809,-0.0008208415388959187,0.0002949988170840085,-0.0006525440032362927,0.0002949988170840085
2018-10-02,-0.004151787337778446,-0.004151787337778446,0.005456066427385942,-0.0003086458317126911,-0.004151787337778446,-0.0008920977488898402,-0.004151787337778446
2018-10-03,-0.002483539453790071,-0.002483539453790071,-0.006398441636860874,-0.0040495003270183925,-0.002483539453790071,-0.0038047166220824625,-0.006398441636860874
2018-10-04,-0.006309326980488781,-0.006309326980488781,-0.0021816534104705243,-0.004658257552481478,-0.006309326980488781,-0.004929169413591008,-0.006309326980488781
2018-10-05,-0.0004990521117502015,-0.0004990521117502015,-0.0023386517905359394,-0.0012348919832644966,-0.0004990521117502015,-0.0011172908710708313,-0.0004990521117502015
2018-10-06,-0.0017844838031868908,-0.0017844838031868908,0.0,-0.0010706902819121345,-0.0017844838031868908,-0.0011852074729968602,-0.0017844838031868908
2018-10-07,0.0007399786756481477,0.0007399786756481477,0.0,0.00044398720538888864,0.0007399786756481477,0.0004942585285163131,0.0007399786756481477
2018-10-08,0.00213899513477061,0.00213899513477061,-0.0032129568496744865,-1.7856590074287297e-06,0.00213899513477061,0.0003627374350999939,-0.0032129568496744865
2018-10-09,0.0006421594327452965,0.0006421594327452965,0.0030407110706789087,0.0016015800879187415,0.0006421594327452965,0.001439537895134434,0.0006421594327452965
2018-10-10,-0.0233017106825067,-0.0233017106825067,-0.00022933798601759703,-0.014072761603911058,-0.0233017106825067,-0.015682818061069873,-0.0233017106825067
2018-10-11,-0.03950853425060693,-0.03950853425060693,0.009109405307342888,-0.020061358427427,-0.03950853425060693,-0.022767757242339776,-0.03950853425060693
2018-10-12,-0.002565066280046157,0.010511859230518414,-0.0015650662800461568,0.005681089026292585,-0.002565066280046157,0.0055231914504930875,0.010511859230518414
2018-10-13,0.0,0.001960834121456682,0.0,0.001176500472874009,0.0009608341214566818,0.001169113691391939,0.001960834121456682
2018-10-14,0.0,-0.0022067315228350643,0.0,-0.0013240389137010385,-0.001,-0.0013149590061939356,0.0
2018-10-15,0.00130663055644013,0.011589096430135972,0.0011187263889564092,0.007400948413664146,0.0011187263889564092,0.007357414207519699,0.011589096430135972
2018-10-16,0.0010339078723439641,0.014700120303366858,0.00021115181130876293,0.00890453290654362,0.00021115181130876293,0.0088874558838933,0.014700120303366858
2018-10-17,-0.0014465925729222075,-0.005638783848122059,-0.0009408446351248656,-0.0037596081629231817,-0.006638783848122059,-0.0037080762433154184,-0.005638783848122059
2018-10-18,0.0016257625350659937,-0.013219187804863296,0.0017249688842723432,-0.00724152512920904,-0.013219187804863296,-0.007090392241346633,0.0017249688842723432
2018-10-19,-0.0011414572938613827,-9.100916215995823e-05,-0.0011435419274027636,-0.0005120222682570804,-0.0021435419274027636,-0.0005263035634858264,-9.100916215995823e-05
2018-10-20,-3.968253968253954e-05,0.001337462902740209,0.0,0.0008024777416441254,0.0,0.0008051527555786658,0.001337462902740209
2018-10-21,-2.5255614468333977e-05,-0.000272882969204037,0.0,-0.0001637297815224222,0.0,-0.00016515673672776147,-0.000272882969204037
2018-10-22,-0.0004968489174581488,-0.0038188943619760097,-4.287915484604832e-05,-0.002308488279124025,-4.287915484604832e-05,-0.002331085082566738,-4.287915484604832e-05
2018-10-23,0.0010313138435103883,-0.007910310882045154,0.0025195943291990708,-0.0037383487975474637,0.0025195943291990708,-0.0038469927250660775,-0.007910310882045154
2018-10-24,-0.00042637881092382775,-0.019805465769405377,0.005085549020124314,-0.0098490598535935,0.005085549020124314,-0.010162941953017752,-0.019805465769405377
2018-10-25,0.0011320511047109095,0.011925155722415296,-0.0015147569689782925,0.00654919064585786,-0.0015147569689782925,0.0065095846280541474,0.011925155722415296
2018-10-26,0.0012471398615920722,-0.009138114040586238,0.002740642641165719,-0.004386611367885455,0.002740642641165719,-0.0042722403928609496,0.002740642641165719
2018-10-27,5.2071458823417604e-05,0.00057805019058753,0.0,0.00034683011435251797,0.0,0.000343295923971087,0.00057805019058753
2018-10-28,0.00011087791796980511,0.0007320274517420197,0.0,0.00043921647104521177,0.0,0.00043463743567916205,0.0007320274517420197
2018-10-29,-0.004258998100783583,-0.012654276301516412,-0.0008926823092929304,-0.007949638704627018,-0.0008926823092929304,-0.007874650323840339,-0.012654276301516412
2018-10-30,0.002631829495939814,0.010854482370719743,-0.0018128541999255787,0.005787547742461614,-0.0018128541999255787,0.005733895364033631,0.010854482370719743
2018-10-31,-0.0012468316655926915,0.002346772359539876,-0.003389458305004117,5.228009372227889e-05,-0.003389458305004117,1.4570767480806546e-05,0.002346772359539876
2018-11-01,0.004401742408490486,0.00921293072537969,0.0020128142232474777,0.006332884124526805,0.0020128142232474777,0.00628326119168878,0.00921293072537969
2018-11-02,-0.003235200449582856,-0.002151421973980019,-0.0038732735103876037,-0.002840162588543053,-0.0038732735103876037,-0.0028589613795559424,-0.002151421973980019
2018-11-03,-0.00033472992768861514,-0.0007213812888866454,0.0,-0.0004328287733319872,0.0,-0.0004249957574580226,0.0
2018-11-04,0.0019477149469406846,0.004311514492426542,0.0,0.0025869086954559252,0.0,0.0025541162269730965,0.004311514492426542
2018-11-05,0.0027379155484690094,0.005312814962464422,0.0004349766872610572,0.003361679652383076,0.0004349766872610572,0.003318668737072094,0.005312814962464422
2018-11-06,0.0035042701668921115,0.008855291906383567,-0.0017231134349695587,0.0046239297698423155,-0.0017231134349695587,0.004510324101039799,0.008855291906383567
2018-11-07,0.006478929604115091,0.012762203394830782,-0.00017537853353277733,0.007587170623485358,-0.00017537853353277733,0.007397005629907118,0.012762203394830782
2018-11-08,-0.004647088060640193,-0.009117845541960256,0.0005542133066949173,-0.0052490220024981864,-0.010117845541960255,-0.005453476604914546,-0.009117845541960256
2018-11-09,-0.005263738885923779,-0.009464644033379432,0.0005225344447404301,-0.005469772642131487,-0.009464644033379432,-0.0056897611575657744,0.0005225344447404301
2018-11-10,0.0008770565231684034,0.001711246250655095,0.0,0.0010267477503930569,0.001711246250655095,0.0010651029771752746,0.001711246250655095
2018-11-11,-0.00033960128141863273,-0.000588162690979129,0.0,-0.0003528976145874774,-0.000588162690979129,-0.00037141749530148377,-0.000588162690979129
2018-11-12,-0.005376795519049364,-0.012991692795475926,0.0028194064968150023,-0.0066672530785595535,-0.012991692795475926,-0.00716585299098244,-0.012991692795475926
2018-11-13,-0.004701239660222217,-0.007805891618598164,-0.0007311389979665628,-0.004975990570345523,-0.0017311389979665628,-0.005146282239110008,-0.007805891618598164
2018-11-14,-0.012174175660602853,-0.026327952579048283,0.0018748173693631243,-0.015046844599683718,0.0018748173693631243,-0.01566309822011045,-0.026327952579048283
2018-11-15,0.0021050295805757828,0.003593843859887702,0.0009282876672847551,0.002527621382846523,0.0009282876672847551,0.00250730002096785,0.003593843859887702
2018-11-16,0.001464599950788893,-0.0013873320548775227,0.0022328790506537244,6.075238733497612e-05,0.0022328790506537244,5.4761229424780565e-06,-0.0013873320548775227
2018-11-17,-0.00039732895167146783,-0.0011687815970201632,0.0,-0.0007012689582120979,0.0,-0.0007191650196549387,-0.0011687815970201632
2018-11-18,0.0011675968380342769,0.0033423440318463746,0.0,0.0020054064191078248,0.0,0.0020663986589551423,0.0033423440318463746
2018-11-19,-0.02162297821708173,-0.0409544122371546,0.000981667874455333,-0.024179980192510622,0.000981667874455333,-0.024900050116112175,-0.0409544122371546
2018-11-20,-0.022426041524628043,-0.03986738452684202,0.001302881235381581,-0.02339927822195258,0.001302881235381581,-0.02192286047288524,-0.03986738452684202
2018-11-21,0.001048038898598778,0.016274690656240418,0.0002741896091469076,0.009874490237403014,0.0002741896091469076,0.008672234277381523,0.016274690656240418
2018-11-22,-0.0005883859179438666,-0.01382732513218548,0.0,-0.008296395079311287,0.0,-0.007121985572178213,-0.01382732513218548
2018-11-23,0.0004113321350674122,-0.01280368297693425,0.000699085477415623,-0.007402575595194302,0.000699085477415623,-0.006330510408795782,-0.01280368297693425
2018-11-24,-0.0030014216059372732,-0.0207530927056055,0.0,-0.012451855623363298,0.0,-0.010926871719895622,-0.0207530927056055
2018-11-25,-0.00013888888888888894,0.00659337639610628,0.0,0.003956025837663768,0.0,0.0034137658466102945,0.00659337639610628
2018-11-26,-0.0006532121315757172,-0.004276392639692459,-0.0005596254816138402,-0.0027896857764610115,-0.0005596254816138402,-0.002476148250867536,-0.004276392639692459
2018-11-27,-0.00021272134669191874,0.0020742676174755215,-0.00028656386587239124,0.0011299350241363564,-0.00028656386587239124,0.0009325920326943864,0.0020742676174755215
2018-11-28,0.0007925146660616319,0.03825191377561886,-0.0015572363324335425,0.0223282537323979,-0.0015572363324335425,0.018975445634388945,-0.0015572363324335425
2018-11-29,0.0013943590587766905,-0.0038671339060656093,0.0020178714998386194,-0.0015131317437039175,0.0020178714998386194,-0.0007734066298965272,0.0020178714998386194
2018-11-30,0.0006399112924728746,-0.008993108185301512,0.0019641932038838295,-0.004610187629627375,0.0019641932038838295,-0.0032821041464465494,-0.008993108185301512
2018-12-01,0.0022632882632045554,0.01082452076959179,0.0,0.006494712461755074,0.0,0.005173871995483069,0.01082452076959179
2018-12-02,-0.00169529936650939,-0.00407595200379333,0.0,-0.002445571202275998,0.0,-0.0019355653520427534,-0.00407595200379333
2018-12-03,0.0011221378024422709,-0.0021654657236989364,0.0043002622201464,0.0004208254538391983,0.0043002622201464,0.0012280366177608343,-0.0021654657236989364
2018-12-04,-0.009193028406388677,-0.01713272292592284,0.006382254303072682,-0.007726732034324632,-0.018132722925922842,-0.004795933962514218,0.006382254303072682
2018-12-05,-0.009989411072838822,-0.013499089677596658,0.0,-0.008099453806557995,-0.001,-0.0063593575216882295,-0.013499089677596658
2018-12-06,-0.016467207779300493,-0.01939680949202116,0.0013669643351574279,-0.011091299961149725,0.0013669643351574279,-0.008368483717164575,-0.01939680949202116
2018-12-07,-0.01069464842969183,-0.011896127914427092,0.002548091637995048,-0.006118440093458235,0.002548091637995048,-0.004150590301707821,-0.011896127914427092
2018-12-08,0.0004321622027433885,0.00047349945691884293,0.0,0.00028409967415130575,0.0,0.00021902124594663837,0.00047349945691884293
2018-12-09,0.0078676571127581,0.008010598369660164,0.0,0.004806359021796098,0.0,0.003703190500509825,0.008010598369660164
2018-12-10,-0.01150462272519239,-0.011496686217255882,0.0019595425073743455,-0.006114194727403791,0.0019595425073743455,-0.00423007087430759,-0.011496686217255882
2018-12-11,-0.004433116124850904,-0.004433116124850904,-0.0002973115521039682,-0.0027787942957521296,-0.0002973115521039682,-0.002197368960952919,-0.004433116124850904
2018-12-12,0.006683727171911458,0.006683727171911458,-0.002225088532772479,0.003120200890037883,-0.002225088532772479,0.0018711294148768321,0.006683727171911458
2018-12-13,-0.00984195125576226,-0.00984195125576226,-0.000996604590522282,-0.006303812589666269,-0.000996604590522282,-0.005114110251100163,-0.000996604590522282
2018-12-14,-0.01767799687871738,-0.01767799687871738,0.0012227840857000072,-0.010117684492950425,0.0012227840857000072,-0.008117617523199054,-0.01767799687871738
2018-12-15,-2.1473195583555772e-05,-2.1473195583555772e-05,0.0,-1.2883917350133463e-05,0.0,-1.059719848879115e-05,0.0
2018-12-16,0.0016325925220157275,0.0016325925220157275,0.0,0.0009795555132094365,0.0,0.0008063793055823617,0.0016325925220157275
2018-12-17,0.0073179876079929596,0.0073179876079929596,0.0032449837486956956,0.0056887860642740535,0.0032449837486956956,0.0052544255742627815,0.0073179876079929596
2018-12-18,0.008410108896235058,0.008410108896235058,0.0026108551481056896,0.006090407396983311,0.0026108551481056896,0.0054875264449723675,0.008410108896235058
2018-12-19,-0.008181660732756835,-0.008181660732756835,0.002750356666094772,-0.003808853773216192,0.002750356666094772,-0.0027241533383766964,-0.008181660732756835
2018-12-20,0.016435516357471522,0.016435516357471522,0.0007055185041679457,0.01014351721615009,0.0007055185041679457,0.008575751182486265,0.016435516357471522
2018-12-21,-0.02695356773567428,-0.02695356773567428,0.0007357717307440725,-0.015877831949106937,0.0007357717307440725,-0.012918885550763206,-0.02695356773567428
2018-12-22,0.010724897087817023,0.010724897087817023,0.0,0.006434938252690214,0.0,0.005150121405581205,0.010724897087817023
2018-12-23,0.01290741725828527,0.01290741725828527,0.0,0.007744450354971162,0.0,0.006147483045653067,0.01290741725828527
2018-12-24,-0.008561283968909242,-0.008561283968909242,0.00349922137941841,-0.003737081829578181,0.00349922137941841,-0.002179595524676627,-0.008561283968909242
2018-12-25,-0.015402660367466106,-0.015402660367466106,0.0,-0.009241596220479664,0.0,-0.007243049693466551,-0.015402660367466106
2018-12-26,0.03651837571405703,0.03651837571405703,-0.0033405010398104007,0.020574825012510057,-0.0033405010398104007,0.015297542757271493,0.03651837571405703
2018-12-27,-0.01713412791724927,-0.01713412791724927,0.0015030055762371153,-0.009679274519854715,0.0015030055762371153,-0.006760788649052121,0.0015030055762371153
2018-12-28,0.02756538626131486,0.02756538626131486,0.0037911673748110553,0.018055698706713336,0.0037911673748110553,0.014333302791155933,0.02756538626131486
2018-12-29,-0.0026312889320931035,-0.0026312889320931035,0.0,-0.0015787733592558622,0.0,-0.0011284459227507693,-0.0026312889320931035
2018-12-30,0.0028067587678996097,0.0028067587678996097,0.0,0.0016840552607397658,0.0,0.0012040651650837733,0.0028067587678996097
2018-12-31,-0.004558384656803743,-0.004558384656803743,0.0017913234652802146,-0.0020185014079701596,0.0017913234652802146,-0.000930901308206545,-0.004558384656803743
2019-01-01,0.009200744266610019,0.009200744266610019,0.0,0.005520446559966011,0.0,0.0039598160581959625,0.009200744266610019
2019-01-02,0.015162440592466495,0.015162440592466495,0.003876084246867584,0.010647898054226931,0.003876084246867584,0.008740903691869759,0.015162440592466495
2019-01-03,-0.01592419330635027,-0.01592419330635027,0.005733549238028407,-0.0072610962885988,0.005733549238028407,-0.003505260465631202,-0.01592419330635027
2019-01-04,0.027292129334729243,0.027292129334729243,-0.007326610872099237,0.013444633251997849,-0.007326610872099237,0.007409124806799251,0.027292129334729243
2019-01-05,0.00039881827746520343,0.00039881827746520343,0.0,0.00023929096647912204,0.0,0.0001645873580336398,0.00039881827746520343
2019-01-06,0.008192283205251128,0.008192283205251128,0.0,0.004915369923150677,0.0,0.003380395506244057,0.008192283205251128
2019-01-07,0.002475601759959916,0.002475601759959916,-0.001646988391589721,0.0008265656993400613,-0.001646988391589721,5.0424529447490167e-05,0.002475601759959916
2019-01-08,0.00791459037930954,0.00791459037930954,-0.0011695782948455136,0.004280922909647518,-0.0011695782948455136,0.002574903706431904,0.00791459037930954
2019-01-09,0.007847303445370978,0.007847303445370978,-0.0010014468103331786,0.0043078033430893154,-0.0010014468103331786,0.0026484334859263343,0.007847303445370978
2019-01-10,-0.022888589665953838,-0.022888589665953838,-0.0017116370424595517,-0.014417808616556123,-0.0017116370424595517,-0.010483155479310126,-0.022888589665953838
2019-01-11,-0.002472431423483289,-0.002472431423483289,0.0023506535457583633,-0.0005431974357866281,0.0023506535457583633,0.00037910023123512485,-0.002472431423483289
2019-01-12,-0.0021633463330533484,-0.0021633463330533484,0.0,-0.001298007799832009,0.0,-0.0008859326649153517,-0.0021633463330533484
2019-01-13,-0.011287318740911687,-0.011287318740911687,0.0,-0.006772391244547012,0.0,-0.004624685984085429,-0.011287318740911687
2019-01-14,0.011497672140897561,0.011497672140897561,-0.0004790680341363318,0.0067069760708840034,-0.0004790680341363318,0.004414864762047776,0.011497672140897561
2019-01-15,-0.001017259566537396,-0.001017259566537396,-0.0006960527040777431,-0.0008887768215535348,-0.0006960527040777431,-0.000827005389693034,-0.001017259566537396
2019-01-16,0.004728403684485769,0.004728403684485769,0.001200357035297528,0.0033171850248104725,0.001200357035297528,0.002640382212210152,0.004728403684485769
2019-01-17,0.005646309588259364,0.005646309588259364,-0.000721489602923342,0.0030991899117862815,-0.000721489602923342,0.0019295730925424773,0.005646309588259364
2019-01-18,0.005552429784803476,0.005552429784803476,-0.003552336360725633,0.0019105233265918323,-0.003552336360725633,0.00023494321470324047,0.005552429784803476
2019-01-19,0.0053702027711220145,0.0053702027711220145,0.0,0.0032221216626732085,0.0,0.0022302133961069233,0.0053702027711220145
2019-01-20,-0.00830216520576748,-0.00830216520576748,0.0,-0.004981299123460487,0.0,-0.003442742685851987,-0.00830216520576748
2019-01-21,-0.0029255883144521594,-0.0029255883144521594,0.0,-0.0017553529886712956,0.0,-0.001211894148964613,-0.0029255883144521594
2019-01-22,-0.008348020499722905,-0.008348020499722905,0.0034522198289239636,-0.0036279243682641573,0.0034522198289239636,-0.001732900755087077,0.0034522198289239636
2019-01-23,-0.00250078424696967,-0.00250078424696967,-0.001161016039042534,-0.0019648769637988154,-0.001161016039042534,-0.0017875925966334815,-0.00250078424696967
2019-01-24,0.0032368576779401425,0.0032368576779401425,0.00351546574650613,0.003348300905366537,0.00351546574650613,0.0033835736813331106,0.0032368576779401425
2019-01-25,0.007366692252498332,0.007366692252498332,-0.00016609525669195047,0.004353577248822219,-0.00016609525669195047,0.0034277811723126047,0.007366692252498332
2019-01-26,0.00018857226671969366,0.00018857226671969366,0.0,0.00011314336003181619,0.0,9.042258513956433e-05,0.0
2019-01-27,-0.0035115368251188686,-0.0035115368251188686,0.0,-0.0021069220950713213,0.0,-0.0017198127207205334,-0.0035115368251188686
2019-01-28,-0.015138902424057441,-0.015138902424057441,0.0008948870602845105,-0.00872538663032066,0.0008948870602845105,-0.0069667945714150725,-0.015138902424057441
2019-01-29,-0.0006586618711040826,-0.0006586618711040826,0.0034858191813463835,0.0009991305498761038,0.0034858191813463835,0.0014747759209548885,-0.0006586618711040826
2019-01-30,0.014978624021022865,0.014978624021022865,0.0005458790907234279,0.009205526048903089,0.0005458790907234279,0.0075502330208737515,0.014978624021022865
2019-01-31,0.0021573409378987047,0.0021573409378987047,0.003912883630795505,0.002859558015057425,0.003912883630795505,0.0030051709611791464,0.003912883630795505
2019-02-01,0.0034067786539382114,0.0034067786539382114,-0.0033485002829358734,0.0007046670791885775,-0.0033485002829358734,0.00014577516892044697,0.0034067786539382114
2019-02-02,0.003967161458186676,0.003967161458186676,0.0,0.0023802968749120058,0.0,0.0020596075346252236,0.003967161458186676
2019-02-03,-0.0047558980728816935,-0.0047558980728816935,0.0,-0.002853538843729016,0.0,-0.0024830058135621677,-0.0047558980728816935
2019-02-04,0.005238571811244073,0.005238571811244073,-0.002063464318308089,0.002317757359423208,-0.002063464318308089,0.0017476160839875812,0.005238571811244073
2019-02-05,0.0025874349792409162,0.0025874349792409162,0.002907696021097139,0.0027155393959834052,0.002907696021097139,0.0027407621863998104,0.0025874349792409162
2019-02-06,-0.006878545915344179,-0.006878545915344179,-0.00039422241743874986,-0.004284816516182007,-0.00787854591534418,-0.003830249365161757,-0.006878545915344179
2019-02-07,-0.008421690664967748,-0.008421690664967748,0.003661403662138407,-0.0035884529341252856,-0.008421690664967748,-0.0027931247047617135,-0.008421690664967748
2019-02-08,0.02414540249448527,0.02414540249448527,0.0026438506160988973,0.015544781743130719,0.0016438506160988972,0.01434638377385184,0.02414540249448527
2019-02-09,0.000286018809987576,0.000286018809987576,0.0,0.0001716112859925456,0.0,0.00015224850370044226,0.000286018809987576
2019-02-10,0.005575708923763332,0.005575708923763332,0.0,0.003345425354257999,0.0,0.0029679125450940225,0.005575708923763332
2019-02-11,-0.003417046942014982,-0.003417046942014982,-0.001619039633014463,-0.0026978440184147745,-0.001619039633014463,-0.002577624535639939,-0.003417046942014982
2019-02-12,0.008431669802686824,0.008431669802686824,-0.0013166002844180735,0.004532361767844865,-0.0013166002844180735,0.003923060367844525,0.008431669802686824
2019-02-13,0.0027028038775889097,0.0027028038775889097,-0.0011978233595255072,0.0011425529827431427,0.0017028038775889097,0.0008967362001422764,0.0027028038775889097
2019-02-14,-0.000304993006586016,-0.000304993006586016,0.0037101780861506506,0.0013010754305086507,-0.000304993006586016,0.0015508236589028633,-0.000304993006586016
2019-02-15,0.010436658314795086,0.010436658314795086,0.0011582448121231215,0.0067252929137263,0.010436658314795086,0.006185220321267833,0.010436658314795086
2019-02-16,0.0013309108605663094,0.0013309108605663094,0.0,0.0007985465163397856,0.0013309108605663094,0.0007344961542292111,0.0013309108605663094
2019-02-17,0.010668001641010635,0.010668001641010635,0.0,0.006400800984606381,0.010668001641010635,0.005888737273859472,0.010668001641010635
2019-02-18,0.01771088131133864,0.01771088131133864,0.0,0.010626528786803183,0.01771088131133864,0.009732312710102765,0.01771088131133864
2019-02-19,0.002044696235289578,0.002044696235289578,0.00390314336414313,0.002788075086830999,0.002044696235289578,0.0028950256881757146,0.002044696235289578
2019-02-20,0.005869011285955011,0.005869011285955011,-0.0010029427760133158,0.00312022966116768,0.005869011285955011,0.00273315713394556,0.005869011285955011
2019-02-21,-0.006529645633822214,-0.006529645633822214,-0.005607781815526236,-0.006160900106503822,-0.006529645633822214,-0.006111958778244263,-0.006529645633822214
2019-02-22,0.007791817726709905,0.007791817726709905,0.003035029261136246,0.005889102340480441,0.007791817726709905,0.005656285502541338,0.007791817726709905
2019-02-23,0.011031449246069025,0.011031449246069025,0.0,0.006618869547641415,0.011031449246069025,0.00641645123141937,0.011031449246069025
2019-02-24,-0.02496092386663261,-0.02496092386663261,0.0,-0.014976554319979565,-0.02496092386663261,-0.014513502197350037,-0.02496092386663261
2019-02-25,0.003921893882439366,0.003921893882439366,-0.0015759732336243781,0.0017227470360138678,0.003921893882439366,0.001490020877462642,0.003921893882439366
2019-02-26,-0.0025881385703864224,-0.0025881385703864224,0.00142536349651598,-0.0009827377436254614,-0.0025881385703864224,-0.000828766657102328,-0.0025881385703864224
2019-02-27,-0.0016578819034120704,-0.0016578819034120704,-0.005291470942503984,-0.0031113175190488358,-0.0016578819034120704,-0.003211606788126903,-0.0016578819034120704
2019-02-28,-0.0014841833621785188,-0.0014841833621785188,-0.002706274206431186,-0.001973019699879586,-0.0014841833621785188,-0.0019450821086814348,-0.0014841833621785188
2019-03-01,0.003442116325111328,0.003442116325111328,-0.006410404172672357,-0.0004988918740021467,0.003442116325111328,-9.550769194411344e-05,0.003442116325111328
2019-03-02,-0.0016823132949533859,-0.0016823132949533859,0.0,-0.0010093879769720315,-0.0016823132949533859,-0.0011427259936122678,-0.0016823132949533859
2019-03-03,-0.0021163297721878602,-0.0021163297721878602,0.0,-0.001269797863312716,-0.0021163297721878602,-0.0014385258251885947,-0.0021163297721878602
2019-03-04,-0.0069775843921402085,-0.0069775843921402085,0.0023667479869683983,-0.003239851440496765,-0.0069775843921402085,-0.003977027684644474,-0.0069775843921402085
2019-03-05,0.012736403441440372,0.012736403441440372,0.00167503792766438,0.008311857235929974,0.012736403441440372,0.009159471631401194,0.012736403441440372
2019-03-06,-0.005311092053123436,-0.005311092053123436,0.0013894123780374967,-0.002630890280659063,-0.005311092053123436,-0.003116735317941669,-0.005311092053123436
2019-03-07,-0.0062538393402628255,-0.0062538393402628255,0.004480331660462689,-0.0019601709399726195,-0.0062538393402628255,-0.0028335446146950816,-0.0062538393402628255
2019-03-08,-0.005069727542348468,-0.005069727542348468,0.003381107367951386,-0.001689393578228526,-0.005069727542348468,-0.0025129780882163655,-0.005069727542348468
2019-03-09,0.004104873788933612,0.004104873788933612,0.0,0.0024629242733601674,0.004104873788933612,0.0030631999899149768,0.004104873788933612
2019-03-10,-0.001300178910282569,-0.001300178910282569,0.0,-0.0007801073461695414,-0.001300178910282569,-0.0009692229837275787,-0.001300178910282569
2019-03-11,0.006656134710594119,0.006656134710594119,-0.0027297135275003714,0.0029017954153563227,0.006656134710594119,0.004304659443105724,0.006656134710594119
2019-03-12,0.0035669637441931856,0.0035669637441931856,0.0034774539516604364,0.003531159827180086,0.0035669637441931856,0.003544305856435552,0.0035669637441931856
2019-03-13,0.004287921209177092,0.004287921209177092,2.2588672379586505e-05,0.00258178819445809,0.004287921209177092,0.003223495644376691,0.004287921209177092
2019-03-14,-5.259670007085049e-05,-5.259670007085049e-05,-0.00427374953761625,-0.0017410578350890106,-5.259670007085049e-05,-0.0010924430947839728,-5.259670007085049e-05
2019-03-15,0.007030023511996454,0.007030023511996454,0.003197844389878801,0.005497151863149393,0.007030023511996454,0.006296972785541377,0.007030023511996454
2019-03-16,0.00626121616009925,0.00626121616009925,0.0,0.0037567296960595497,0.00626121616009925,0.005050527842430545,0.0
2019-03-17,-0.0025156675030119213,-0.0025156675030119213,0.0,-0.0015094005018071526,-0.0025156675030119213,-0.0020263090928255203,-0.0025156675030119213
2019-03-18,0.0030188528072894183,0.0030188528072894183,-0.0006249547593235316,0.0015613297806442382,0.0030188528072894183,0.0023690727438367386,0.0030188528072894183
2019-03-19,0.0016747291509537539,0.0016747291509537539,-0.0003218658049255474,0.0008760911686020333,0.0016747291509537539,0.0013409592281067872,0.0016747291509537539
2019-03-20,0.0019514067523094506,0.0019514067523094506,0.00451937204442171,0.0029785928691543543,0.0019514067523094506,0.0023787980669632853,0.0019514067523094506
2019-03-21,0.001812483336957666,0.001812483336957666,0.000988357471388951,0.0014828329907301799,0.001812483336957666,0.0016763193868270354,0.001812483336957666
2019-03-22,-0.01524007194072505,-0.01524007194072505,0.006802708372135369,-0.006422959815580883,-0.01524007194072505,-0.01164400612802829,-0.01524007194072505
2019-03-23,0.0011847109767972874,0.0011847109767972874,0.0,0.0007108265860783725,0.0011847109767972874,0.0009575264233322472,0.0011847109767972874
2019-03-24,-0.0013830885159899558,-0.0013830885159899558,0.0,-0.0008298531095939735,-0.0013830885159899558,-0.0011206429488568575,-0.0013830885159899558
2019-03-25,-0.0022575640455274972,-0.0022575640455274972,0.002950849252022214,-0.00017419872650761272,-0.0022575640455274972,-0.0013160798191657933,-0.0022575640455274972
2019-03-26,0.006727390361399626,0.006727390361399626,-0.0008565510191820558,0.0036938138091669533,0.006727390361399626,0.005360717662621973,0.006727390361399626
2019-03-27,0.003973741919191951,0.003973741919191951,0.0020107229319260844,0.0031885343242856047,0.003973741919191951,0.0036338533527908268,0.003973741919191951
2019-03-28,0.0008181961619418729,0.0008181961619418729,-0.001774349661210095,-0.0002188221673189144,0.0008181961619418729,0.00037196954292945534,0.0008181961619418729
2019-03-29,0.005402962821782197,0.005402962821782197,-0.00012084236998380349,0.0031934407450757967,0.005402962821782197,0.0044539677260092714,0.005402962821782197
2019-03-30,-9.095970212835702e-05,-9.095970212835702e-05,0.0,-5.4575821277014215e-05,-9.095970212835702e-05,-7.553822120420821e-05,-9.095970212835702e-05
2019-03-31,-0.00048640880410478885,-0.00048640880410478885,0.0,-0.0002918452824628733,-0.00048640880410478885,-0.00040389921208289225,-0.00048640880410478885
2019-04-01,0.009546558927400564,0.009546558927400564,-0.006445514597959584,0.0031497295172565045,0.009546558927400564,0.00687255811729193,0.009546558927400564
2019-04-02,0.03713896295781047,0.03713896295781047,0.0021018911123089623,0.023124134219609866,0.03713896295781047,0.03222669353483851,0.03713896295781047
2019-04-03,0.001618397661450641,0.001618397661450641,-0.0036989993347940897,-0.0005085611370472514,0.001618397661450641,0.00021325466958473593,0.001618397661450641
2019-04-04,-0.0020859243434305417,-0.0020859243434305417,0.0018936140034913063,-0.0004941090046618025,-0.0020859243434305417,-0.0010870185192926969,-0.0020859243434305417
2019-04-05,0.01333339066497848,0.01333339066497848,0.0004634160151195388,0.008185400805034904,0.01333339066497848,0.010082799691181376,0.01333339066497848
2019-04-06,0.000800638467066634,0.000800638467066634,0.0,0.0004803830802399804,0.000800638467066634,0.0005903214932742812,0.000800638467066634
2019-04-07,0.008801892918155573,0.008801892918155573,0.0,0.005281135750893343,0.008801892918155573,0.0064901548877007035,0.008801892918155573
2019-04-08,0.006124678280699551,0.006124678280699551,-0.001066183690281608,0.003248333492307087,0.006124678280699551,0.004241712554232524,0.006124678280699551
2019-04-09,-0.009505824164798813,-0.009505824164798813,0.0026413261956382272,-0.004646964020623996,-0.009505824164798813,-0.006319422051036223,-0.009505824164798813
2019-04-10,0.00862942940315994,0.00862942940315994,0.0015824259792546203,0.005810628033597812,0.00862942940315994,0.006701227334213197,0.00862942940315994
2019-04-11,-0.014054070995750425,-0.014054070995750425,-0.004461116548147431,-0.010216889216709227,-0.014054070995750425,-0.01146557308319253,-0.014054070995750425
2019-04-12,0.0036198843987880697,0.0036198843987880697,-0.003761462635482049,0.0006673455850800219,0.0036198843987880697,0.0015399354927809698,0.0036198843987880697
2019-04-13,3.4599247278456325e-06,3.4599247278456325e-06,0.0,2.0759548367073794e-06,3.4599247278456325e-06,2.618918409719158e-06,3.4599247278456325e-06
2019-04-14,0.0037966282408784403,0.0037966282408784403,0.0,0.002277976944527064,0.0037966282408784403,0.002873402609410826,0.0037966282408784403
2019-04-15,-0.00810453438667903,-0.00810453438667903,0.00039596796536006673,-0.004704333445863392,-0.00810453438667903,-0.006044316871576577,-0.00810453438667903
2019-04-16,0.006461321986535682,0.006461321986535682,-0.004081903944651827,0.0022440316140606787,0.006461321986535682,0.0038384896540938113,0.006461321986535682
2019-04-17,-0.0022523489758725893,-0.0022523489758725893,-0.0005195749967007446,-0.0015592393842038513,-0.0022523489758725893,-0.0018244944815802079,-0.0005195749967007446
2019-04-18,0.006185987449550222,0.006185987449550222,0.0034372210843170437,0.005086480903456951,0.006185987449550222,0.005503173371846785,0.0034372210843170437
2019-04-19,4.630393678617395e-05,4.630393678617395e-05,0.0,2.7782362071704368e-05,4.630393678617395e-05,3.475163046740016e-05,4.630393678617395e-05
2019-04-20,0.0007412172438688981,0.0007412172438688981,0.0,0.00044473034632133885,0.0007412172438688981,0.000560709916783396,0.0007412172438688981
2019-04-21,-0.002855269660411287,-0.002855269660411287,0.0,-0.0017131617962467722,-0.002855269660411287,-0.0021596882834433655,-0.002855269660411287
2019-04-22,0.004577145952202427,0.004577145952202427,-0.002130339368764833,0.0018941518238155225,0.004577145952202427,0.002977984276976503,0.004577145952202427
2019-04-23,0.009018313381692246,0.009018313381692246,0.0013270280674780588,0.00594179925600657,0.009018313381692246,0.007367126379302303,0.009018313381692246
2019-04-24,-0.00834262273012888,-0.00834262273012888,0.004959664527265539,-0.003021707827171112,-0.00834262273012888,-0.005413688461703129,-0.00834262273012888
2019-04-25,-0.014193462108035551,-0.014193462108035551,1.1378508846471291e-05,-0.008511525861282742,-0.014193462108035551,-0.010963652159891474,-0.014193462108035551
2019-04-26,0.003107978588937768,0.003107978588937768,0.0028878762171849204,0.003019937640236629,0.003107978588937768,0.003054375600940741,0.003107978588937768
2019-04-27,0.0012510552574186305,0.0012510552574186305,0.0,0.0007506331544511783,0.0012510552574186305,0.0009508382642129058,0.0012510552574186305
2019-04-28,-0.0004440537341590482,-0.0004440537341590482,0.0,-0.0002664322404954289,-0.0004440537341590482,-0.0003415189183402327,-0.0004440537341590482
2019-04-29,-0.0020175155422466925,-0.0020175155422466925,-0.0037971191660818304,-0.0027293569917807474,-0.0020175155422466925,-0.002300760988682618,-0.0020175155422466925
2019-04-30,0.007242418543864537,0.007242418543864537,0.0017807642947657576,0.005057756844225025,0.007242418543864537,0.006370381612373905,0.007242418543864537
2019-05-01,-0.005196495232025946,-0.005196495232025946,-0.0004458817030881246,-0.0032962498204508173,-0.005196495232025946,-0.004426847519920929,-0.005196495232025946
2019-05-02,-0.00043066713575188074,-0.00043066713575188074,-0.0022830967630908805,-0.0011716389866874807,-0.00043066713575188074,-0.0007382681642030141,-0.00043066713575188074
2019-05-03,0.017522067303664308,0.017522067303664308,0.001569819456025523,0.011141168164608794,0.017522067303664308,0.014882360254308367,0.017522067303664308
2019-05-04,-0.0013860022462222437,-0.0013860022462222437,0.0,-0.0008316013477333462,-0.0013860022462222437,-0.0011172799055105178,-0.0013860022462222437
2019-05-05,-0.0010657607927963492,-0.0010657607927963492,0.0,-0.0006394564756778095,-0.0010657607927963492,-0.0008593385484943907,-0.0010657607927963492
2019-05-06,0.0031437623603442055,0.0031437623603442055,0.0018498447379241,0.002626195311376163,0.0031437623603442055,0.0028940776167526426,0.0031437623603442055
2019-05-07,-0.012775162811014984,-0.012775162811014984,0.0037850673184582906,-0.0061510707592256735,-0.012775162811014984,-0.009710917245123182,-0.012775162811014984
2019-05-08,0.0028512111732577803,0.0028512111732577803,-0.0020748997985862994,0.0008807667845201483,0.0028512111732577803,0.0018963145073899374,0.0028512111732577803
2019-05-09,0.0010095308366940465,0.0010095308366940465,0.0018085027993623715,0.0013291196217613765,0.0010095308366940465,0.001160669445304141,0.0010095308366940465
2019-05-10,0.009288523217160992,0.009288523217160992,-0.0001262132880487099,0.0055226286150771116,0.009288523217160992,0.007570308627598439,0.009288523217160992
2019-05-11,0.02796652870721535,0.02796652870721535,0.0,0.01677991722432921,0.02796652870721535,0.022828986212139264,0.02796652870721535
2019-05-12,-0.007574929682944253,-0.007574929682944253,0.0,-0.004544957809766551,-0.007574929682944253,-0.005689966273324936,0.0
2019-05-13,0.003710837737877516,0.003710837737877516,0.005765489300531723,0.0045326983629391995,0.003710837737877516,0.004236601666131283,0.003710837737877516
2019-05-14,0.02201383554298839,0.02201383554298839,-0.0008244249898150535,0.012878531329867013,0.02201383554298839,0.01620458363842329,0.02201383554298839
2019-05-15,0.02357193769099903,0.02357193769099903,0.0022856426943124175,0.015057419692324384,0.02357193769099903,0.017501439972180326,0.02357193769099903
2019-05-16,0.008650093352587115,0.008650093352587115,-0.002453557277341867,0.004208633100615522,0.008650093352587115,0.005144048761064231,0.008650093352587115
2019-05-17,-0.022653723850131882,-0.022653723850131882,-0.0005248472176526686,-0.013802173197140196,-0.022653723850131882,-0.015627619538106468,-0.022653723850131882
2019-05-18,-0.0052792556884341995,-0.0052792556884341995,0.0,-0.0031675534130605194,-0.0052792556884341995,-0.003409436075314276,-0.0052792556884341995
2019-05-19,0.026801997820341636,0.026801997820341636,0.0,0.016081198692204982,0.026801997820341636,0.01724985159334088,0.026801997820341636
2019-05-20,-0.01187425366720718,-0.01187425366720718,-0.0011480401171481414,-0.007583768247183564,-0.01187425366720718,-0.007741457847254129,-0.01187425366720718
2019-05-21,0.007974774448987643,0.007974774448987643,-0.0008797649020951259,0.004432958708554535,0.007974774448987643,0.004478785231307756,0.007974774448987643
2019-05-22,-0.013734497181853477,-0.013734497181853477,0.002125951070985427,-0.007390317880717916,-0.013734497181853477,-0.007451009151794824,-0.013734497181853477
2019-05-23,-0.008664381686828778,-0.008664381686828778,0.005794194134454034,-0.002880951358315653,-0.008664381686828778,-0.002773379404237901,-0.008664381686828778
2019-05-24,0.007782014900949121,0.007782014900949121,-0.0004405644276124776,0.004492983169524481,0.007782014900949121,0.004391629794107788,0.007782014900949121
2019-05-25,0.0019197509032164255,0.0019197509032164255,0.0,0.0011518505419298552,0.0019197509032164255,0.0011506680513115467,0.0019197509032164255
2019-05-26,0.015320970515400885,0.015320970515400885,0.0,0.00919258230924053,0.015320970515400885,0.009184026273574652,0.015320970515400885
2019-05-27,0.0041083435727423305,0.0041083435727423305,0.0,0.002465006143645398,0.0041083435727423305,0.0024367843621152427,0.0041083435727423305
2019-05-28,-0.006271973451755502,-0.006271973451755502,0.0029732225075076724,-0.0025738950680502318,-0.006271973451755502,-0.0025196045262472697,-0.006271973451755502
2019-05-29,-0.007626432294537831,-0.007626432294537831,0.0013167587575694806,-0.004049155873694906,-0.007626432294537831,-0.003972161890898517,-0.007626432294537831
2019-05-30,-0.011167075022377225,-0.011167075022377225,0.004844772484611071,-0.004762336019581907,-0.011167075022377225,-0.0045573454332537905,-0.011167075022377225
2019-05-31,-0.0013426408242623127,-0.0013426408242623127,0.007122370228944824,0.0020433635970205422,-0.0013426408242623127,0.002213250594467973,-0.0013426408242623127
2019-06-01,-0.0012640387779666708,-0.0012640387779666708,0.0,-0.0007584232667800024,-0.0012640387779666708,-0.000732951050382879,-0.0012640387779666708
2019-06-02,0.004345573066840864,0.004345573066840864,0.0,0.0026073438401045183,0.004345573066840864,0.002518644567730775,0.004345573066840864
2019-06-03,-0.014402710285358592,-0.014402710285358592,0.005153384470120648,-0.006580272383166896,-0.014402710285358592,-0.006182753351044758,-0.014402710285358592
2019-06-04,3.677332005898778e-05,3.677332005898778e-05,-0.003972254205860615,-0.0015668376903088532,3.677332005898778e-05,-0.0016812621061416107,3.677332005898778e-05
2019-06-05,0.0049040716257522255,0.0049040716257522255,8.66080643525946e-05,0.002977086201192373,0.0049040716257522255,0.0031050686603865453,0.0049040716257522255
2019-06-06,0.007040479069404538,0.007040479069404538,0.0007199767474554974,0.004512278140624921,0.007040479069404538,0.004676011907258886,0.0007199767474554974
2019-06-07,0.010543111795347566,0.010543111795347566,0.0035094094502533535,0.007729630857309881,0.010543111795347566,0.007904606770428623,0.010543111795347566
2019-06-08,-0.003539844026991442,-0.003539844026991442,0.0,-0.002123906416194865,-0.003539844026991442,-0.002222367698704751,-0.003539844026991442
2019-06-09,-0.009436821862229765,-0.009436821862229765,0.0,-0.005662093117337859,-0.009436821862229765,-0.005913458448806958,0.0
2019-06-10,0.013830122433654089,0.013830122433654089,-0.005789361831419121,0.0059823287276248045,0.013830122433654089,0.0064524480826233625,0.013830122433654089
2019-06-11,-0.00018402200439418228,-0.00018402200439418228,-5.0034433500711906e-05,-0.00013042697603679414,-0.00018402200439418228,-0.00013274454389475832,-0.00018402200439418228
2019-06-12,0.005628420329130048,0.005628420329130048,0.0028046689768683186,0.004498919788225356,0.005628420329130048,0.0045632022699753595,0.005628420329130048
2019-06-13,0.004714125376498747,0.004714125376498747,0.003201228220953145,0.004108966514280506,0.004714125376498747,0.004146034301410163,0.003201228220953145
2019-06-14,0.007079685616016931,0.007079685616016931,0.0020706626351769952,0.005076076423680956,0.007079685616016931,0.005256725354453567,0.007079685616016931
2019-06-15,0.0039223207014876926,0.0039223207014876926,0.0,0.0023533924208926156,0.0039223207014876926,0.002489490081126961,0.0039223207014876926
2019-06-16,0.002046779293956247,0.002046779293956247,0.0,0.001228067576373748,0.002046779293956247,0.001298801628502356,0.002046779293956247
2019-06-17,0.009308486936532474,0.009308486936532474,0.0003286539549183787,0.005716553743886836,0.009308486936532474,0.006028982260149998,0.009308486936532474
2019-06-18,0.0016796576582511153,0.0016796576582511153,0.003378261823642703,0.0023590993244077506,0.0016796576582511153,0.002296417015698833,0.0016796576582511153
2019-06-19,0.006193910948848814,0.006193910948848814,0.0014200810705774503,0.004284378997540268,0.006193910948848814,0.0044658519094058595,0.006193910948848814
2019-06-20,0.012831494047785977,0.012831494047785977,0.0058399529353447,0.010034877602809467,0.012831494047785977,0.010300157641481313,0.012831494047785977
2019-06-21,0.014456119107152672,0.014456119107152672,-0.0033567362325338246,0.007330976971278073,0.014456119107152672,0.007914331326563674,0.014456119107152672
2019-06-22,0.011553939511399294,0.011553939511399294,0.0,0.006932363706839576,0.011553939511399294,0.007225293295153248,0.011553939511399294
2019-06-23,0.00103801720447262,0.00103801720447262,0.0,0.000622810322683572,0.00103801720447262,0.0006449624107307761,0.00103801720447262
2019-06-24,0.00040445331859527574,0.00040445331859527574,0.0060587927191235735,0.0026661890788065947,0.00040445331859527574,0.0025381934136489356,0.00040445331859527574
2019-06-25,0.004114330136215316,0.004114330136215316,0.0022249027576793923,0.003358559184800947,0.004114330136215316,0.0034013282481965557,0.004114330136215316
2019-06-26,0.018386444186135935,0.018386444186135935,-0.0047205176591721965,0.009143659448012683,0.018386444186135935,0.009713021605169575,0.018386444186135935
2019-06-27,-0.025885080852172435,-0.025885080852172435,0.002269690295759491,-0.014623172392999664,-0.025885080852172435,-0.015138647020675213,-0.025885080852172435
2019-06-28,0.021748879996166863,0.021748879996166863,0.00042956898529955545,0.01322115559181994,0.021748879996166863,0.013098218125123856,0.021748879996166863
2019-06-29,-0.0008582110712032939,-0.0008582110712032939,0.0,-0.0005149266427219763,-0.0008582110712032939,-0.0004972873407341395,-0.0008582110712032939
2019-06-30,-0.020805582301985554,-0.020805582301985554,0.0,-0.012483349381191331,-0.020805582301985554,-0.012046351165782922,-0.020805582301985554
2019-07-01,0.002165908746422319,0.002165908746422319,-0.003912134499024167,-0.00026530855175627534,0.002165908746422319,-0.0005164576570107584,-0.003912134499024167
2019-07-02,0.0002122735433228224,0.0002122735433228224,0.007965854508191789,0.003313705929270409,0.0002122735433228224,0.003628287877929238,0.0002122735433228224
2019-07-03,0.022431673851969574,0.022431673851969574,0.002671454950213481,0.014527586291267136,0.022431673851969574,0.013737322922300588,0.022431673851969574
2019-07-04,-0.013738123116006085,-0.013738123116006085,0.0,-0.00824287386960365,-0.013738123116006085,-0.007538820196379651,-0.013738123116006085
2019-07-05,-0.001917957225392354,-0.001917957225392354,-0.006350931262415871,-0.0036911468402017608,-0.001917957225392354,-0.003956749169796289,-0.001917957225392354
2019-07-06,0.0021549393745413647,0.0021549393745413647,0.0,0.0012929636247248188,0.0021549393745413647,0.0011780954763615464,0.0021549393745413647
2019-07-07,0.009416568883432848,0.009416568883432848,0.0,0.005649941330059708,0.009416568883432848,0.005152599841417935,0.009416568883432848
2019-07-08,0.008176349004414083,0.008176349004414083,-0.001043627946162612,0.004488358224183405,0.008176349004414083,0.003991115254280775,0.008176349004414083
2019-07-09,0.0022397031617652496,0.0022397031617652496,0.0008116840463086306,0.0016684955155826019,0.0022397031617652496,0.0015900747565292695,0.0022397031617652496
2019-07-10,-0.0037828079186817596,-0.0037828079186817596,0.0016637767782936574,-0.0016041740398915925,-0.0037828079186817596,-0.0013497861505152192,-0.0037828079186817596
2019-07-11,-0.016998881876483338,-0.016998881876483338,-0.0066819591729948835,-0.012872112795087955,-0.016998881876483338,-0.012374358243480238,-0.016998881876483338
2019-07-12,0.010335377340982135,0.010335377340982135,0.0016511596701448694,0.006861690272647228,0.010335377340982135,0.00633219142466175,0.010335377340982135
2019-07-13,-0.006725351816968884,-0.006725351816968884,0.0,-0.004035211090181331,-0.006725351816968884,-0.0036219174019905343,-0.006725351816968884
2019-07-14,-0.02835214261899356,-0.02835214261899356,0.0,-0.017011285571396136,-0.02835214261899356,-0.01581498664695096,-0.02835214261899356
2019-07-15,0.005643723555219891,0.005643723555219891,0.0023488580972463313,0.004325777372030467,0.005643723555219891,0.004097805134782586,0.005643723555219891
2019-07-16,-0.03330134259183632,-0.03330134259183632,-0.002265461980360095,-0.02088699034724583,-0.03330134259183632,-0.0187288911701526,-0.03330134259183632
2019-07-17,0.00451424217175072,0.00451424217175072,0.007510710574078289,0.005712829532681748,0.00451424217175072,0.0059868232441704925,0.00451424217175072
2019-07-18,0.01959700747127772,0.01959700747127772,0.002833875550189685,0.012891754702842506,0.01959700747127772,0.011596028751374922,0.01959700747127772
2019-07-19,-0.007022704932607902,-0.007022704932607902,-0.0034819686455497822,-0.005606410417784654,-0.007022704932607902,-0.005303148733118843,-0.0034819686455497822
2019-07-20,0.00640289419209878,0.00640289419209878,0.0,0.0038417365152592677,0.00640289419209878,0.003383867966788792,0.00640289419209878
2019-07-21,-0.0034257422209819457,-0.0034257422209819457,0.0,-0.0020554453325891675,-0.0034257422209819457,-0.001811725948145178,-0.0034257422209819457
2019-07-22,-0.005428659880722386,-0.005428659880722386,0.0010271307361233994,-0.002846343633984072,-0.005428659880722386,-0.0025206472780267396,-0.005428659880722386
2019-07-23,-0.001990294940410278,-0.001990294940410278,-0.002048809474843233,-0.00201370075418346,-0.001990294940410278,-0.002016410991226867,-0.001990294940410278
2019-07-24,0.0045473815794880735,0.0045473815794880735,0.0027227160766503666,0.003817515378352991,0.0045473815794880735,0.003735864604837021,0.0045473815794880735
2019-07-25,-0.003948394752897026,-0.003948394752897026,-0.002923384633159415,-0.003538390705001982,-0.003948394752897026,-0.003499669379205925,-0.003948394752897026
2019-07-26,0.0030482694446013975,0.0030482694446013975,0.0013346456874690216,0.002362819941748447,0.0030482694446013975,0.0023023600224829003,0.0030482694446013975
2019-07-27,-0.010602616628489233,-0.010602616628489233,0.0,-0.00636156997709354,-0.010602616628489233,-0.006003894235240471,-0.010602616628489233
2019-07-28,0.0029054503800878015,0.0029054503800878015,0.0,0.0017432702280526808,0.0029054503800878015,0.0016315400131853566,0.0
2019-07-29,-0.0011501912223230344,-0.0011501912223230344,0.002157665262053743,0.00017295137142767656,-0.0011501912223230344,0.00027457232744107724,-0.0011501912223230344
2019-07-30,0.002586297168046111,0.002586297168046111,0.0015589220833905904,0.002175347134183903,0.002586297168046111,0.0021441849382918213,0.002586297168046111
2019-07-31,0.003933451732019693,0.003933451732019693,0.0008759841682620118,0.0027104647065166205,0.003933451732019693,0.002622557853215015,0.003933451732019693
2019-08-01,-0.006000177640414063,-0.006000177640414063,0.013057970283892772,0.0016230815293086717,-0.006000177640414063,0.0021285515691334563,-0.006000177640414063
2019-08-02,-0.004302380623604502,-0.004302380623604502,0.001312979181440549,-0.0020562367015864815,-0.004302380623604502,-0.0019284161114960265,-0.004302380623604502
2019-08-03,0.005562140564684009,0.005562140564684009,0.0,0.0033372843388104053,0.005562140564684009,0.0032059798236655566,0.005562140564684009
2019-08-04,0.0016138624150244436,0.0016138624150244436,0.0,0.0009683174490146662,0.0016138624150244436,0.0009291198404931546,0.0016138624150244436
2019-08-05,-0.005607859976852869,-0.005607859976852869,0.00875445129193031,0.00013706453066040288,-0.005607859976852869,0.0004795528527086774,-0.005607859976852869
2019-08-06,-0.0015777073243635382,-0.0015777073243635382,0.004715350589373668,0.0009395158411313445,0.003715350589373668,0.0010415298388040404,-0.0015777073243635382
2019-08-07,0.004564337571479782,0.004564337571479782,0.003698002285665053,0.00421780345715389,0.003564337571479782,0.0042035592946779755,0.004564337571479782
2019-08-08,0.011375875258840762,0.011375875258840762,0.0020053069297533144,0.007627647927205782,0.011375875258840762,0.007474542256354542,0.011375875258840762
2019-08-09,-0.010575734405434443,-0.010575734405434443,-0.001989440231528916,-0.007141216735872232,-0.010575734405434443,-0.006976467892183321,-0.010575734405434443
2019-08-10,-0.006748946637752212,-0.006748946637752212,0.0,-0.0040493679826513265,-0.006748946637752212,-0.003909680540187736,-0.006748946637752212
2019-08-11,0.0066895413901336565,0.0066895413901336565,0.0,0.0040137248340801936,0.0066895413901336565,0.0038654042445014697,0.0066895413901336565
2019-08-12,-0.01120558201547507,-0.01120558201547507,0.009031016823672272,-0.0031109424798161324,-0.01120558201547507,-0.002718141012527997,-0.01120558201547507
2019-08-13,0.004107995296171636,0.004107995296171636,-0.002098316645303633,0.0016254705195815284,0.004107995296171636,0.0015122974224727865,0.004107995296171636
2019-08-14,-0.04086215263039575,-0.04086215263039575,0.009574977917488348,-0.02068730041124211,-0.04086215263039575,-0.019743299823169153,-0.04086215263039575
2019-08-15,0.003634171772710045,0.003634171772710045,0.006221738468138283,0.00466919845088134,0.0052217384681382826,0.0048643282792251415,0.003634171772710045
2019-08-16,0.008560376202385613,0.008560376202385613,-0.00407368421462842,0.00350675203558,-0.00407368421462842,0.0025574777698255443,0.008560376202385613
2019-08-17,-0.0013788577942089875,-0.0013788577942089875,0.0,-0.0008273146765253925,-0.0023788577942089875,-0.0007227582471786211,-0.0013788577942089875
2019-08-18,0.006507908761823512,0.006507908761823512,0.0,0.003904745257094107,0.006507908761823512,0.003414197876200172,0.006507908761823512
2019-08-19,0.019725830793517037,0.019725830793517037,-0.0071254288652080056,0.008985326930027019,0.019725830793517037,0.006930076331619709,0.019725830793517037
2019-08-20,-0.009358663166054925,-0.009358663166054925,0.0050791206711661985,-0.003583549631166475,-0.009358663166054925,-0.002353715540105707,-0.009358663166054925
2019-08-21,-0.006785902730876437,-0.006785902730876437,-0.00283650899957813,-0.005206145238357114,-0.006785902730876437,-0.004860685817805279,-0.006785902730876437
2019-08-22,0.0011936425990043532,0.0011936425990043532,-0.0030341027657649067,-0.0004974555469033509,0.0011936425990043532,-0.0008673575001188278,0.0011936425990043532
2019-08-23,-0.012262766392166082,-0.012262766392166082,0.009281191281138468,-0.0036451833228442615,-0.012262766392166082,-0.0018641779822505906,-0.012262766392166082
2019-08-24,-0.004597328388494717,-0.004597328388494717,0.0,-0.00275839703309683,-0.001,-0.0023913122159489254,-0.004597328388494717
2019-08-25,-0.0028176625655541576,-0.0028176625655541576,0.0,-0.0016905975393324945,0.0,-0.0014776917588399214,-0.0028176625655541576
2019-08-26,0.010090037411412863,0.010090037411412863,0.00010206742653087741,0.0060948494174600685,0.00010206742653087741,0.0053409904423133495,0.010090037411412863
2019-08-27,-0.005480475383029438,-0.005480475383029438,0.007135081179509478,-0.0004342527580138713,-0.006480475383029438,0.0005637759477766448,-0.005480475383029438
2019-08-28,-0.007373755048894987,-0.007373755048894987,0.00026831317804548727,-0.004316927758118798,-0.007373755048894987,-0.0037146042903115463,-0.007373755048894987
2019-08-29,0.0032380873718805456,0.0032380873718805456,-0.0025645114785824152,0.0009170478316953611,0.0032380873718805456,0.0005218021743444536,0.0032380873718805456
2019-08-30,-0.0011796130715957037,-0.0011796130715957037,0.00042566464268059545,-0.0005375019858851839,-0.0011796130715957037,-0.00045780675700917556,-0.0011796130715957037
2019-08-31,0.0027682746250962983,0.0027682746250962983,0.0,0.001660964775057779,0.0027682746250962983,0.0015765129367379903,0.0027682746250962983
2019-09-01,0.0009273738495974756,0.0009273738495974756,0.0,0.0005564243097584854,0.0009273738495974756,0.0005274954751671396,0.0009273738495974756
2019-09-02,0.011053492801243002,0.011053492801243002,0.0,0.006632095680745801,0.011053492801243002,0.006447105771781854,0.011053492801243002
2019-09-03,9.111793834712698e-05,9.111793834712698e-05,0.0049088416920266,0.0020182074398189163,9.111793834712698e-05,0.0021251879476601393,9.111793834712698e-05
2019-09-04,0.007973151307391513,0.007973151307391513,0.0007506952823473079,0.005084168897373831,0.007973151307391513,0.00492387299201495,0.0007506952823473079
2019-09-05,0.005228788575314959,0.005228788575314959,-0.012447411161120553,-0.0018416913192592465,0.005228788575314959,-0.001889078833203773,0.005228788575314959
2019-09-06,-0.004091461451260085,-0.004091461451260085,-0.00010433256930628132,-0.0024966098984785636,-0.004091461451260085,-0.0025065880903010927,-0.004091461451260085
2019-09-07,0.0071899731137881305,0.0071899731137881305,0.0,0.0043139838682728785,0.0071899731137881305,0.004329204908217393,0.0071899731137881305
2019-09-08,0.0011251252555556368,0.0011251252555556368,0.0,0.000675075153333382,0.0011251252555556368,0.0006746315009373674,0.0011251252555556368
2019-09-09,0.00309847374697805,0.00309847374697805,-0.007384763853493348,-0.0010948212932105094,0.00309847374697805,-0.001050565324273255,0.00309847374697805
2019-09-10,-0.0016190296287910257,-0.0016190296287910257,-0.00805984233865123,-0.004195354712735107,-0.0016190296287910257,-0.004148207445262506,-0.0016190296287910257
2019-09-11,0.0041847938967738176,0.0041847938967738176,0.0015732633730835277,0.0031401816872977015,0.0041847938967738176,0.0031606740435156455,0.0041847938967738176
2019-09-12,0.004935628471157953,0.004935628471157953,-0.002428031716625645,0.001990164396044514,0.004935628471157953,0.0020407038258603316,0.004935628471157953
2019-09-13,-0.00043157648641225756,-0.00043157648641225756,-0.010069743302531076,-0.004286843212859785,-0.00043157648641225756,-0.004119928397870966,-0.00043157648641225756
2019-09-14,0.004265137490624639,0.004265137490624639,0.0,0.002559082494374783,0.004265137490624639,0.0026587017950844105,0.004265137490624639
2019-09-15,0.0008836087122547785,0.0008836087122547785,0.0,0.0005301652273528671,0.0008836087122547785,0.0005511893213589665,0.0008836087122547785
2019-09-16,0.011735403612178409,0.011735403612178409,0.007481621258231375,0.010033890670599595,0.011735403612178409,0.010313972697361264,0.011735403612178409
2019-09-17,0.004536812080322577,0.004536812080322577,0.001386769200165533,0.0032767949282597594,0.004536812080322577,0.003463970111920582,0.004536812080322577
2019-09-18,-0.0014171356192403456,-0.0014171356192403456,0.0005152832110452421,-0.0006441680871261104,-0.0014171356192403456,-0.0009040755311179225,0.0005152832110452421
2019-09-19,0.006635668151908154,0.006635668151908154,0.0013175973819070375,0.004508439843907708,0.006635668151908154,0.005229689825739931,0.006635668151908154
2019-09-20,-0.004494723490970724,-0.004494723490970724,0.008348614574286872,0.0006426117351323148,-0.004494723490970724,-0.001466851765031839,-0.004494723490970724
2019-09-21,-0.0030582305092203953,-0.0030582305092203953,0.0,-0.001834938305532237,-0.0030582305092203953,-0.0023455604244213223,-0.0030582305092203953
2019-09-22,-0.0014852345972810415,-0.0014852345972810415,0.0,-0.0008911407583686249,-0.0014852345972810415,-0.0011432326331312765,-0.0014852345972810415
2019-09-23,-0.008667336825020978,-0.008667336825020978,0.0020759706803557265,-0.004370013822870296,-0.008667336825020978,-0.006203107988338458,0.0020759706803557265
2019-09-24,-0.03900994873450684,-0.03900994873450684,0.0046530458326893565,-0.021544750907628363,-0.03900994873450684,-0.028810509945580008,-0.03900994873450684
2019-09-25,0.002662908608985252,0.002662908608985252,-0.007973158408489028,-0.0015915181980044606,0.002662908608985252,-0.000975587145542529,0.002662908608985252
2019-09-26,-0.009515715299927143,-0.009515715299927143,0.002722200375465972,-0.0046205490297698965,-0.009515715299927143,-0.005340521590725305,0.002722200375465972
2019-09-27,0.002824212426326923,0.002824212426326923,-0.0006859115070587951,0.0014201628529726357,0.002824212426326923,0.0016130213763358191,0.002824212426326923
2019-09-28,-0.00016768862172597852,-0.00016768862172597852,0.0,-0.00010061317303558711,-0.00016768862172597852,-0.00010984224861749096,-0.00016768862172597852
2019-09-29,-0.004499835512242744,-0.004499835512242744,0.0,-0.002699901307345646,-0.004499835512242744,-0.0029733715376994876,0.0
2019-09-30,0.009113904860351081,0.009113904860351081,-0.0022350340068919006,0.004574329313453888,0.009113904860351081,0.005262212280893983,0.009113904860351081
2019-10-01,-0.010094674202412897,-0.010094674202412897,0.0019828457217417605,-0.005263666232751034,-0.010094674202412897,-0.005930135356369459,-0.010094674202412897
2019-10-02,-0.008367619570418391,-0.008367619570418391,0.004209947855771529,-0.003336592599942423,-0.008367619570418391,-0.003973882893678712,-0.008367619570418391
2019-10-03,0.0002147839482417899,0.0002147839482417899,0.004625715244550965,0.00197915646676546,0.0036257152445509653,0.0017641933664084696,0.0002147839482417899
2019-10-04,0.007738205330992664,0.007738205330992664,0.002144859143032002,0.005500866855808398,0.0067382053309926635,0.005781342382462531,0.007738205330992664
2019-10-05,-0.0011348223611678347,-0.0011348223611678347,0.0,-0.0006808934167007009,-0.0011348223611678347,-0.000734121342009669,-0.0011348223611678347
2019-10-06,-0.004300887717636099,-0.004300887717636099,0.0,-0.0025805326305816593,-0.004300887717636099,-0.0027914376889786666,-0.004300887717636099
2019-10-07,0.006278608067145901,0.006278608067145901,-0.004575037399526222,0.0019371498804770513,0.006278608067145901,0.002465278800222008,0.006278608067145901
2019-10-08,-0.008503889417991344,-0.008503889417991344,0.003758315811625168,-0.0035990073261447384,-0.008503889417991344,-0.0041786683218099745,-0.008503889417991344
2019-10-09,0.016814899342337868,0.016814899342337868,-0.002005719672242251,0.00928665173650582,-0.003005719672242251,0.010114173264101465,0.016814899342337868
2019-10-10,0.004098704150517089,0.004098704150517089,-0.008488896077498642,-0.0009363359406892036,0.003098704150517089,-0.0005660750384625709,-0.008488896077498642
2019-10-11,0.000525871738963272,0.000525871738963272,-0.007116162415894689,-0.002530941922979912,0.000525871738963272,-0.0022584695450096667,0.000525871738963272
2019-10-12,-0.0008632155160766973,-0.0008632155160766973,0.0,-0.0005179293096460183,-0.0008632155160766973,-0.0005532201910159529,-0.0008632155160766973
2019-10-13,0.0005599081314705175,0.0005599081314705175,0.0,0.00033594487888231054,0.0005599081314705175,0.0003600306592215461,0.0005599081314705175
2019-10-14,0.0021799868222515733,0.0021799868222515733,0.004253668924069476,0.0030094596629787343,0.0021799868222515733,0.0029146429843579505,0.0021799868222515733
2019-10-15,-0.00015210988559652725,-0.00015210988559652725,-0.006711173694931655,-0.002775735409330578,-0.00015210988559652725,-0.0024355348091739076,-0.00015210988559652725
2019-10-16,-0.0069994492905311395,-0.0069994492905311395,0.0015764761751526635,-0.003569079104257618,-0.0069994492905311395,-0.004023304992579749,-0.0069994492905311395
2019-10-17,0.005496166213357616,0.005496166213357616,-0.0012752607719171416,0.002787595419247713,0.005496166213357616,0.003935667831052614,0.005496166213357616
2019-10-18,-0.006477343020362365,-0.006477343020362365,-0.0009812164029464332,-0.004278892373395992,-0.006477343020362365,-0.00520251591401192,-0.006477343020362365
2019-10-19,-0.00023934057823245722,-0.00023934057823245722,0.0,-0.00014360434693947433,-0.00023934057823245722,-0.00018444711461516474,-0.00023934057823245722
2019-10-20,0.0049323831399122765,0.0049323831399122765,0.0,0.002959429883947366,0.0049323831399122765,0.0038019708476365387,0.0049323831399122765
2019-10-21,0.005975372342397731,0.005975372342397731,-0.0038004593379085683,0.0020650396702752115,0.005975372342397731,0.0037513994716159866,0.005975372342397731
2019-10-22,-0.004032330057393489,-0.004032330057393489,0.003342420217387898,-0.0010824299474809342,-0.004032330057393489,-0.002618441645705874,-0.004032330057393489
2019-10-23,-0.010301837454247755,-0.010301837454247755,0.000835121357762536,-0.005847053929443639,-0.010301837454247755,-0.008250594602951012,-0.010301837454247755
2019-10-24,0.0006572644987910855,0.0006572644987910855,0.0019837511998698487,0.0011878591792225909,0.0006572644987910855,0.000910089137803781,0.0006572644987910855
2019-10-25,0.033217264384312814,0.033217264384312814,-0.0008941108420639499,0.01957271429376211,0.033217264384312814,0.026720217307757494,0.033217264384312814
2019-10-26,0.006462767130582174,0.006462767130582174,0.0,0.0038776602783493043,0.006462767130582174,0.0046788634117347246,0.006462767130582174
2019-10-27,0.004292351326756521,0.006409291857459125,0.0,0.0038455751144754746,0.006409291857459125,0.004636447410153996,0.006409291857459125
2019-10-28,-0.0033710937858917323,-0.0029450801147006146,-0.005552145802889791,-0.003987906389976285,-0.0029450801147006146,-0.0036700498015779528,-0.0029450801147006146
2019-10-29,0.006992637113846542,0.007079938701148129,-0.00039799449765565154,0.004088765421626617,0.007079938701148129,0.005043444024030443,0.007079938701148129
2019-10-30,-0.007518389562594146,-0.007518389562594146,0.005682788723177207,-0.0022379182482856045,-0.007518389562594146,-0.003921211824616062,-0.007518389562594146
2019-10-31,-0.002969773711228221,-0.002969773711228221,0.00699057071768211,0.0010143640603359116,-0.002969773711228221,-0.00025382519439511855,0.00699057071768211
2019-11-01,0.01020259538109949,0.01020259538109949,-0.0011071288353665942,0.0056787056945130565,0.01020259538109949,0.00711174274534981,0.01020259538109949
2019-11-02,0.0007365276757467972,0.0007365276757467972,0.0,0.0004419166054480783,0.0007365276757467972,0.0005304650906707139,0.0
2019-11-03,-0.001693870334690073,-0.001971418468566102,0.0,-0.0011828510811396611,-0.001971418468566102,-0.0014203917463953847,-0.001971418468566102
2019-11-04,0.008897024265057273,0.010380538072815828,-0.004339710997873142,0.004492438444540239,0.010380538072815828,0.0062572577350099,-0.004339710997873142
2019-11-05,-0.0007485095425810999,-0.000661207955279513,-0.007264312807656548,-0.0033024498962303268,-0.000661207955279513,-0.0025041147021577035,-0.000661207955279513
2019-11-06,-0.002053987022893118,-0.002577265015918139,0.003306662918982073,-0.00022369384195805413,-0.002577265015918139,-0.0009343435372151477,-0.002577265015918139
2019-11-07,-0.00142636484881153,-0.0013192219916686732,-0.009849335160416361,-0.004731267259167749,-0.0013192219916686732,-0.0036736833450518374,-0.0013192219916686732
2019-11-08,-0.0072570220242551674,-0.0072570220242551674,-0.0024239491696990134,-0.005323792882432706,-0.0072570220242551674,-0.005929738886317778,-0.0072570220242551674
2019-11-09,0.0006027415708362355,0.0006027415708362355,0.0,0.0003616449425017413,0.0006027415708362355,0.000435396619181055,0.0006027415708362355
2019-11-10,0.00572153980335926,0.00572153980335926,0.0,0.0034329238820155557,0.00572153980335926,0.004153201765819015,0.00572153980335926
2019-11-11,-0.007799013273385354,-0.007799013273385354,-0.0005332390860988412,-0.004892703598470749,-0.007799013273385354,-0.0057918062839372245,-0.007799013273385354
2019-11-12,0.0008450546833214359,0.0008450546833214359,0.002308609527071015,0.0014304766208212676,0.0008450546833214359,0.0012559667900799475,0.0008450546833214359
2019-11-13,0.0006973309958216372,0.0006973309958216372,0.0032090160606783047,0.0017020050217643043,0.0006973309958216372,0.001401882805339302,0.0006973309958216372
2019-11-14,-0.002660314443776358,-0.002660314443776358,0.004711959800390658,0.0002885952538904486,-0.002660314443776358,-0.0006007338896885858,-0.002660314443776358
2019-11-15,-0.001095864339491998,-0.001095864339491998,-0.0016639112319439542,-0.0013230830964727806,-0.001095864339491998,-0.0012539397047980944,-0.001095864339491998
2019-11-16,0.0025090745585542892,0.0025090745585542892,0.0,0.0015054447351325734,0.0025090745585542892,0.001810624640891232,0.0025090745585542892
2019-11-17,0.0014268067532429275,0.0014268067532429275,0.0,0.0008560840519457565,0.0014268067532429275,0.001030882938097692,0.0014268067532429275
2019-11-18,-0.008148491110622411,-0.008148491110622411,0.0011564648710037373,-0.004426508717971952,-0.008148491110622411,-0.005565648319017568,-0.008148491110622411
2019-11-19,-0.005355193969331793,-0.005355193969331793,0.0029610316929278846,-0.002028703704427922,-0.005355193969331793,-0.003094097584632201,-0.005355193969331793
2019-11-20,-0.003204507332683157,-0.003204507332683157,0.0036317369700796243,-0.00047000961157804425,-0.003204507332683157,-0.0013445125581153217,-0.003204507332683157
2019-11-21,-0.014177089474829862,-0.014177089474829862,-0.0031857981493871312,-0.009780572944652769,-0.014177089474829862,-0.01118065669258726,-0.014177089474829862
2019-11-22,-0.012613362942370155,-0.012613362942370155,0.00055188000399084,-0.0073472657638257565,-0.012613362942370155,-0.008889539252726057,-0.012613362942370155
2019-11-23,0.0038702329023017315,0.0038702329023017315,0.0,0.002322139741381039,0.0038702329023017315,0.0027396596159989773,0.0038702329023017315
2019-11-24,-0.012919696220233725,-0.012919696220233725,0.0,-0.007751817732140235,-0.012919696220233725,-0.009130084378825735,-0.012919696220233725
2019-11-25,0.010263756800981695,0.010263756800981695,-0.00016768528358027113,0.006091179967156908,0.010263756800981695,0.007097404692745628,0.010263756800981695
2019-11-26,0.004581860134733569,0.004581860134733569,0.002856317375757589,0.0038916430311431768,0.004581860134733569,0.004051095580372982,0.002856317375757589
2019-11-27,0.010427300715399483,0.010427300715399483,-0.0023272827167842014,0.005325467342526009,0.010427300715399483,0.008136785001153838,0.010427300715399483
2019-11-28,-0.0019503198806222815,-0.0019503198806222815,0.0,-0.001170191928373369,-0.0019503198806222815,-0.001578702631677788,-0.0019503198806222815
2019-11-29,0.0008094909214918141,0.0008094909214918141,0.0005380536283901838,0.0007009160042511619,0.0008094909214918141,0.0007604685056834364,0.0008094909214918141
2019-11-30,-0.004720985594009969,-0.004720985594009969,0.0,-0.0028325913564059813,-0.004720985594009969,-0.0038716026835583636,-0.004720985594009969
2019-12-01,-0.0031195745722180338,-0.0031195745722180338,0.0,-0.0018717447433308201,-0.0031195745722180338,-0.0025497991108535778,-0.0031195745722180338
2019-12-02,-0.008659564320142674,-0.008659564320142674,-0.0053797297960514745,-0.007347630510506195,-0.008659564320142674,-0.008064573398813309,-0.008659564320142674
2019-12-03,-0.004101178830083392,-0.004101178830083392,0.009586600443155374,0.0013739328792121146,-0.004101178830083392,-0.0016256958057964109,-0.004101178830083392
2019-12-04,0.0016927082131798143,0.004958492935512143,-0.004077821089216477,0.0013439673256206946,0.004958492935512143,0.0034115696294165993,0.004958492935512143
2019-12-05,0.0026286334444166884,0.004965237188865694,-0.0022155450501727125,0.002092924293250331,0.004965237188865694,0.003777391045649644,0.004965237188865694
2019-12-06,0.005573406861982268,0.00901020414358337,-0.0036923766767670563,0.003929171815443199,0.00901020414358337,0.006876307234567032,0.00901020414358337
2019-12-07,-0.0003207097749412136,-0.00018141717015638135,0.0,-0.00010885030209382881,-0.00018141717015638135,-0.00015050879426492257,-0.00018141717015638135
2019-12-08,0.0007056272548350413,0.001983837542358745,0.0,0.001190302525415247,0.001983837542358745,0.0016462928334100286,0.001983837542358745
2019-12-09,-0.004593270010367719,-0.006337494451699831,0.00039229109296257114,-0.0036455802338348697,-0.006337494451699831,-0.005207946426346413,-0.006337494451699831
2019-12-10,-0.003317706824667138,-0.0033347787661949357,0.00015358177880536727,-0.0019394345481948145,-0.0033347787661949357,-0.002745243313459903,-0.0033347787661949357
2019-12-11,-0.0029835471967271337,-0.0033012754252633846,0.0037876840406645684,-0.0004656916388922033,-0.0033012754252633846,-0.002157158124167347,-0.0033012754252633846
2019-12-12,0.006917902156823594,0.006965521204442641,-0.006595635647182879,0.001541058463792433,0.006965521204442641,0.005232544268121011,0.006965521204442641
2019-12-13,0.0004271438567716353,0.0004271438567716353,0.00548213860481056,0.0024491417559872053,0.0004271438567716353,0.0010943972340380268,0.00548213860481056
2019-12-14,-0.003807408946855051,-0.003807408946855051,0.0,-0.0022844453681130305,-0.003807408946855051,-0.0033048760023278714,-0.003807408946855051
2019-12-15,0.000621993612576002,0.000621993612576002,0.0,0.0003731961675456012,0.000621993612576002,0.000538742186964723,0.000621993612576002
2019-12-16,-0.0038803790421862005,-0.0038803790421862005,-0.0039038606372260864,-0.0038897716802021552,-0.0038803790421862005,-0.0038835221808534576,-0.0039038606372260864
2019-12-17,-0.014320347209015514,-0.014320347209015514,9.361062608162496e-05,-0.008554764074976658,-0.014320347209015514,-0.012371947017136911,-0.014320347209015514
2019-12-18,0.02215633914357768,0.02215633914357768,-0.0022441025075845,0.012396162483112809,0.02215633914357768,0.01824491355444721,0.02215633914357768
2019-12-19,-0.001216628034597088,-0.001216628034597088,0.0012425196933541494,-0.00023296894341659296,-0.001216628034597088,-0.0007019566858352734,-0.001216628034597088
2019-12-20,0.0013892367678254725,0.002741647685287495,0.0014232289696383127,0.002214280199027822,0.002741647685287495,0.002469342066662309,0.002741647685287495
2019-12-21,-0.0006455818868814922,-0.0012307219624511337,0.0,-0.0007384331774706802,-0.0012307219624511337,-0.0009811697290727883,-0.0012307219624511337
2019-12-22,0.004563228772297177,0.00862913815273251,0.0,0.005177482891639506,0.00862913815273251,0.006877774141875264,0.00862913815273251
2019-12-23,-0.0028161985481578583,-0.0039903246409443245,4.479457103359619e-05,-0.002376276956153156,-0.0039903246409443245,-0.0031514028826363314,-0.0039903246409443245
2019-12-24,0.0012553466673893277,0.0008207764602882812,0.00350369361777797,0.0018939433232841568,0.0008207764602882812,0.0013741083706176143,0.0008207764602882812
2019-12-25,-0.0031715392982923016,-0.0029651900919430954,0.0,-0.0017791140551658572,-0.0029651900919430954,-0.002358731489494612,-0.0029651900919430954
2019-12-26,0.002706421772082875,0.002706421772082875,0.00254883199922587,0.0026433858629400734,0.002706421772082875,0.0026758451987168616,0.002706421772082875
2019-12-27,0.0011516906729642908,0.0011516906729642908,-0.0006922185147104631,0.0004141269978943892,0.0011516906729642908,0.0007928137576519347,0.0011516906729642908
2019-12-28,0.0013930948138793425,0.0013930948138793425,0.0,0.0008358568883276054,0.0013930948138793425,0.0013310494531945008,0.0013930948138793425
2019-12-29,0.0071612473538953635,0.0071612473538953635,0.0,0.004296748412337218,0.0071612473538953635,0.006896494609326585,0.0071612473538953635
2019-12-30,-0.006593784821221613,-0.006593784821221613,-0.0010203603334212052,-0.00436441502610145,-0.006593784821221613,-0.006377036544778232,-0.006593784821221613
2019-12-31,-0.0021616795212372106,-0.0021616795212372106,-0.0035512667400112163,-0.002717514408746813,-0.0021616795212372106,-0.002223840366839735,-0.0021616795212372106
2020-01-01,0.0011226902581274395,0.0011226902581274395,0.0,0.0006736141548764637,0.0011226902581274395,0.0010831081011378918,0.0
2020-01-02,-0.0022728750658124065,-0.0022728750658124065,0.006683197272298935,0.0013095538694321306,-0.0022728750658124065,-0.0020373162420746923,-0.0022728750658124065
2020-01-03,0.009622881288502206,0.009622881288502206,0.009125935815460506,0.009424103099285527,0.009622881288502206,0.00961010974186586,0.009622881288502206
2020-01-04,0.0017383604293656793,0.0017383604293656793,0.0,0.0010430162576194075,0.0017383604293656793,0.0016975750703941224,0.0017383604293656793
2020-01-05,0.0010031502930949454,0.0010031502930949454,0.0,0.0006018901758569672,0.0010031502930949454,0.000979022898336248,0.0010031502930949454
2020-01-06,0.01483493940915744,0.01483493940915744,0.00035854359366072064,0.009044381082958753,0.01483493940915744,0.014489960501353795,0.01483493940915744
2020-01-07,0.002455639316988679,0.002455639316988679,0.00025997689575818494,0.0015773743484964813,0.002455639316988679,0.0023573712129681323,0.002455639316988679
2020-01-08,-0.003956466838484187,-0.003956466838484187,-0.00344278563670275,-0.0037509943577716124,-0.003956466838484187,-0.003932873440932601,-0.003956466838484187
2020-01-09,-0.0021986572565056983,-0.0021986572565056983,0.0001224498410722641,-0.0012702144174745135,-0.0021986572565056983,-0.0020885402090431477,-0.0021986572565056983
2020-01-10,0.006825861779388265,0.006825861779388265,0.0040792380955209095,0.005727212305841323,0.006825861779388265,0.006694212361114948,0.006825861779388265
2020-01-11,-0.0025554506338777306,-0.0025554506338777306,0.0,-0.0015332703803266382,-0.0025554506338777306,-0.0024348334009102798,0.0
2020-01-12,0.004432974506578067,0.004432974506578067,0.0,0.00265978470394684,0.004432974506578067,0.004218847411866826,0.0
2020-01-13,0.0019666569817716256,0.0019666569817716256,-0.0029055859717463106,1.7759800364450934e-05,0.0019666569817716256,0.0017425562061622198,0.0019666569817716256
2020-01-14,0.026074513988943077,0.026074513988943077,0.0016534516226693052,0.01630608904243357,0.026074513988943077,0.025205075648791018,0.026074513988943077
2020-01-15,0.00037758018069626126,0.00037758018069626126,0.0033639821239178636,0.0015721409579849022,0.00037758018069626126,0.0007884461009129672,0.00037758018069626126
2020-01-16,0.0025380737686711255,0.0025380737686711255,-0.0013134356571430916,0.0009974699983454388,0.0025380737686711255,0.0020081908435512076,-0.0013134356571430916
2020-01-17,0.007608692606227652,0.007608692606227652,-0.0010198863231578037,0.004157261034473469,0.007608692606227652,0.006428924771300668,0.007608692606227652
2020-01-18,0.003154874258962289,0.003154874258962289,0.0,0.0018929245553773733,0.003154874258962289,0.0027051684588917054,0.003154874258962289
2020-01-19,-0.008258783205727864,-0.008258783205727864,0.0,-0.004955269923436719,-0.008258783205727864,-0.007078705974342543,-0.008258783205727864
2020-01-20,-0.0005200156915685526,-0.0005200156915685526,0.0,-0.00031200941494113156,-0.0005200156915685526,-0.0004405265960122224,-0.0005200156915685526
2020-01-21,-0.0007963773171178406,-0.0007963773171178406,0.0036976800307071123,0.0010012456220121406,-0.0007963773171178406,-0.00015246097765941847,-0.0007963773171178406
2020-01-22,-0.004591148161553494,-0.004591148161553494,0.0008180824368695938,-0.002427455922184259,-0.004591148161553494,-0.003840459437586523,-0.004591148161553494
2020-01-23,-0.007335310114736611,-0.007335310114736611,0.003604860205537519,-0.0029592419866269586,-0.007335310114736611,-0.005798657966332211,-0.007335310114736611
2020-01-24,-0.006498670640626431,-0.006498670640626431,0.004755542944156477,-0.0019969852067132678,-0.006498670640626431,-0.005156670303257518,-0.006498670640626431
2020-01-25,-0.002225046880325469,-0.002225046880325469,0.0,-0.0013350281281952813,-0.002225046880325469,-0.0020005834798371685,-0.002225046880325469
2020-01-26,0.007720428705955623,0.007720428705955623,0.0,0.004632257223573373,0.007720428705955623,0.006940099381280359,0.007720428705955623
2020-01-27,-0.007385234346006698,-0.007385234346006698,0.007663740497584393,-0.001365644408570261,-0.007385234346006698,-0.006211366541343944,-0.007385234346006698
2020-01-28,0.015446021060116832,0.015446021060116832,-0.0050287207511595655,0.007256124335606273,0.015446021060116832,0.01389169561904062,0.015446021060116832
2020-01-29,-0.003953406789646359,-0.003953406789646359,0.005374260247546947,-0.00022233997476903654,-0.003953406789646359,-0.002966913462909077,-0.003953406789646359
2020-01-30,0.009073738385353143,0.009073738385353143,-0.0004617007385994132,0.005259562735772121,0.009073738385353143,0.008156375051107494,0.009073738385353143
2020-01-31,-0.018266026605498784,-0.018266026605498784,0.003944370240646228,-0.00938186786704078,-0.018266026605498784,-0.0159408402698409,-0.018266026605498784
2020-02-01,0.002670259265803295,0.002670259265803295,0.0,0.001602155559481977,0.002670259265803295,0.0022593779536544535,0.002670259265803295
2020-02-02,0.0024167214664016687,0.0024167214664016687,0.0,0.0014500328798410012,0.0024167214664016687,0.0020529460466991887,0.0024167214664016687
2020-02-03,0.0009905820887381085,0.0009905820887381085,-0.0008027914230903377,0.00027323268400672993,0.0009905820887381085,0.000723757186265876,0.0009905820887381085
2020-02-04,0.007763876924515399,0.007763876924515399,-0.007690392551689601,0.0015821691340333986,0.007763876924515399,0.0056501435622991775,0.007763876924515399
2020-02-05,0.024410462709471496,0.024410462709471496,-0.002563813306099616,0.01362075230324305,0.024410462709471496,0.020668269140718346,0.024410462709471496
2020-02-06,0.006839848351455544,0.006839848351455544,0.003122028353161832,0.00535272035213806,0.006839848351455544,0.006101119682401042,0.006839848351455544
2020-02-07,0.004284625558579287,0.001294198130820866,0.005542421026489497,0.0029934872890883184,0.001294198130820866,0.002145434484197336,0.001294198130820866
2020-02-08,7.847350859532016e-05,0.0009943831041505152,0.0,0.0005966298624903091,0.0009943831041505152,0.0008009090409615805,0.0009943831041505152
2020-02-09,0.0009690951091139005,0.005538043722148956,0.0,0.0033228262332893736,0.005538043722148956,0.004462060622209587,0.005538043722148956
2020-02-10,0.0003063341189734798,-0.002595205574042963,0.0021960783928715033,-0.0006786919872771764,-0.002595205574042963,-0.0016563482759016264,-0.002595205574042963
2020-02-11,0.006089160848160546,0.014296645856714715,-0.0029963987770942613,0.007379428003191124,0.014296645856714715,0.010991928650717861,0.014296645856714715
2020-02-12,0.01589522938583285,0.021845987287157326,-0.001453867408548637,0.012526045408874942,0.021845987287157326,0.017074772234828152,0.021845987287157326
2020-02-13,0.0015355041779484225,-0.0004221737270942623,0.0028844296529632607,0.0009004676249287469,-0.0004221737270942623,0.0003686390168946978,-0.0004221737270942623
2020-02-14,0.0024067773582751905,0.008105615880844167,0.0026647138662116987,0.0059292550749911795,0.008105615880844167,0.006811638437350641,0.008105615880844167
2020-02-15,-0.0005227523554178706,-0.012173359356530387,0.0,-0.007304015613918232,-0.012173359356530387,-0.00924476166228006,-0.012173359356530387
2020-02-16,-0.0003107570928099445,-0.001523165353945884,0.0,-0.0009138992123675304,-0.001523165353945884,-0.0011341574249127656,-0.001523165353945884
2020-02-17,-3.3741314084528765e-05,3.3270863348860364e-05,0.0,1.9962518009316217e-05,3.3270863348860364e-05,2.474227019290699e-05,3.3270863348860364e-05
2020-02-18,0.007572743816586633,0.010287699838556881,0.006248407370171516,0.008671982851202735,0.010287699838556881,0.009263205542102367,0.010287699838556881
2020-02-19,-0.005587667177841719,-0.010740250196982635,0.0018620948574427088,-0.005699312175212497,-0.010740250196982635,-0.007785196706149412,-0.010740250196982635
2020-02-20,-0.0011857374898810356,-0.002185086128608781,0.0044497193386123235,0.0004688360582796611,-0.002185086128608781,-0.000768442845811779,-0.002185086128608781
2020-02-21,-0.0023547235045923167,-0.00216821556808438,0.005620106812715547,0.0009471133842355909,-0.00216821556808438,-0.0004996425329085196,-0.00216821556808438
2020-02-22,-0.0016343123445296845,-0.0016343123445296845,0.0,-0.0009805874067178107,-0.0016343123445296845,-0.0012814184503106595,-0.0016343123445296845
2020-02-23,0.007842912196916673,0.007842912196916673,0.0,0.0047057473181500034,0.007842912196916673,0.006147283923578703,0.007842912196916673
2020-02-24,-0.031048272301779423,-0.031048272301779423,0.008019103032189723,-0.015421322168191762,-0.031048272301779423,-0.022639606561249286,-0.031048272301779423
2020-02-25,-0.032993385524446944,-0.032993385524446944,-0.00318797329556314,-0.02107122063289342,-0.032993385524446944,-0.02401575696999058,-0.032993385524446944
2020-02-26,-0.0011743871972778866,-0.022754110932312624,-0.00017438719727788654,-0.013722221438298729,-0.022754110932312624,-0.014383531896323222,-0.022754110932312624
2020-02-27,0.0024803704284063754,-0.031428051232759574,0.0024803704284063754,-0.017864682568293194,-0.031428051232759574,-0.01798264749058296,-0.031428051232759574
2020-02-28,-0.0016923118309807579,-0.009208501510102194,-0.0015199193273548184,-0.006133068637003244,-0.0025199193273548184,-0.005847714479449219,-0.009208501510102194
2020-02-29,-1.984126984126977e-05,-0.004321411684334148,0.0,-0.002592847010600489,0.0,-0.0024192587648722563,-0.004321411684334148
2020-03-01,0.0,-0.0009224667283265085,0.0,-0.0005534800369959051,0.0,-0.0005158959490067385,-0.0009224667283265085
2020-03-02,-0.0004347339375231858,0.037182902141072414,-0.001947859395316387,0.021530597526516895,-0.001947859395316387,0.020010502932035962,0.037182902141072414
2020-03-03,0.01174437457725715,-0.01728363546009844,0.013602687448819734,-0.00492910629653117,0.013602687448819734,-0.0024203833105720333,-0.01728363546009844
2020-03-04,-0.0009678257465774045,0.02230094916529615,-0.0019086842140101923,0.012617095813573611,-0.0019086842140101923,0.010446571816398537,0.02230094916529615
2020-03-05,0.011399756156379379,-0.014736908193979166,0.011949081345657891,-0.004062512378124342,-0.015736908193979167,-0.001337048171449278,-0.014736908193979166
2020-03-06,0.014191397345739692,-0.011912725988757799,0.014211238615580962,-0.0014631401470222936,0.013211238615580961,0.001348981455819808,-0.011912725988757799
2020-03-07,-0.00012256631035887202,-0.005177342042087172,0.0,-0.003106405225252303,0.0,-0.002541875729698848,-0.005177342042087172
2020-03-08,-0.0011055614449804508,-0.02736014841350746,0.0,-0.016416089048104477,0.0,-0.013417443318530634,-0.02736014841350746
2020-03-09,0.0017228840794196304,-0.07722179529854793,0.0067404798206411876,-0.04363688525087229,0.0067404798206411876,-0.03304003744325327,0.0067404798206411876
2020-03-10,-0.014962817131844785,0.03198168731783113,-0.018988205446472034,0.011593730212109863,-0.018988205446472034,0.0007116086497561697,0.03198168731783113
2020-03-11,-0.01228080484553233,-0.04078936511402152,-0.012201439766167249,-0.029354194974879812,-0.012201439766167249,-0.022892811019392483,-0.04078936511402152
2020-03-12,-0.00876698060519545,-0.16322748047866092,-0.005620006923546361,-0.10018449105661509,-0.005620006923546361,-0.062178779504435316,-0.16322748047866092
2020-03-13,-0.005473964568786144,0.0881157950446656,-0.005454123298944874,0.05068782770722141,-0.005454123298944874,0.017938356286957745,0.0881157950446656
2020-03-14,0.0,-0.015510803835603734,0.0,-0.00930648230136224,0.0,-0.0038777009589009335,0.0
2020-03-15,9.564942847613976e-05,0.0058207311951974615,0.0,0.0034924387171184766,0.0,0.0014551827987993654,0.0
2020-03-16,0.0069025190359882594,-0.11393746971261765,0.011916568157831459,-0.063595854564438,0.011916568157831459,-0.019546941309780817,-0.11393746971261765
2020-03-17,-0.011960877792724313,0.03838402252027753,-0.01512616684207041,0.016979946775338355,-0.01512616684207041,-0.001748619501483424,-0.01512616684207041
2020-03-18,-0.02014121061467025,-0.053024974027736684,-0.018761716258758415,-0.03931967092014538,-0.018761716258758415,-0.02732753070100298,-0.053024974027736684
2020-03-19,0.012727183477357159,0.0585230285946527,0.00882236924310753,0.03864276485403463,0.00882236924310753,0.02124753408099382,0.0585230285946527
2020-03-20,0.023222792473239225,-0.0218183992151353,0.02820530257107784,-0.0018089185006500436,0.02820530257107784,0.015699377124524554,-0.0218183992151353
2020-03-21,-6.656841215420609e-05,-0.0001775239862859854,0.0,-0.00010651439177159125,0.0,-4.438099657149635e-05,-0.0001775239862859854
2020-03-22,-0.0017840413315829695,-0.014319280518630259,0.0,-0.008591568311178155,0.0,-0.0035798201296575647,-0.014319280518630259
2020-03-23,0.02041612310821506,0.004498737039662119,0.023948888195581636,0.012278797502029927,0.023948888195581636,0.019086350406601758,0.023948888195581636
2020-03-24,0.017629271943149578,0.07716183555646844,0.0029182413457934375,0.04746439787219844,0.0029182413457934375,0.021479139898462188,0.07716183555646844
2020-03-25,-0.0013742616776895747,0.015983280333582168,-0.006194895234135994,0.007112010106494903,-0.006194895234135994,-0.0006503513422064537,0.015983280333582168
2020-03-26,0.009709437377550392,0.04081458613912444,0.001025258789293687,0.02489885519919214,0.001025258789293687,0.010972590626751376,0.001025258789293687
2020-03-27,-0.004107189594223734,-0.02977985617017667,0.004869940499021952,-0.01591993750249722,0.004869940499021952,-0.003792508668277703,-0.02977985617017667
2020-03-28,-0.0017857505233385312,-0.006357273312590135,0.0,-0.003814363987554081,0.0,-0.0015893183281475338,-0.006357273312590135
2020-03-29,-0.0030798584363943456,-0.01028165767961833,0.0,-0.006168994607770998,0.0,-0.0025704144199045825,-0.01028165767961833
2020-03-30,0.010527290913956992,0.03162408188336726,0.0007438997653940738,0.019272009036177987,0.0007438997653940738,0.00846394529488737,0.03162408188336726
2020-03-31,-0.008343633380479332,-0.005748378575771114,-0.009723713210255502,-0.00733851242956487,-0.009723713210255502,-0.008729879551634406,-0.005748378575771114
2020-04-01,-0.009114321198051346,-0.0335879332660605,0.008468871095424602,-0.01676521152146646,0.008468871095424602,-0.002045329994946674,-0.0335879332660605
2020-04-02,0.016645380063184997,0.02911387316117997,0.007021899494315642,0.02027708369443424,0.007021899494315642,0.012544892911031724,0.02911387316117997
2020-04-03,-0.0026477956278766804,-0.009803931723373176,0.003395676277102133,-0.004524088523183052,0.003395676277102133,9.577427698330594e-05,-0.009803931723373176
2020-04-04,0.0021263964321170995,0.004659581746900078,0.0,0.0027957490481400464,0.0,0.0011648954367250194,0.004659581746900078
2020-04-05,-0.001287657790210688,-0.0025159181050647466,0.0,-0.001509550863038848,0.0,-0.0006289795262661867,-0.0025159181050647466
2020-04-06,0.041059559230777073,0.07217820419367932,0.005238900512898437,0.04540248272136696,0.005238900512898437,0.021973726433093657,0.07217820419367932
2020-04-07,-0.0024192105391365086,0.0010392712781713092,-0.0073581543881185985,-0.002319698988344654,-0.0073581543881185985,-0.005258797971546121,0.0010392712781713092
2020-04-08,0.01901523955874517,0.034279539431144986,-0.0034322602536075164,0.019194819557243982,-0.0034322602536075164,0.005995689667580609,0.034279539431144986
2020-04-09,0.01076171533341219,0.013530963553556442,0.005682106640035156,0.010391420788147927,0.005682106640035156,0.007644320868415478,0.013530963553556442
2020-04-10,-0.01056397184477326,-0.014706227249349224,0.0,-0.008823736349609534,0.0,-0.003676556812337306,0.0
2020-04-11,-0.0002956778472849429,-0.00024151618300393018,0.0,-0.0001449097098023581,0.0,-6.0379045750982544e-05,-0.00024151618300393018
2020-04-12,0.003204813254262766,0.0038695854289248427,0.0,0.0023217512573549056,0.0,0.0009673963572312107,0.0038695854289248427
2020-04-13,-0.010688971434107877,-0.012357451370699594,0.0010943281299602425,-0.00697673957043566,0.0010943281299602425,-0.0022686167452047167,0.0010943281299602425
2020-04-14,0.013355699829249522,0.014879342681387044,0.0008438612466219741,0.009265150107481015,0.0008438612466219741,0.004352731605313242,0.014879342681387044
2020-04-15,-0.02642965613473257,-0.029839811737966015,0.009449243353617215,-0.014124189701332723,0.009449243353617215,-0.0003730204192785927,-0.029839811737966015
2020-04-16,0.01667515840084958,0.01709846411817733,0.004002315437235393,0.011860004645800554,0.004002315437235393,0.007276352607470877,0.01709846411817733
2020-04-17,0.026738327449939533,0.02704829191496975,-0.00950723067883777,0.012426082877446743,-0.00950723067883777,-0.00036835003038588904,0.02704829191496975
2020-04-18,0.012409124975301129,0.012417061483237636,0.0,0.007450236889942581,0.0,0.003104265370809409,0.012417061483237636
2020-04-19,-0.004194740535420621,-0.004194740535420621,0.0,-0.002516844321252372,0.0,-0.0010486851338551552,-0.004194740535420621
2020-04-20,-0.02613730969658872,-0.02613730969658872,0.005282934633224878,-0.013569211964663281,0.005282934633224878,-0.0025721264492285217,-0.02613730969658872
2020-04-21,-0.021244667249130815,-0.021244667249130815,0.002506707521893581,-0.011744117340721056,0.002506707521893581,-0.003431136170862518,-0.021244667249130815
2020-04-22,0.026367912173139593,0.026367912173139593,0.0023245489551446397,0.01675056688594161,0.0023245489551446397,0.008335389759643378,0.026367912173139593
2020-04-23,0.009209770216897716,0.009209770216897716,0.004071579608516729,0.007154493973545321,0.004071579608516729,0.005356127260611975,0.009209770216897716
2020-04-24,0.010131871989765038,0.010131871989765038,-0.0009740611965527723,0.0056894987152379135,-0.0009740611965527723,0.0018024221000266802,-0.0009740611965527723
2020-04-25,0.003966465299249267,0.003966465299249267,0.0,0.00237987917954956,0.0,0.0009916163248123167,0.003966465299249267
2020-04-26,0.0026377691035963905,0.0026377691035963905,0.0,0.0015826614621578343,0.0,0.0006594422758990976,0.0026377691035963905
2020-04-27,0.014122588439669835,0.014122588439669835,-0.008288088528528942,0.005158317652390325,-0.008288088528528942,-0.0026854192864792475,0.014122588439669835
2020-04-28,0.004245840537681437,0.004245840537681437,0.002577524940038489,0.003578514298624258,0.002577524940038489,0.0029946038394492265,0.004245840537681437
2020-04-29,0.05153824118986824,0.05153824118986824,-0.0010528007075799872,0.030501824430888946,-0.0010528007075799872,0.012094959766782069,0.05153824118986824
2020-04-30,-0.015874356333478484,-0.015874356333478484,-0.00961913984581575,-0.01337226973841339,-0.00961913984581575,-0.011182943967731434,-0.015874356333478484
2020-05-01,-0.018175105086024254,-0.018175105086024254,0.004309088822514684,-0.00918142752260868,0.004309088822514684,-0.0013119596546200506,-0.018175105086024254
2020-05-02,0.002125891693199581,0.002125891693199581,0.0,0.0012755350159197485,0.0,0.0005314729232998953,0.002125891693199581
2020-05-03,-0.0033929182565966,-0.0033929182565966,0.0,-0.0020357509539579597,0.0,-0.00084822956414915,0.0
2020-05-04,0.005418964318343766,0.005418964318343766,0.0011396907436126147,0.0037072548884513057,0.0011396907436126147,0.0022095091372954026,0.005418964318343766
2020-05-05,0.007218103743071253,0.007218103743071253,-0.0005392480355438378,0.004115163031625217,-0.0005392480355438378,0.0014000899091099349,0.007218103743071253
2020-05-06,-0.006874816144827224,-0.006874816144827224,-0.00696892341427327,-0.006912459052605642,-0.00696892341427327,-0.006945396596911759,-0.00696892341427327
2020-05-07,0.023818729969565158,0.023818729969565158,0.0088035733194749,0.017812667309529056,0.0088035733194749,0.012557362481997465,0.023818729969565158
2020-05-08,0.018712656273288823,0.018712656273288823,-0.005665440487221424,0.008961417569084723,-0.005665440487221424,0.00042908370290613805,0.018712656273288823
2020-05-09,-0.003534165693586592,-0.003534165693586592,0.0,-0.002120499416151955,0.0,-0.000883541423396648,-0.003534165693586592
2020-05-10,-0.021776641762227735,-0.021776641762227735,0.0,-0.013065985057336641,0.0,-0.005444160440556934,-0.021776641762227735
2020-05-11,-0.008225603289568154,-0.008225603289568154,-0.0032845354847044483,-0.006249176167622671,-0.0032845354847044483,-0.004519802435920374,-0.008225603289568154
2020-05-12,-0.013197006267014885,-0.013197006267014885,0.003902669891178573,-0.006357135803737502,0.003902669891178573,-0.00037224914836979156,0.003902669891178573
2020-05-13,-0.0051032017643068235,-0.0051032017643068235,0.005130571921266536,-0.0010096922900774798,0.005130571921266536,0.0025721284998731957,-0.0051032017643068235
2020-05-14,0.01311641527615479,0.01311641527615479,0.005325611006899045,0.010000093568452492,0.005325611006899045,0.007273312074212981,0.01311641527615479
2020-05-15,-0.005301345909820294,-0.005301345909820294,0.0007878903627165368,-0.0028656514008055614,0.0007878903627165368,-0.0007344187054176708,-0.005301345909820294
2020-05-16,0.0034523339480257865,0.0034523339480257865,0.0,0.002071400368815472,0.0,0.0008630834870064466,0.0034523339480257865
2020-05-17,0.0070691652822959155,0.0070691652822959155,0.0,0.0042414991693775494,0.0,0.0017672913205739789,0.0070691652822959155
2020-05-18,0.04011457711333192,0.04011457711333192,-0.0109406649121562,0.019692480303136667,-0.0109406649121562,0.0018231455942158293,0.04011457711333192
2020-05-19,-0.010566112921202056,-0.010566112921202056,0.0038636988999676547,-0.004794188192734172,0.0038636988999676547,0.00014434316109176873,-0.010566112921202056
2020-05-20,0.013046394895121124,0.013046394895121124,0.0005685293619468179,0.008055248681851401,0.0005685293619468179,0.0038230874847757384,0.0005685293619468179
2020-05-21,-0.015778065502991594,-0.015778065502991594,-0.0022964088401353777,-0.010385402837849108,-0.0022964088401353777,-0.005986619657160539,-0.015778065502991594
2020-05-22,0.006056879869244735,0.006056879869244735,0.0041991476573476905,0.005313786984485917,0.0041991476573476905,0.00472744243667334,0.006056879869244735
2020-05-23,0.0011412111230264038,0.0011412111230264038,0.0,0.0006847266738158423,0.0,0.00032835694371998836,0.0011412111230264038
2020-05-24,-0.008421297186997209,-0.008421297186997209,0.0,-0.005052778312198325,0.0,-0.0024235167505472976,-0.008421297186997209
2020-05-25,0.0030927750634292847,0.0030927750634292847,0.0,0.0018556650380575708,0.0,0.0008929667180138386,0.0030927750634292847
2020-05-26,0.013104594122550557,0.013104594122550557,-0.009415098359871477,0.004096717129581743,-0.009415098359871477,-0.002913459507494894,0.013104594122550557
2020-05-27,0.017456236059631054,0.017456236059631054,0.00010377950651352386,0.010515253438384041,0.00010377950651352386,0.005623096930029017,0.017456236059631054
2020-05-28,0.006079348413350758,0.006079348413350758,-0.0016156406864209216,0.003001352773442086,0.005079348413350758,0.0008300399050043326,0.006079348413350758
2020-05-29,0.0008057289403277225,0.0008057289403277225,0.004051835317288116,0.00210417149111188,0.0008057289403277225,0.0029899488721601523,0.0008057289403277225
2020-05-30,0.013986931811971463,0.013986931811971463,0.0,0.008392159087182877,0.013986931811971463,0.0046908138190771545,0.013986931811971463
2020-05-31,-0.007954530862238999,-0.007954530862238999,0.0,-0.004772718517343399,-0.007954530862238999,-0.002668602569879283,-0.007954530862238999
2020-06-01,0.025500657896702233,0.025500657896702233,-0.0020403486502952595,0.014484255277903235,0.025500657896702233,0.007212441410380122,0.025500657896702233
2020-06-02,-0.0025239997073067183,-0.0025239997073067183,-0.0032224500238162146,-0.002803379833910517,-0.0025239997073067183,-0.002986181207910472,-0.0025239997073067183
2020-06-03,0.0188755580451397,0.0188755580451397,-0.010931374445846187,0.006952785048745346,0.0188755580451397,-0.0008356353180061877,0.0188755580451397
2020-06-04,-9.141710574775728e-05,-9.141710574775728e-05,-0.0029330205645501095,-0.0012280584892686982,-9.141710574775728e-05,-0.0019407497157318,-9.141710574775728e-05
2020-06-05,0.022937993986829594,0.022937993986829594,-0.007618248126524424,0.010715497141487985,0.022937993986829594,0.00320303905386471,0.022937993986829594
2020-06-06,0.0001904691093984365,0.0001904691093984365,0.0,0.00011428146563906191,0.0001904691093984365,6.727221609769521e-05,0.0001904691093984365
2020-06-07,0.0026966666802715634,0.0026966666802715634,0.0,0.001618000008162938,0.0026966666802715634,0.0009518486482129813,0.0026966666802715634
2020-06-08,0.01350408876959424,0.01350408876959424,0.0032701393275211543,0.009410508992765007,0.01350408876959424,0.006887304698179383,0.01350408876959424
2020-06-09,-0.00953030054825257,-0.00953030054825257,0.00538151217089039,-0.0035655754605953857,-0.00953030054825257,-0.0006128546264532147,-0.00953030054825257
2020-06-10,-0.008124476233944892,-0.008124476233944892,0.007910780690290609,-0.0017103734642506911,-0.008124476233944892,0.0015023019640985958,-0.008124476233944892
2020-06-11,-0.06077571446980158,-0.06077571446980158,0.0063151710797828275,-0.03393936024996782,-0.06077571446980158,-0.02121081754744639,-0.06077571446980158
2020-06-12,0.01872082400895541,0.01872082400895541,-0.0019429592484333236,0.010455310705999917,0.01872082400895541,0.00558210896982286,0.01872082400895541
2020-06-13,0.000597068209248566,0.000597068209248566,0.0,0.0003582409255491396,0.000597068209248566,0.0002176403362914332,0.000597068209248566
2020-06-14,-0.003267310495880829,-0.003267310495880829,0.0,-0.0019603862975284972,-0.003267310495880829,-0.0011911257246643484,0.0
2020-06-15,0.007107386583607076,0.007107386583607076,-0.0015603413912054775,0.003640295393682055,0.007107386583607076,0.0015965624541932836,0.007107386583607076
2020-06-16,0.01759014594993021,0.01759014594993021,-0.0037070769679159177,0.009071256782791757,0.01759014594993021,0.004094672945177632,0.01759014594993021
2020-06-17,-0.008976370523092254,-0.008976370523092254,0.0020926896351326496,-0.004548746459802293,-0.008976370523092254,-0.001954314917411136,0.0020926896351326496
2020-06-18,-0.00073951022584309,-0.00073951022584309,0.003664148679354884,0.0010219533362360997,-0.00073951022584309,0.0020111515131509073,-0.00073951022584309
2020-06-19,-0.00799808628674243,-0.00799808628674243,0.003325357665619144,-0.0034687087057978,-0.00799808628674243,-0.0009467074232097522,-0.00799808628674243
2020-06-20,0.0015750909080637736,0.0015750909080637736,0.0,0.0009450545448382641,0.0015750909080637736,0.0006024862869768889,0.0015750909080637736
2020-06-21,-0.0004796783671696793,-0.0004796783671696793,0.0,-0.00028780702030180755,-0.0004796783671696793,-0.00018402024474996033,-0.0004796783671696793
2020-06-22,0.016753386215661595,0.016753386215661595,9.336005054480512e-05,0.01008937574961488,0.016753386215661595,0.006491432659224073,0.016753386215661595
2020-06-23,0.0021744795092608505,0.0021744795092608505,-0.0005435246696016138,0.0010872778377158648,0.0021744795092608505,0.0005209211931686234,0.0021744795092608505
2020-06-24,-0.03113861020613995,-0.03113861020613995,0.0034311906263801983,-0.01731068987313189,-0.03113861020613995,-0.010368339084837301,-0.03113861020613995
2020-06-25,0.008147121955692857,0.008147121955692857,0.0009919269394262076,0.005285043949186196,0.008147121955692857,0.003792218028594286,0.008147121955692857
2020-06-26,-0.01999661865892102,-0.01999661865892102,0.004849965591124772,-0.010057984958902701,-0.01999661865892102,-0.004878047259763305,-0.01999661865892102
2020-06-27,-0.0046705421142073655,-0.0046705421142073655,0.0,-0.0028023252685244193,-0.0046705421142073655,-0.0018042390106518824,-0.0046705421142073655
2020-06-28,0.0023958950650601668,0.0023958950650601668,0.0,0.0014375370390361,0.0023958950650601668,0.0009243960378576174,0.0023958950650601668
2020-06-29,0.014838192317488877,0.014838192317488877,-0.00031103073132562886,0.008778503097963075,0.014838192317488877,0.005533966613679975,0.014838192317488877
2020-06-30,0.007866234179598024,0.007866234179598024,-0.0009333756110948832,0.004346390263320861,0.007866234179598024,0.0024599202777533333,0.007866234179598024
2020-07-01,0.0056566979066119405,0.0056566979066119405,-0.0025658854985469715,0.0023676645445483754,0.0056566979066119405,0.000602071518575494,0.0056566979066119405
2020-07-02,0.002311221360524381,0.002311221360524381,0.0012990308931694616,0.0019063451735824135,0.002311221360524381,0.0017218251458171166,0.002311221360524381
2020-07-03,-0.0023796994658229487,-0.0023796994658229487,0.0,-0.001427819679493769,-0.0023796994658229487,-0.0010046912485439513,-0.0023796994658229487
2020-07-04,0.0023701096698312985,0.0023701096698312985,0.0,0.001422065801898779,0.0023701096698312985,0.001014635685662152,0.0
2020-07-05,-0.001395980629525864,-0.001395980629525864,0.0,-0.0008375883777155184,-0.001395980629525864,-0.0005976097698622256,-0.001395980629525864
2020-07-06,0.018680498652217253,0.018680498652217253,-0.0012281791148631982,0.010717027545385071,0.018680498652217253,0.007299958257512566,0.018680498652217253
2020-07-07,-0.013736037444278574,-0.013736037444278574,0.0064676440821913594,-0.005654564833690599,-0.013736037444278574,-0.0021017441716318576,-0.013736037444278574
2020-07-08,0.010885902570528115,0.010885902570528115,-0.0011713264473721119,0.006063010963368025,0.010885902570528115,0.0039028223758105643,0.010885902570528115
2020-07-09,-0.014119433726857299,-0.014119433726857299,0.004968642499806442,-0.006484203236191801,-0.014119433726857299,-0.0030629766527268455,-0.014119433726857299
2020-07-10,0.008551215878048808,0.008551215878048808,-0.0027783604730584055,0.004019385337605923,0.008551215878048808,0.0020301265476834855,0.008551215878048808
2020-07-11,-0.0011645260909841266,-0.0011645260909841266,0.0,-0.0006987156545904759,-0.0011645260909841266,-0.0004988338490615006,0.0
2020-07-12,0.001675270557965532,0.001675270557965532,0.0,0.0010051623347793193,0.001675270557965532,0.00071807432909271,0.001675270557965532
2020-07-13,-0.009979540858170112,-0.009979540858170112,0.0010206084351128686,-0.00557948114085692,-0.009979540858170112,-0.0037925339015357877,-0.009979540858170112
2020-07-14,0.011340516986720376,0.011340516986720376,0.0010255800073860344,0.007214542194986639,0.011340516986720376,0.005532300467881688,0.011340516986720376
2020-07-15,0.009951119444189435,0.009951119444189435,-0.0017011152095755544,0.005290225582683439,0.009951119444189435,0.003416785359742418,0.009951119444189435
2020-07-16,-0.008165948652104836,-0.008165948652104836,-0.00012408381635251042,-0.0049492027178039055,-0.008165948652104836,-0.003655049886979521,-0.00012408381635251042
2020-07-17,0.0013172976233182625,0.0013172976233182625,0.00041851648452118084,0.0009577851677994299,0.0013172976233182625,0.000813400863713862,0.0013172976233182625
2020-07-18,0.0013867788996266592,0.0013867788996266592,0.0,0.0008320673397759955,0.0013867788996266592,0.0006105474376456135,0.0013867788996266592
2020-07-19,0.0017421191462367374,0.0017421191462367374,0.0,0.0010452714877420425,0.0017421191462367374,0.0007670417617172912,0.0017421191462367374
2020-07-20,-0.0004962199102374795,-0.0004962199102374795,0.0015978972485861664,0.0003414269532919789,-0.0004962199102374795,0.0006749220210963641,-0.0004962199102374795
2020-07-21,0.01617114449331298,0.01617114449331298,0.001883311148058342,0.010456011155211123,0.01617114449331298,0.008584333828932575,0.01617114449331298
2020-07-22,0.011975688071317634,0.011975688071317634,0.00394939036656386,0.008765168989416124,0.011975688071317634,0.00770186308421447,0.011975688071317634
2020-07-23,1.960134580522885e-05,1.960134580522885e-05,0.004885065309749748,0.0019657869313830364,1.960134580522885e-05,0.0026080054706083267,1.960134580522885e-05
2020-07-24,-0.003961376676423341,-0.003961376676423341,0.0009335555638308457,-0.002003403780321666,-0.003961376676423341,-0.0013891213372399349,0.0009335555638308457
2020-07-25,0.011519037652111264,0.011519037652111264,0.0,0.006911422591266758,0.011519037652111264,0.0054618779038396684,0.011519037652111264
2020-07-26,0.004660074514945063,0.004660074514945063,0.0,0.002796044708967038,0.004660074514945063,0.002200287709879673,0.004660074514945063
2020-07-27,0.024048795247505028,0.024048795247505028,0.0017595241065040679,0.015133086791104644,0.024048795247505028,0.012332710990373986,0.024048795247505028
2020-07-28,-0.00668475194660054,-0.00668475194660054,0.004803619280981386,-0.0020894034555677694,-0.00668475194660054,-0.0005320079883582357,-0.00668475194660054
2020-07-29,0.013784781764291494,0.013784781764291494,0.0005950436589609032,0.008508886522159259,0.013784781764291494,0.006730423013154793,0.013784781764291494
2020-07-30,-0.002423080718876622,-0.002423080718876622,-0.0008471574336513799,-0.0017927114047865253,-0.002423080718876622,-0.0015834341926822307,-0.002423080718876622
2020-07-31,0.005092260547412125,0.005092260547412125,0.0036647954598275634,0.0045212745123783,0.005092260547412125,0.004331611313152746,0.0036647954598275634
2020-08-01,0.017027108141655953,0.017027108141655953,0.0,0.010216264884993572,0.017027108141655953,0.007951038318718594,0.017027108141655953
2020-08-02,-0.010861080757017848,-0.010861080757017848,0.0,-0.006516648454210709,-0.010861080757017848,-0.0050534422166516905,-0.010861080757017848
2020-08-03,0.012912917603648075,0.012912917603648075,-0.0010980593546968398,0.007308526820310109,0.012912917603648075,0.005401939949571876,0.012912917603648075
2020-08-04,0.007810114051878296,0.007810114051878296,0.007668730272280294,0.0077535605400390955,0.007810114051878296,0.007735605818310861,0.007810114051878296
2020-08-05,0.013788209690110928,0.013788209690110928,-0.0017896986516374724,0.007557046353411567,0.013788209690110928,0.0055737160646949415,0.013788209690110928
2020-08-06,0.0008948182716470823,0.0008948182716470823,0.00500049473457137,0.0025370888568167975,0.0008948182716470823,0.0030467905289593114,0.0008948182716470823
2020-08-07,-0.005681037004631307,-0.005681037004631307,-0.004672018499147834,-0.005277429602437918,-0.005681037004631307,-0.005152230682425618,-0.005681037004631307
2020-08-08,0.005698991870732368,0.005698991870732368,0.0,0.0034193951224394206,0.005698991870732368,0.0027631508140610332,0.0
2020-08-09,-0.0015487514271862333,-0.0015487514271862333,0.0,-0.00092925085631174,-0.0015487514271862333,-0.000750348072242089,-0.0015487514271862333
2020-08-10,0.008859340420480014,0.008859340420480014,-0.001852067016650305,0.004574777445627886,0.008859340420480014,0.003335450058696062,0.008859340420480014
2020-08-11,-0.015728897016080958,-0.015728897016080958,-0.01685687756388296,-0.01618008923520176,-0.015728897016080958,-0.016308231373612828,-0.015728897016080958
2020-08-12,0.015485349755451263,0.015485349755451263,-0.00496906764196442,0.00730358279648499,0.015485349755451263,0.004897884813415297,0.015485349755451263
2020-08-13,0.00902036910050008,0.00902036910050008,0.002619347772795766,0.006459960569418354,0.00902036910050008,0.005692270711225008,0.00902036910050008
2020-08-14,0.002290863458844192,0.002290863458844192,-0.0023269270077160287,0.00044374727222010353,0.002290863458844192,0.0004612477044094684,-0.0023269270077160287
2020-08-15,-0.00011285508512275882,-0.00011285508512275882,0.0,-6.77130510736553e-05,-0.00011285508512275882,-6.947799158158309e-05,-0.00011285508512275882
2020-08-16,0.0003645044571893605,0.0003645044571893605,0.0,0.0002187026743136163,0.0003645044571893605,0.00022434678441281557,0.0003645044571893605
2020-08-17,0.007454268437165518,0.007454268437165518,0.005371085940470199,0.00662099543848739,0.007454268437165518,0.006656140336342776,0.007454268437165518
2020-08-18,-0.005410241896754949,-0.005410241896754949,0.003075565935117208,-0.0020159187640060856,-0.005410241896754949,-0.002157765360727497,-0.005410241896754949
2020-08-19,-0.011923033521899433,-0.011923033521899433,-0.0077769833291333745,-0.010264613444793009,-0.011923033521899433,-0.010367997333144793,-0.011923033521899433
2020-08-20,0.0034271604433269522,0.0034271604433269522,0.004011002791919571,0.003660697382764,0.0034271604433269522,0.003648280373724542,0.0034271604433269522
2020-08-21,-0.011785594620706866,-0.011785594620706866,0.0008770235093629453,-0.006720547368678941,-0.011785594620706866,-0.006994355994044873,-0.011785594620706866
2020-08-22,0.0027718933114774125,0.0027718933114774125,0.0,0.0016631359868864474,0.0027718933114774125,0.0017107898895496556,0.0
2020-08-23,-0.001410781447322873,-0.001410781447322873,0.0,-0.0008464688683937238,-0.001410781447322873,-0.0008707272553849389,-0.001410781447322873
2020-08-24,0.014605500989452125,0.014605500989452125,-0.0017717378358318159,0.00805460545933855,0.014605500989452125,0.00833162711313092,0.014605500989452125
2020-08-25,-0.009335525645900566,-0.009335525645900566,-0.0030962445673473615,-0.006839813214479285,-0.009335525645900566,-0.0069627335131983385,-0.009335525645900566
2020-08-26,0.0022255030637798384,0.0022255030637798384,0.0015945229188483456,0.0019731110058072415,0.0022255030637798384,0.0019816315467056974,0.0015945229188483456
2020-08-27,-0.002220984303025913,-0.002220984303025913,-0.007727868806664151,-0.004423738104481208,-0.002220984303025913,-0.0040184087996925225,-0.002220984303025913
2020-08-28,0.012465975642956421,0.012465975642956421,0.002582018894704996,0.00851239294365585,0.012465975642956421,0.00924673430221171,0.012465975642956421
2020-08-29,0.0007927996473281832,0.0007927996473281832,0.0,0.0004756797883969099,0.0007927996473281832,0.0005562516096891017,0.0007927996473281832
2020-08-30,0.009887089431572496,0.009887089431572496,0.0,0.005932253658943498,0.009887089431572496,0.0069740838237934205,0.009887089431572496
2020-08-31,-0.003731904437293962,-0.003731904437293962,0.0022235147801777655,-0.0013497367503052709,-0.003731904437293962,-0.001957460584630248,-0.003731904437293962
2020-09-01,0.01730969881467834,0.01730969881467834,0.004478522209605318,0.012177228172649131,0.01730969881467834,0.013576227553511495,0.01730969881467834
2020-09-02,-0.008700549748919515,-0.008700549748919515,0.00034787263872085306,-0.005081180793863368,-0.008700549748919515,-0.0059504285946004095,-0.008700549748919515
2020-09-03,-0.04350536664521857,-0.04350536664521857,-0.0008878958995616193,-0.026458378346955788,-0.04350536664521857,-0.03019598983497731,-0.04350536664521857
2020-09-04,-0.0012454264167959127,-0.0012454264167959127,-0.005049527585668595,-0.0027670668843449856,-0.0012454264167959127,-0.0028415405058725618,-0.0012454264167959127
2020-09-05,-0.01878028806594503,-0.01878028806594503,0.0,-0.011268172839567018,-0.01878028806594503,-0.010906924088233275,-0.01878028806594503
2020-09-06,0.007209800753193601,0.007209800753193601,0.0,0.004325880451916161,0.007209800753193601,0.004070597856768185,0.007209800753193601
2020-09-07,0.0007476313736583221,0.0007476313736583221,0.0,0.0004485788241949932,0.0007476313736583221,0.00042154737667357014,0.0007476313736583221
2020-09-08,-0.027283004706996,-0.027283004706996,0.002884925903876262,-0.015215832462647093,-0.027283004706996,-0.014452480821882652,-0.027283004706996
2020-09-09,0.01777648791789948,0.01777648791789948,0.001235494622276262,0.011160090599650192,0.01777648791789948,0.010384146812068139,0.01777648791789948
2020-09-10,-0.006752696233458286,-0.006752696233458286,0.0012695148416431434,-0.003543811803417714,-0.006752696233458286,-0.003118907904260799,-0.006752696233458286
2020-09-11,0.002312358760639535,0.002312358760639535,0.00041361332261238837,0.0015528605854286761,0.002312358760639535,0.0014635356941107081,0.00041361332261238837
2020-09-12,0.004143740360989116,0.004143740360989116,0.0,0.0024862442165934696,0.004143740360989116,0.0022983922929309805,0.004143740360989116
2020-09-13,-0.007462385120086185,-0.007462385120086185,0.0,-0.0044774310720517106,-0.007462385120086185,-0.004139033413588909,-0.007462385120086185
2020-09-14,0.017976829145690987,0.017976829145690987,0.001137005498929311,0.011240899686986315,0.017976829145690987,0.010431530650849638,0.017976829145690987
2020-09-15,0.0017393745088340278,0.0017393745088340278,-0.001130097740381003,0.0005915856091480153,0.0017393745088340278,0.0004405361427002271,0.0017393745088340278
2020-09-16,0.008068193521348861,0.008068193521348861,0.0001165786109218192,0.004887547557178044,0.008068193521348861,0.004493718337831319,0.008068193521348861
2020-09-17,0.002674111167171558,0.002674111167171558,-0.0014200736412199322,0.001036437243814962,0.002674111167171558,0.0008375280232800654,0.002674111167171558
2020-09-18,-0.008507581891694328,-0.008507581891694328,-0.0003759983781058407,-0.005254948486258933,-0.008507581891694328,-0.004886825972297467,-0.008507581891694328
2020-09-19,0.001861459110214551,0.001861459110214551,0.0,0.0011168754661287305,0.001861459110214551,0.0010259437798986527,0.001861459110214551
2020-09-20,-0.0057394697292215075,-0.0057394697292215075,0.0,-0.0034436818375329042,-0.0057394697292215075,-0.0031633120526203965,-0.0057394697292215075
2020-09-21,-0.0310303426742369,-0.0310303426742369,-0.0015090637325332057,-0.019221831097555424,-0.0310303426742369,-0.017726264237752327,-0.0310303426742369
2020-09-22,0.00538306181358408,0.00538306181358408,-0.0005196984202183175,0.003021957720063121,0.00538306181358408,0.002533914657666004,0.00538306181358408
2020-09-23,-0.030478971495404697,-0.030478971495404697,-0.0036877178793373044,-0.01976247004897774,-0.030478971495404697,-0.017710054162282284,-0.030478971495404697
2020-09-24,0.017128860312470146,0.017128860312470146,0.0016184711796536633,0.010924704659343552,0.017128860312470146,0.00938549632908173,0.017128860312470146
2020-09-25,0.008976964102923824,0.008976964102923824,0.0001792750405104626,0.005457888477958479,0.008976964102923824,0.004522776928220776,0.008976964102923824
2020-09-26,0.0016454174473191764,0.0016454174473191764,0.0,0.0009872504683915058,0.0016454174473191764,0.0008103390793888183,0.0016454174473191764
2020-09-27,0.0008633057513258466,0.0008633057513258466,0.0,0.0005179834507955079,0.0008633057513258466,0.00042766623688740135,0.0008633057513258466
2020-09-28,0.013012554836861664,0.013012554836861664,0.0009798226473631544,0.00819946196106226,0.013012554836861664,0.006945786207477321,0.0009798226473631544
2020-09-29,-0.004024618008529984,-0.004024618008529984,0.0014030917398609177,-0.001853534109173623,-0.004024618008529984,-0.0013436273045399065,-0.004024618008529984
2020-09-30,0.002135950226540278,0.002135950226540278,-0.004572876731030018,-0.0005475805564878404,0.002135950226540278,-0.0011725202171356988,0.002135950226540278
2020-10-01,-0.0014338066346552855,-0.0014338066346552855,0.0023896837406149896,9.558951545282461e-05,-0.0014338066346552855,0.0004332525051228488,-0.0014338066346552855
2020-10-02,-0.004952407871603571,-0.004952407871603571,-0.0008110404770113322,-0.0032958609137666755,-0.004952407871603571,-0.002930586331175951,-0.004952407871603571
2020-10-03,-0.00018906493140614778,-0.00018906493140614778,0.0,-0.00011343895884368866,-0.00018906493140614778,-9.676362224085221e-05,-0.00018906493140614778
2020-10-04,0.0032087066497983813,0.0032087066497983813,0.0,0.0019252239898790288,0.0032087066497983813,0.001668639693011994,0.0032087066497983813
2020-10-05,0.01766898575888888,0.01766898575888888,-0.006332306026304746,0.00806846904481143,0.01766898575888888,0.006220270120623386,0.01766898575888888
2020-10-06,-0.01309227576344987,-0.01309227576344987,-0.00032133002823617196,-0.007983897469364391,-0.01309227576344987,-0.006947034775726238,-0.01309227576344987
2020-10-07,0.010390429256049593,0.010390429256049593,-0.0029541720329868126,0.00505258874043503,0.010390429256049593,0.003930118088555829,0.010390429256049593
2020-10-08,0.01621003899949806,0.01621003899949806,0.0025951847622393276,0.010764097304594567,0.01621003899949806,0.009651222362967372,0.01621003899949806
2020-10-09,0.008465135839134367,0.008465135839134367,0.0028868539136246707,0.006233823068930488,0.008465135839134367,0.005736211139885445,0.008465135839134367
2020-10-10,0.003963033853232798,0.003963033853232798,0.0,0.0023778203119396786,0.003963033853232798,0.0020200252551588094,0.003963033853232798
2020-10-11,0.0021141259371515947,0.0021141259371515947,0.0,0.0012684755622909569,0.0021141259371515947,0.0010785455589154191,0.0021141259371515947
2020-10-12,0.011648778581595187,0.011648778581595187,4.8695607612891934e-05,0.007008745392002269,0.011648778581595187,0.005966179814140565,0.011648778581595187
2020-10-13,-0.009212038658261763,-0.009212038658261763,-9.135793074352416e-05,-0.005563766367254468,-0.009212038658261763,-0.004730224967992789,-0.009212038658261763
2020-10-14,-0.0034995604695943453,-0.0034995604695943453,0.0008342090632429411,-0.0017660526564594308,-0.0034995604695943453,-0.0013894082479780547,-0.0034995604695943453
2020-10-15,0.001249127113518088,0.001249127113518088,0.0014024183241655441,0.0013104435977770706,0.001249127113518088,0.0013228106576298486,0.001249127113518088
2020-10-16,-0.00946521898187506,-0.00946521898187506,-0.0020017879037460273,-0.006479846550623447,-0.00946521898187506,-0.005895092233436281,-0.0020017879037460273
2020-10-17,0.001150068251400713,0.001150068251400713,0.0,0.0006900409508404277,0.001150068251400713,0.0005973448362281193,0.001150068251400713
2020-10-18,0.004044193430891439,0.004044193430891439,0.0,0.0024265160585348632,0.004044193430891439,0.0021003051726335167,0.004044193430891439
2020-10-19,-0.006238001178536284,-0.006238001178536284,-0.0020219971494969957,-0.004551599566920569,-0.006238001178536284,-0.004209329935215961,-0.0020219971494969957
2020-10-20,0.003335898454158073,0.003335898454158073,-0.002503973892760719,0.000999949515390556,0.003335898454158073,0.0005302979583352164,0.003335898454158073
2020-10-21,0.010257044020368915,0.010257044020368915,-0.0006051210035956378,0.005912178010783094,0.010257044020368915,0.00504202986296818,0.010257044020368915
2020-10-22,0.014859234005494652,0.014859234005494652,-0.004919770624646297,0.006947632153438273,0.014859234005494652,0.005379980434252049,0.014859234005494652
2020-10-23,-0.00011667682030416484,-0.00011667682030416484,0.001018369152237103,0.0003373415687123423,-0.00011667682030416484,0.0004339233536212303,0.001018369152237103
2020-10-24,0.0022463960665290252,0.0022463960665290252,0.0,0.001347837639917415,0.0022463960665290252,0.00116587094102795,0.0022463960665290252
2020-10-25,-0.002332687543996539,-0.002332687543996539,0.0,-0.0013996125263979235,-0.002332687543996539,-0.0012108045789980453,-0.002332687543996539
2020-10-26,-0.018282543178782713,-0.018282543178782713,0.0037629008723863433,-0.00946436555831509,-0.018282543178782713,-0.007677424236850133,-0.018282543178782713
2020-10-27,0.003973876301800498,0.003973876301800498,0.002397533194440249,0.0033433390588563983,0.003973876301800498,0.003209930349528497,0.003973876301800498
2020-10-28,-0.03245970868599954,-0.03245970868599954,-0.0022282374158594798,-0.020367120177943513,-0.03245970868599954,-0.01786757000626572,-0.03245970868599954
2020-10-29,0.009278988437826534,0.009278988437826534,-0.0035265721163337815,0.004156764216162408,0.009278988437826534,0.0027545915740281686,0.009278988437826534
2020-10-30,-0.006358459649946881,-0.006358459649946881,-0.0018394224461876774,-0.0045508447684432,-0.006358459649946881,-0.0040462586729025606,-0.0018394224461876774
2020-10-31,0.0030175106779117586,0.0030175106779117586,0.0,0.001810506406747055,0.0030175106779117586,0.0014831507100309604,0.0
2020-11-01,0.002453573829205339,0.002453573829205339,0.0,0.0014721442975232034,0.002453573829205339,0.0012053069992972907,0.002453573829205339
2020-11-02,0.008178402267603111,0.008178402267603111,0.005023490544718789,0.006916437578449383,0.008178402267603111,0.0065810863486766786,0.008178402267603111
2020-11-03,0.01670893946288971,0.01670893946288971,-0.001970789454109695,0.009237047896089949,0.01670893946288971,0.007220811260126176,0.01670893946288971
2020-11-04,0.015960700609437748,0.015960700609437748,0.006993093781736737,0.012373657878357343,0.015960700609437748,0.011410300247158271,0.015960700609437748
2020-11-05,0.026542939770573426,0.026542939770573426,0.003760044055624634,0.01742978148459391,0.026542939770573426,0.014875776482004457,0.026542939770573426
2020-11-06,0.0066462437752495334,0.0066462437752495334,-0.00441423776824959,0.0022220511578498843,0.0066462437752495334,0.0013405856822684206,0.0066462437752495334
2020-11-07,-0.008215824693449699,-0.009870184501216215,0.0,-0.005922110700729729,-0.009870184501216215,-0.00512812252271589,-0.009870184501216215
2020-11-08,0.007969247291568175,0.009387210778954325,0.0,0.005632326467372595,0.009387210778954325,0.004952814559207511,0.009387210778954325
2020-11-09,0.018993163403225054,0.02418738594920649,-0.01656086660039746,0.007888084929364908,0.02418738594920649,0.004901270597588757,0.02418738594920649
2020-11-10,0.008023937270264748,0.00938366573700047,-0.0013241959385433821,0.005100521066782929,0.00938366573700047,0.004158475953711707,0.00938366573700047
2020-11-11,0.008830706667571221,0.009669295912978751,0.0005181827383106408,0.006008850643111507,0.009669295912978751,0.005416880532319538,0.009669295912978751
2020-11-12,-0.006921692244012384,-0.007263741650045742,0.007192894110012338,-0.00148108734602251,-0.007263741650045742,-0.0006317452573902107,-0.007263741650045742
2020-11-13,0.016573591236486232,0.01660136901426401,0.0005419884777694561,0.010177616799666188,0.01660136901426401,0.009229297752198109,0.01660136901426401
2020-11-14,-0.005089053574132462,-0.005089053574132462,0.0,-0.003053432144479477,-0.005089053574132462,-0.002719629938843138,-0.005089053574132462
2020-11-15,-0.003740251150685278,-0.003818544040704857,0.0,-0.002291126424422914,-0.003818544040704857,-0.002034729885024442,-0.003818544040704857
2020-11-16,0.023955593491112287,0.023983371268890066,-0.001401589283966942,0.013829387047747263,0.023983371268890066,0.012169766406699417,0.023983371268890066
2020-11-17,0.012139492017826777,0.012139492017826777,0.0009606669752406649,0.007667962000792331,0.012139492017826777,0.00686063128214939,0.0009606669752406649
2020-11-18,-0.008730048069922391,-0.008730048069922391,-0.0006893213659005804,-0.005513757388313667,-0.008730048069922391,-0.004910620029102991,-0.008730048069922391
2020-11-19,0.0034852032832195018,0.0034852032832195018,0.0006864788259529075,0.002365713500312864,0.0034852032832195018,0.002148390073993637,0.0034852032832195018
2020-11-20,0.012312996435814762,0.012312996435814762,0.0037115578184022113,0.008872420988849742,0.012312996435814762,0.00820417049784987,0.0037115578184022113
2020-11-21,0.00878755573187679,0.00878755573187679,0.0,0.005272533439126074,0.00878755573187679,0.004595176589962682,0.00878755573187679
2020-11-22,0.00011270905862912104,0.00011270905862912104,0.0,6.762543517747262e-05,0.00011270905862912104,5.881567360531757e-05,0.0
2020-11-23,0.02098927392832268,0.02098927392832268,-0.006165624172681239,0.01012731468792111,0.02098927392832268,0.0080559299949522,0.02098927392832268
2020-11-24,0.019428172613702468,0.019428172613702468,-0.00791644945580805,0.00849032378589826,0.019428172613702468,0.007139081201060719,0.019428172613702468
2020-11-25,-0.009870472154489872,-0.009870472154489872,-0.0012068669947587762,-0.006405030090597434,-0.009870472154489872,-0.005906733703014585,-0.009870472154489872
2020-11-26,-0.019482748179086882,-0.019482748179086882,0.0,-0.01168964890745213,-0.019482748179086882,-0.011261059220117463,-0.019482748179086882
2020-11-27,-1.4388254417389371e-05,-1.4388254417389371e-05,0.0001350231992686135,4.537632705701178e-05,-1.4388254417389371e-05,5.0747825482616e-05,0.0001350231992686135
2020-11-28,0.008407493715439696,0.008407493715439696,0.0,0.005044496229263817,0.008407493715439696,0.004747666984240216,0.008407493715439696
2020-11-29,0.010632496909308984,0.010632496909308984,0.0,0.00637949814558539,0.010632496909308984,0.005995996742512655,0.010632496909308984
2020-11-30,0.0037560807967564644,0.0037560807967564644,-0.0015409199580423694,0.0016372804948369308,0.0037560807967564644,0.001438199294916352,-0.0015409199580423694
2020-12-01,-0.001723973742101956,-0.001723973742101956,-0.001967148687799153,-0.0018212437203808346,-0.001723973742101956,-0.001829600379660842,-0.001723973742101956
2020-12-02,0.008161441320374207,0.008161441320374207,-0.0008263338923774066,0.004566331235273561,0.008161441320374207,0.004267283926291901,0.008161441320374207
2020-12-03,0.008020159671542583,0.008020159671542583,0.003331275577689613,0.006144606034001395,0.008020159671542583,0.005985418947318142,0.008020159671542583
2020-12-04,0.0003756256524510097,0.0003756256524510097,-0.005049501011610669,-0.001794425013173662,0.0003756256524510097,-0.0019768800453752434,0.0003756256524510097
2020-12-05,0.008016572479020927,0.008016572479020927,0.0,0.004809943487412556,0.008016572479020927,0.0045598737722286386,0.008016572479020927
2020-12-06,0.002096934492935428,0.002096934492935428,0.0,0.001258160695761257,0.002096934492935428,0.0011928267788854938,0.002096934492935428
2020-12-07,-0.00669849816654237,-0.00669849816654237,0.007167706572881016,-0.0011520162707730152,-0.00669849816654237,-0.0007184000369293468,-0.00669849816654237
2020-12-08,-0.008052957772519354,-0.008052957772519354,0.002609934772358713,-0.0037878007545681263,-0.008052957772519354,-0.003486801531461001,-0.008052957772519354
2020-12-09,0.0006165284771120216,0.0006165284771120216,-0.005352567234732042,-0.0017711098076256039,0.0006165284771120216,-0.0019065746608688307,0.0006165284771120216
2020-12-10,0.0018205556493325397,0.0018205556493325397,0.0015889960254574786,0.0017279317997825154,0.0018205556493325397,0.0017230081947296118,0.0018205556493325397
2020-12-11,-0.006968178289096744,-0.006968178289096744,0.0024627195109913624,-0.0031958191690615017,-0.006968178289096744,-0.003055833280758688,-0.006968178289096744
2020-12-12,0.009217650605861142,0.009217650605861142,0.0,0.005530590363516685,0.009217650605861142,0.005365487586949866,0.009217650605861142
2020-12-13,0.006124161386014053,0.006124161386014053,0.0,0.0036744968316084316,0.006124161386014053,0.003555905770767126,0.006124161386014053
2020-12-14,-0.0036420724987236636,-0.0036420724987236636,-0.0029285392572694635,-0.0033566592021419834,-0.0036420724987236636,-0.0033426333329563086,-0.0036420724987236636
2020-12-15,0.013535324256963997,0.013535324256963997,0.0015936937786631689,0.008758672065643664,0.013535324256963997,0.00853689917329576,0.013535324256963997
2020-12-16,0.020678031877753647,0.020678031877753647,0.0001984638519894888,0.012486204667447983,0.020678031877753647,0.012143631326248228,0.020678031877753647
2020-12-17,0.014267983188209123,0.014267983188209123,0.00045287499197080305,0.008741939909713795,0.014267983188209123,0.008378271552451104,0.014267983188209123
2020-12-18,-0.0019186621248712893,-0.0019186621248712893,-0.0010730669641175472,-0.0015804240605697926,-0.0019186621248712893,-0.0015548870558473728,-0.0019186621248712893
2020-12-19,0.0042757239117334755,0.0042757239117334755,0.0,0.002565434347040085,0.0042757239117334755,0.0024601740718145884,0.0042757239117334755
2020-12-20,-0.005367523157277325,-0.005367523157277325,0.0,-0.0032205138943663947,-0.005367523157277325,-0.0030901619967571344,-0.005367523157277325
2020-12-21,-0.014137221187623124,-0.014137221187623124,0.0008806284028413103,-0.008130081351437349,-0.014137221187623124,-0.0077143143101957,-0.014137221187623124
2020-12-22,0.008124761952587033,0.008124761952587033,0.0010690697431295637,0.005302485068804045,0.008124761952587033,0.005048623821382409,0.008124761952587033
2020-12-23,-0.006667770330534191,-0.006667770330534191,-0.0017119059771626977,-0.004685424589185594,-0.006667770330534191,-0.0045039087532811675,-0.006667770330534191
2020-12-24,0.009268304638288365,0.009268304638288365,0.0025463050179495017,0.00657950479015282,0.009268304638288365,0.006317002458928951,0.009268304638288365
2020-12-25,0.0070373984788029515,0.0070373984788029515,0.0,0.004222439087281771,0.0070373984788029515,0.003971730346105022,0.0070373984788029515
2020-12-26,0.009655499207065259,0.009655499207065259,0.0,0.005793299524239155,0.009655499207065259,0.005450087998081556,0.009655499207065259
2020-12-27,0.007486962945068935,0.007486962945068935,0.0,0.004492177767041361,0.007486962945068935,0.004217063553793608,0.007486962945068935
2020-12-28,0.013054199958371414,0.013054199958371414,-0.0007749014517406394,0.007522559394326593,0.013054199958371414,0.007027129183727448,0.013054199958371414
2020-12-29,-0.0016139374352427158,-0.0016139374352427158,-0.0002704704151355597,-0.0010765506271998534,-0.0016139374352427158,-0.0010502398156864395,-0.0016139374352427158
2020-12-30,0.013541938362102886,0.013541938362102886,0.0015916829654966935,0.008761836203460409,0.013541938362102886,0.008510796113351381,0.013541938362102886
2020-12-31,-0.001034409390207664,-0.001034409390207664,0.0021843790469665003,0.0002531059846620018,-0.001034409390207664,0.00012919321467714108,-0.001034409390207664
2021-01-01,0.00030703815213280655,0.00030703815213280655,0.0,0.00018422289127968393,0.00030703815213280655,0.00019574955117814463,0.00030703815213280655
2021-01-02,0.01713318252295568,0.01713318252295568,0.0,0.010279909513773408,0.01713318252295568,0.011020587573001001,0.01713318252295568
2021-01-03,0.031095044021851297,0.031095044021851297,0.0,0.01865702641311078,0.031095044021851297,0.019770800296702792,0.0
2021-01-04,-0.0033668108263434668,-0.0033668108263434668,0.005532137726881381,0.00019276859494647214,-0.0033668108263434668,0.0001528490751125356,-0.0033668108263434668
2021-01-05,0.02621029187363903,0.02621029187363903,-0.0031423511359144896,0.014469234669817619,0.02621029187363903,0.014504196760604238,0.02621029187363903
2021-01-06,0.02874844027079658,0.02874844027079658,-0.01096508283134967,0.012863031029938077,0.02874844027079658,0.01239856636594229,-0.01096508283134967
2021-01-07,0.017760242996423845,0.017760242996423845,-0.00221687177037741,0.009769397089703343,0.017760242996423845,0.00920010569145473,0.017760242996423845
2021-01-08,-0.004936759073728052,0.008578242197040509,-0.009663454527443549,0.0012815635072468854,0.008578242197040509,0.0009663109459046235,0.008578242197040509
2021-01-09,0.0002599480557833544,0.0036835636685801734,0.0,0.0022101382011481038,0.0036835636685801734,0.0021454132056469913,0.0036835636685801734
2021-01-10,-0.0014429361171767253,-0.006872398030570702,0.0,-0.004123438818342421,-0.006872398030570702,-0.004071474399045202,-0.006872398030570702
2021-01-11,-0.008223311133702497,-0.02766390442544004,0.00015547133454787976,-0.01653615412144487,-0.02766390442544004,-0.016152979044616076,-0.02766390442544004
2021-01-12,-0.0007185955363560919,-0.0012823659664658778,4.6613218845553694e-05,-0.0007507742923413051,-0.0012823659664658778,-0.0006955076043662792,-0.0012823659664658778
2021-01-13,0.00805355368374961,0.020715345297482684,0.0034308865795665555,0.013801561810316231,0.020715345297482684,0.013072835271174414,0.020715345297482684
2021-01-14,0.009015420441929038,0.021273704087076295,-0.003554881802900006,0.011342269731085774,0.021273704087076295,0.010098961490087995,0.021273704087076295
2021-01-15,-0.016190334796777377,-0.020651528092749134,0.0002119931455821511,-0.01230611959741662,-0.020651528092749134,-0.011186667518420887,-0.020651528092749134
2021-01-16,0.003671529704704002,0.003897720180894478,0.0,0.002338632108536687,0.003897720180894478,0.0020644025186931357,0.003897720180894478
2021-01-17,-0.0014912781843396702,-0.0014912781843396702,0.0,-0.0008947669106038021,-0.0014912781843396702,-0.0007942799187860778,-0.0014912781843396702
2021-01-18,0.005052351096038817,0.005052351096038817,0.0,0.00303141065762329,0.005052351096038817,0.0026964590092746752,0.005052351096038817
2021-01-19,0.015913502115001213,0.015913502115001213,0.0023581699125147237,0.010491369234006617,0.015913502115001213,0.009751974580965106,0.015913502115001213
2021-01-20,0.006761378662477958,0.006761378662477958,0.0043197430869650055,0.005784724432272777,0.006761378662477958,0.005645894141313048,0.006761378662477958
2021-01-21,-0.03996032703191822,-0.03996032703191822,-0.003396847172588674,-0.025334935088186402,-0.03996032703191822,-0.023473885163388938,-0.03996032703191822
2021-01-22,0.011119443222039381,0.017092878586392055,-0.0002645081430820151,0.010149923894602427,0.017092878586392055,0.008283352377447114,0.017092878586392055
2021-01-23,-0.003979658913030615,-0.0036542620876337897,0.0,-0.002192557252580274,-0.0036542620876337897,-0.0017908296058379315,-0.0036542620876337897
2021-01-24,0.015265992187456008,0.015265992187456008,0.0,0.009159595312473604,0.015265992187456008,0.007466201285132051,0.015265992187456008
2021-01-25,-0.0031004407293165523,-0.0031004407293165523,0.004482201949977949,-6.738365759875178e-05,-0.0031004407293165523,0.000792324057686482,0.004482201949977949
2021-01-26,0.0014462024745531944,0.0014462024745531944,-0.0018914977426835178,0.00011112238765850942,0.0014462024745531944,-0.0002490901917445366,0.0014462024745531944
2021-01-27,-0.02994477703401373,-0.02994477703401373,0.0008890148977825085,-0.017611260261295236,-0.02994477703401373,-0.014463498480886097,-0.02994477703401373
2021-01-28,0.021462186200007394,0.021462186200007394,-0.002413921952137549,0.011911742939149416,0.021462186200007394,0.008947335959309766,0.021462186200007394
2021-01-29,-0.004684777466509757,-0.006370593032017801,-0.0017396056601543253,-0.00451819808327241,-0.006370593032017801,-0.003966239529096838,-0.006370593032017801
2021-01-30,-0.000654774420491646,-0.0006666841886883033,0.0,-0.000400010513212982,-0.0006666841886883033,-0.00031918282245646783,-0.0006666841886883033
2021-01-31,-0.008966805244890711,-0.008681090959176426,0.0,-0.005208654575505856,-0.008681090959176426,-0.004156172728740379,-0.008681090959176426
2021-02-01,0.02011124269255234,0.02011124269255234,0.004176777331202253,0.013737456548012304,0.02011124269255234,0.01176920398440845,0.02011124269255234
2021-02-02,0.02722053785919592,0.02722053785919592,-0.004980153287293093,0.014340261400600313,0.02722053785919592,0.010173857603677354,0.02722053785919592
2021-02-03,0.004673810221450061,0.02232400712995037,-0.003309822935571055,0.0120704751037418,0.02232400712995037,0.00848728019195894,0.02232400712995037
2021-02-04,-0.002717938073773756,0.0014738479924223144,-0.005015843913018486,-0.0011220287697540062,0.0014738479924223144,-0.00206816664219417,0.0014738479924223144
2021-02-05,0.0051467875698800215,0.01724292059930916,-0.001573286335358387,0.00971643782544214,0.01724292059930916,0.006974910441150118,0.01724292059930916
2021-02-06,0.00015862529130932293,0.0006294338771107361,0.0,0.0003776603262664417,0.0006294338771107361,0.0002842102628263902,0.0
2021-02-07,-0.0030541707675744794,-0.005238972644336333,0.0,-0.0031433835866017997,-0.005238972644336333,-0.002365254119810921,0.0
2021-02-08,0.03914902293397958,0.04210222266892819,0.003619497186160364,0.026709132475821063,0.04210222266892819,0.02093044456930656,0.04210222266892819
2021-02-09,0.0026355435678823338,0.002703003885342651,-0.00013350188211580516,0.0015684015783592685,0.002703003885342651,0.0010809080095705334,0.002703003885342651
2021-02-10,0.0008748536195216317,-0.00412314816440139,0.003111982773958022,-0.0012290957890576252,-0.00412314816440139,-5.436931352515665e-06,-0.00412314816440139
2021-02-11,0.000575757570139355,0.009648636514365613,-0.00383259398829916,0.004256144313299703,0.009648636514365613,0.0019615552885571264,-0.00383259398829916
2021-02-12,0.002644574512408343,0.007925357382941287,-0.004484027748179326,0.002961603330493042,0.007925357382941287,0.0008480816976467343,0.007925357382941287
2021-02-13,-0.0030091338792301043,-0.0027073540308815763,0.0,-0.0016244124185289456,-0.0027073540308815763,-0.0011698614530272606,-0.0027073540308815763
2021-02-14,0.002147077388450281,0.003248991902105246,0.0,0.0019493951412631475,0.003248991902105246,0.001401059767408827,0.003248991902105246
2021-02-15,-0.0035840286689827563,-0.003318155653109741,0.0,-0.0019908933918658446,-0.003318155653109741,-0.0014306681661855256,-0.003318155653109741
2021-02-16,0.006120573265473673,0.006120573265473673,-0.009199088760276503,-7.291544826397087e-06,0.006120573265473673,-0.0025923767494501313,0.006120573265473673
2021-02-17,0.010683753944083187,0.010683753944083187,-5.4516362673423524e-05,0.006388445821380543,0.010683753944083187,0.004588214921733702,0.010683753944083187
2021-02-18,-0.002270431823073318,-0.002270431823073318,-0.001864850731689377,-0.0021081993865197414,-0.002270431823073318,-0.002041621789603574,-0.002270431823073318
2021-02-19,0.014741304563696168,0.014741304563696168,-0.0039046404910624832,0.007282926541792708,0.014741304563696168,0.004232935085175998,0.014741304563696168
2021-02-20,-0.0018828785224223167,-0.0018828785224223167,0.0,-0.00112972711345339,-0.0018828785224223167,-0.000820203703906871,0.0
2021-02-21,0.0037829475424566716,0.0037829475424566716,0.0,0.002269768525474003,0.0037829475424566716,0.0016448925834573413,0.0037829475424566716
2021-02-22,-0.012722232288544584,-0.012722232288544584,0.0007142101580995541,-0.007347655309886928,-0.012722232288544584,-0.005152416115225996,-0.012722232288544584
2021-02-23,-0.02225354550863977,-0.02225354550863977,-0.0008969353080920395,-0.013710901428420677,-0.02225354550863977,-0.010240724084869894,-0.02225354550863977
2021-02-24,0.01759656646896716,0.01759656646896716,-0.002572421676990705,0.009528971210584014,0.01759656646896716,0.00601193659503613,0.01759656646896716
2021-02-25,-0.033865285839825746,-0.033865285839825746,-0.011294766382977467,-0.024837078057086435,-0.033865285839825746,-0.020891132815244823,-0.033865285839825746
2021-02-26,-0.012437988366841192,-0.012437988366841192,0.006312135061019242,-0.004937938995697017,-0.012437988366841192,-0.0012617868040825683,-0.012437988366841192
2021-02-27,0.0007082871545234237,0.0007082871545234237,0.0,0.00042497229271405424,0.0007082871545234237,0.000283579648368611,0.0007082871545234237
2021-02-28,-0.004382204671448574,-0.005870374726885946,0.0,-0.003522224836131567,-0.005870374726885946,-0.002351964556126351,-0.005870374726885946
2021-03-01,0.036940171551972364,0.03724572710752792,-0.0038115520254654034,0.020822815454330592,0.03724572710752792,0.01259498209721719,0.03724572710752792
2021-03-02,-0.014036815078559757,-0.014036815078559757,0.0009172790964052102,-0.008055177408573769,-0.014036815078559757,-0.0048685544630894684,-0.014036815078559757
2021-03-03,0.006238028542486439,0.006238028542486439,-0.006089958561958264,0.0013068337007085574,0.006238028542486439,-0.001362263854448634,0.006238028542486439
2021-03-04,-0.0109821481612064,-0.0109821481612064,-0.00367789281125655,-0.00806044602122646,-0.0109821481612064,-0.006486442725334863,-0.0109821481612064
2021-03-05,0.014666180818700228,0.014666180818700228,0.0012067893234709581,0.00928242422060852,0.014666180818700228,0.0063522382153229345,0.014666180818700228
2021-03-06,0.008768372114737886,0.008768372114737886,0.0,0.005261023268842731,0.008768372114737886,0.003341450447249833,0.008768372114737886
2021-03-07,0.00980551660915231,0.00980551660915231,0.0,0.005883309965491386,0.00980551660915231,0.003753698024572535,0.00980551660915231
2021-03-08,0.005524109989501196,0.005524109989501196,-0.00410605334297659,0.0016720446565100815,0.005524109989501196,-0.0003378753996349528,0.005524109989501196
2021-03-09,0.016086736412124658,0.016086736412124658,0.008561602485575609,0.013076682841505038,0.016086736412124658,0.011509990028734481,0.008561602485575609
2021-03-10,0.00571606623951267,0.00571606623951267,0.001895640936956211,0.004187896118490087,0.00571606623951267,0.0034095252802332494,0.00571606623951267
2021-03-11,0.014965766077271785,0.014965766077271785,-0.003319931241770435,0.007651487149654897,0.014965766077271785,0.004080387401986293,0.014965766077271785
2021-03-12,-0.0024365848247156854,-0.0024365848247156854,-0.006348013877523012,-0.0040011564458386165,-0.0024365848247156854,-0.004761082093920529,-0.0024365848247156854
2021-03-13,0.013402058499109148,0.017146593708877524,0.0,0.010287956225326514,0.017146593708877524,0.006957683263003919,0.017146593708877524
2021-03-14,-0.0077754721196434265,-0.00756912291329422,0.0,-0.004541473747976532,-0.00756912291329422,-0.003050757637812541,0.0
2021-03-15,-0.0077942433706796755,-0.0077942433706796755,0.003382652724127133,-0.0033234849327569514,-0.0077942433706796755,-0.0011201137386082178,-0.0077942433706796755
2021-03-16,-0.0025381506627345013,-0.0025381506627345013,-0.0008173827261069577,-0.0018498434880834839,-0.0025381506627345013,-0.0015303995318031239,-0.0025381506627345013
2021-03-17,0.008376864336460961,0.008376864336460961,-0.0017136731138202022,0.004340649356348496,0.008376864336460961,0.002465533779918188,0.008376864336460961
2021-03-18,-0.025185753511264078,-0.025185753511264078,-0.004020594427363161,-0.01671968987770371,-0.025185753511264078,-0.012873548960622006,-0.025185753511264078
2021-03-19,0.005371431165967697,0.005371431165967697,0.0025414054606803516,0.004239420883852759,0.005371431165967697,0.0037072845245392193,0.005371431165967697
2021-03-20,-0.0009498305739628518,-0.0003678652319319347,0.0,-0.0002207191391591608,-0.0003678652319319347,-0.00015440059250784266,-0.0003678652319319347
2021-03-21,-0.00023828948831850218,-0.003002447552813117,0.0,-0.00180146853168787,-0.003002447552813117,-0.001259818574749764,-0.003002447552813117
2021-03-22,0.0009113443287852811,-0.010045805908130053,0.0027477510490250823,-0.004928383125267999,-0.010045805908130053,-0.0026175308092811463,-0.010045805908130053
2021-03-23,-0.0005856454244750569,-0.01222725709493454,0.00318256655587687,-0.006063327634609975,-0.01222725709493454,-0.00324499497918961,-0.01222725709493454
2021-03-24,-0.002273898346305123,-0.010107284256774294,0.0031428029105824984,-0.004807249389831576,-0.010107284256774294,-0.0023799213830010806,-0.010107284256774294
2021-03-25,-0.002561876805123286,0.000798761486901303,-0.002506759416504717,-0.000523446874461105,0.000798761486901303,-0.001134740805217591,0.000798761486901303
2021-03-26,0.003524575311099095,0.029582882280189373,-0.00129774675854058,0.01723063066469739,0.029582882280189373,0.012392407919014109,-0.00129774675854058
2021-03-27,0.0005339494681838532,0.002575921099705515,0.0,0.0015455526598233088,0.002575921099705515,0.0011189024086991845,0.002575921099705515
2021-03-28,-0.0005042527751632019,-0.001672452847730383,0.0,-0.0010034717086382296,-0.001672452847730383,-0.0007275586578998997,-0.001672452847730383
2021-03-29,-0.00033073348936842853,0.006517579488942148,-0.005354074528904795,0.00176891788180337,0.006517579488942148,-0.00016062491951214248,0.006517579488942148
2021-03-30,0.0006815526999076685,0.0021252040148913576,-0.0021852457071368514,0.00040102412608007383,0.0021252040148913576,-0.00029849775957736845,0.0021252040148913576
2021-03-31,0.006419773293258719,0.006685646309131734,0.0018443860464573691,0.004749142204061988,0.006685646309131734,0.003963563179463403,0.006685646309131734
2021-04-01,0.01642200727551267,0.01642200727551267,0.007319130163708998,0.012780856430791201,0.01642200727551267,0.011479238879563439,0.01642200727551267
2021-04-02,0.009867765261666698,0.009867765261666698,0.0,0.005920659157000018,0.009867765261666698,0.0045405611328751235,0.009867765261666698
2021-04-03,-0.009282991166355238,-0.009282991166355238,0.0,-0.005569794699813143,-0.009282991166355238,-0.004280080156125553,-0.009282991166355238
2021-04-04,0.005771306860986147,0.005771306860986147,0.0,0.003462784116591688,0.005771306860986147,0.0026448226095031726,0.005771306860986147
2021-04-05,0.003525650608771475,0.003525650608771475,-0.0026887088032915285,0.0010399068439462735,0.003525650608771475,0.00017597478885408857,-0.0026887088032915285
2021-04-06,-0.002336232985681974,-0.002336232985681974,0.004320099495510266,0.0003263000067949219,-0.002336232985681974,0.0012134163281453548,-0.002336232985681974
2021-04-07,-0.01218322872200497,-0.01218322872200497,-0.002298350641416591,-0.008229277489769619,-0.01218322872200497,-0.007031479933704302,-0.01218322872200497
2021-04-08,0.013131265407649072,0.013131265407649072,0.004506384226166588,0.009681312935056079,0.013131265407649072,0.008672124650287211,0.013131265407649072
2021-04-09,-0.0004465086277528865,-0.0004465086277528865,-0.003246877998447195,-0.00156665637603061,-0.0004465086277528865,-0.0019018619726804769,-0.0004465086277528865
2021-04-10,0.006376364316914524,0.006376364316914524,0.0,0.003825818590148714,0.006376364316914524,0.003094697457916507,0.006376364316914524
2021-04-11,0.001894700521643496,0.001894700521643496,0.0,0.0011368203129860975,0.001894700521643496,0.0009188505929272393,0.001894700521643496
2021-04-12,-0.0028268782428389544,-0.0028268782428389544,-0.0018797752184112337,-0.0024480370330678663,-0.0028268782428389544,-0.0023402912821142464,-0.0028268782428389544
2021-04-13,0.01883990135329536,0.01883990135329536,0.003772598883837658,0.01281298036551228,0.01883990135329536,0.011734781992764752,0.01883990135329536
2021-04-14,0.0104014821057007,0.0104014821057007,-0.0024909256147283843,0.0052445190175290654,0.0104014821057007,0.004210903677600368,0.0104014821057007
2021-04-15,0.01022379639886353,0.01022379639886353,0.00982697126206672,0.010065066344144804,0.01022379639886353,0.010032843021556999,0.00982697126206672
2021-04-16,-0.006251799689105682,-0.006251799689105682,-0.0014098104869046113,-0.004315004008225254,-0.006251799689105682,-0.003920569372797212,-0.006251799689105682
2021-04-17,-0.005581409265554122,-0.005581409265554122,0.0,-0.003348845559332473,-0.005581409265554122,-0.0028893995611727675,0.0
2021-04-18,-0.013286207451075017,-0.013286207451075017,0.0,-0.00797172447064501,-0.013286207451075017,-0.006865342288897658,0.0
2021-04-19,-0.007466961412619476,-0.007466961412619476,-0.003091692917742528,-0.005716854014668696,-0.007466961412619476,-0.005326069318470184,-0.007466961412619476
2021-04-20,0.0017934480455197915,0.0017934480455197915,0.0031937234794459646,0.002353558219090261,0.0017934480455197915,0.0024807688565821983,0.0017934480455197915
2021-04-21,0.004161572167011161,0.004161572167011161,0.002805139259852818,0.003618999004147824,0.004161572167011161,0.0034965829606693746,0.004161572167011161
2021-04-22,-0.006789736635915274,-0.006789736635915274,0.0003803117078217122,-0.003921717298420479,-0.006789736635915274,-0.0032901496464503295,-0.006789736635915274
2021-04-23,0.0051078691783453195,0.0051078691783453195,-0.003296044809669857,0.001746303583139249,0.0051078691783453195,0.0009942133600118318,0.0051078691783453195
2021-04-24,-0.009411290448699174,-0.009411290448699174,0.0,-0.0056467742692195046,-0.009411290448699174,-0.004848400102741052,-0.009411290448699174
2021-04-25,0.0029232668646713205,0.0029232668646713205,0.0,0.0017539601188027922,0.0029232668646713205,0.0014979568134590598,0.0029232668646713205
2021-04-26,0.02588485281481017,0.02588485281481017,4.232567461340264e-05,0.015547841958731464,0.02588485281481017,0.013287685891959384,0.02588485281481017
2021-04-27,0.009277251016513284,0.009277251016513284,-0.0036913849713168245,0.00408979662138124,0.009277251016513284,0.0028127217736299455,0.009277251016513284
2021-04-28,0.006906679138841786,0.006906679138841786,0.00030752668103484204,0.004267018155719008,0.006906679138841786,0.0037087423640501096,0.006906679138841786
2021-04-29,0.0015277189669148125,0.0015277189669148125,-0.0021078896609590947,7.347551576524945e-05,0.0015277189669148125,-0.00021133083217083183,0.0015277189669148125
2021-04-30,0.0017113288633913272,0.0017113288633913272,0.0020064622664608678,0.0018293822246191434,0.0017113288633913272,0.001840139521476517,0.0017113288633913272
2021-05-01,0.007068647530464828,0.007068647530464828,0.0,0.004241188518278897,0.007068647530464828,0.004042064456732129,0.0
2021-05-02,-0.00206740521025132,-0.00206740521025132,0.0,-0.0012404431261507918,-0.00206740521025132,-0.0011809872564570684,-0.00206740521025132
2021-05-03,0.024648825666897918,0.024648825666897918,0.0027015372124145343,0.015869910285104562,0.024648825666897918,0.015281437019502603,0.024648825666897918
2021-05-04,-0.017852035091593374,-0.017852035091593374,0.0013164778489170859,-0.01018462991538919,-0.017852035091593374,-0.01023359261924628,-0.017852035091593374
2021-05-05,0.020613515090151326,0.020613515090151326,0.001652391317875812,0.013029065581241119,0.020613515090151326,0.012960362886283832,0.020613515090151326
2021-05-06,0.0014760881243810228,0.0014760881243810228,0.0034697727424297664,0.0022735619716005204,0.0014760881243810228,0.0023065878740829602,0.0014760881243810228
2021-05-07,0.010585361998353249,0.010585361998353249,-0.0007367740780577503,0.006056507567788849,0.010585361998353249,0.00595721608499619,0.010585361998353249
2021-05-08,0.016129263097837822,0.016129263097837822,0.0,0.009677557858702694,0.016129263097837822,0.009590270329809128,0.016129263097837822
2021-05-09,-0.0003339412588316086,-0.0003339412588316086,0.0,-0.00020036475529896513,-0.0003339412588316086,-0.00019658988754168655,-0.0003339412588316086
2021-05-10,-0.011952654090829918,-0.011952654090829918,-0.0022763215775461476,-0.00808212108551641,-0.011952654090829918,-0.007987598181897256,-0.0022763215775461476
2021-05-11,0.0017429538965017472,0.0017429538965017472,-0.0019930352448177813,0.00024855823997393565,0.0017429538965017472,0.0001804948315098174,-0.0019930352448177813
2021-05-12,-0.038024184334849366,-0.038024184334849366,-0.004460114070169607,-0.024598556228977463,-0.038024184334849366,-0.024241255451494925,-0.038024184334849366
2021-05-13,0.0012851603541708112,0.0012851603541708112,0.0018414454446834816,0.0015076743903758793,0.0012851603541708112,0.0015451110672778648,0.0018414454446834816
2021-05-14,0.025665453670193312,0.025665453670193312,0.0041405461713865666,0.017055490670670612,0.025665453670193312,0.015728175149043424,0.025665453670193312
2021-05-15,-0.018961530164936007,-0.018961530164936007,0.0,-0.011376918098961604,-0.018961530164936007,-0.009886547280925887,-0.018961530164936007
2021-05-16,-0.0022685196625643732,-0.0022685196625643732,0.0,-0.0013611117975386238,-0.0022685196625643732,-0.001171243705647642,-0.0022685196625643732
2021-05-17,-0.013367316435698785,-0.013367316435698785,0.001831314402705786,-0.0072878641003369556,-0.013367316435698785,-0.006044120479529245,-0.013367316435698785
2021-05-18,-0.0037015141537342458,-0.0037015141537342458,-0.001286694279893974,-0.002735586204198137,-0.0037015141537342458,-0.0025290062697302155,-0.0037015141537342458
2021-05-19,-0.05290909379504968,-0.05290909379504968,-4.00160410852779e-05,-0.031761462693463915,-0.05290909379504968,-0.027223725722665074,-0.05290909379504968
2021-05-20,0.031430565542720196,0.031430565542720196,0.0029959075146976655,0.020056702331511182,0.031430565542720196,0.015801093523311157,0.031430565542720196
2021-05-21,-0.008965890460297615,-0.022681992571106542,0.0018313253331373458,-0.012876665409408987,-0.022681992571106542,-0.009087521583194123,-0.022681992571106542
2021-05-22,-0.0026674187614317553,-0.005476579399006686,0.0,-0.0032859476394040115,-0.005476579399006686,-0.00238794658665695,-0.005476579399006686
2021-05-23,-0.01324309799507109,-0.017196108919778495,0.0,-0.010317665351867096,-0.017196108919778495,-0.007487271586176267,-0.017196108919778495
2021-05-24,0.04888309160254889,0.04912912334858063,0.0009877568357460897,0.029872576743446816,0.04912912334858063,0.021708654372191296,0.04912912334858063
2021-05-25,-0.002014419089407249,-0.002014419089407249,0.005192130117454036,0.0008682005933372651,-0.002014419089407249,0.002319583334901089,-0.002014419089407249
2021-05-26,0.012974446882964136,0.014331842521289002,-0.0002165075177049669,0.008512502505691414,0.014331842521289002,0.00561561417245356,0.014331842521289002
2021-05-27,-0.0057893181461619045,-0.005702016558860317,-0.0015498249539481757,-0.004041139916895461,-0.005702016558860317,-0.0032133595108014253,-0.005702016558860317
2021-05-28,-0.01950853359078712,-0.01950853359078712,0.0007305449944439435,-0.011412902156694694,-0.01950853359078712,-0.007363180694790947,-0.01950853359078712
2021-05-29,-0.009812527972303118,-0.009812527972303118,0.0,-0.00588751678338187,-0.009812527972303118,-0.003969914712902999,0.0
2021-05-30,0.008809357305243952,0.008809357305243952,0.0,0.005285614383146371,0.008809357305243952,0.003550704485060733,0.008809357305243952
2021-05-31,0.020243836980072174,0.020243836980072174,0.0,0.012146302188043304,0.020243836980072174,0.008144674296256505,0.0
2021-06-01,0.004183317583321109,0.004183317583321109,-0.0011873687698862045,0.0020350430420381835,0.004183317583321109,0.0009498952501886855,0.004183317583321109
2021-06-02,0.010610053536961416,0.010610053536961416,0.002085689269552715,0.007200307829997935,0.010610053536961416,0.005477105789553273,0.010610053536961416
2021-06-03,0.006861378801165972,0.006861378801165972,-0.004915774993867861,0.002150517283152438,0.006861378801165972,-0.00023890243696840724,0.006861378801165972
2021-06-04,-0.006692522736670882,-0.006692522736670882,0.006574569030278615,-0.0013856860298910824,-0.006692522736670882,0.0012721714863998621,0.006574569030278615
2021-06-05,-0.006424447438593445,-0.006424447438593445,0.0,-0.0038546684631560668,-0.006424447438593445,-0.0025691140439012606,-0.006424447438593445
2021-06-06,0.004539973654813561,0.004539973654813561,0.0,0.0027239841928881365,0.004539973654813561,0.001818493732257141,0.004539973654813561
2021-06-07,-0.009151334637526943,-0.009151334637526943,-0.0003749769607240272,-0.005640791566805777,-0.009151334637526943,-0.0038915476087543806,-0.0003749769607240272
2021-06-08,0.0007698567063443913,0.0007698567063443913,0.0020129736637596873,0.0012671034893105098,0.0007698567063443913,0.0015163731417256817,0.0020129736637596873
2021-06-09,0.014622045714396244,0.014622045714396244,0.00271662834949718,0.009859878768436619,0.014622045714396244,0.007474093140838025,0.00271662834949718
2021-06-10,-0.005520009886631199,-0.005520009886631199,0.003255620820220878,-0.002009757603890368,-0.005520009886631199,-0.0002498610733195515,-0.005520009886631199
2021-06-11,-0.0026408487372134738,-0.0026408487372134738,-0.0023454651269625426,-0.002522695293113101,-0.0026408487372134738,-0.0024638503742315885,-0.0026408487372134738
2021-06-12,-0.004419591019803419,-0.004419591019803419,0.0,-0.002651754611882051,-0.004419591019803419,-0.0017706836972087592,-0.004419591019803419
2021-06-13,0.01744512121944651,0.01744512121944651,0.0,0.010467072731667906,0.01744512121944651,0.006990157512030444,0.01744512121944651
2021-06-14,0.004986923112210224,0.004986923112210224,-0.004363812598510236,0.0012466288279220396,0.004986923112210224,-0.0006501585180368205,0.004986923112210224
2021-06-15,0.0030673208631021177,0.0030673208631021177,-0.00099643774545069,0.0014418174196809946,0.0030673208631021177,0.0006174434496533197,0.0030673208631021177
2021-06-16,-0.01992110169810833,-0.01992110169810833,-0.004095726290564705,-0.01359095153509088,-0.01992110169810833,-0.010445091050920773,-0.01992110169810833
2021-06-17,-0.008084882344630106,-0.008084882344630106,-0.0011120186859411296,-0.0052957368811545145,-0.008084882344630106,-0.0038803705497210154,-0.008084882344630106
2021-06-18,-0.024417247075594006,-0.024417247075594006,0.0055375848157468155,-0.012435314319057676,-0.024417247075594006,-0.006367029497628805,-0.024417247075594006
2021-06-19,-0.003182442888058702,-0.003182442888058702,0.0,-0.001909465732835221,-0.003182442888058702,-0.0012428464607710569,-0.003182442888058702
2021-06-20,0.0037185224135091793,0.0037185224135091793,0.0,0.0022311134481055074,0.0037185224135091793,0.0014531057320380522,0.0
2021-06-21,-0.0157063625776725,-0.0157063625776725,-0.003133157126013003,-0.010677080397008702,-0.0157063625776725,-0.008071181720662717,-0.0157063625776725
2021-06-22,0.004600842625148951,0.004600842625148951,-0.0003864696523352973,0.0026059177141552516,0.004600842625148951,0.0015606190128771263,0.004600842625148951
2021-06-23,0.011356261726203163,0.011356261726203163,-0.0009023225873165119,0.006452828000795293,0.011356261726203163,0.003880852712655573,0.011356261726203163
2021-06-24,0.008132226401902106,0.008132226401902106,5.051781702125613e-06,0.004881356553822114,0.008132226401902106,0.003165371914530903,0.008132226401902106
2021-06-25,-0.01793677007974052,-0.01793677007974052,-0.0021876911588342984,-0.011637138511378032,-0.01793677007974052,-0.008309379580339112,-0.01793677007974052
2021-06-26,0.0029081131482051603,0.0029081131482051603,0.0,0.0017448678889230961,0.0029081131482051603,0.0011200053530863686,0.0029081131482051603
2021-06-27,0.01759417978872814,0.01759417978872814,0.0,0.010556507873236884,0.01759417978872814,0.006792903432412571,0.01759417978872814
2021-06-28,0.0008167919107202727,0.0008167919107202727,0.0034400056215215524,0.0018660773950407846,0.0008167919107202727,0.0024360661355842155,0.0008167919107202727
2021-06-29,0.008601817062698395,0.008601817062698395,-0.0014706937494001482,0.004572812737858977,0.008601817062698395,0.002462073460479913,0.008601817062698395
2021-06-30,0.004209767323440102,0.004209767323440102,0.003423697778371315,0.003895339505412587,0.004209767323440102,0.003730729933335431,0.004209767323440102
2021-07-01,-0.007790741008068314,-0.007790741008068314,0.0013991436530294277,-0.004114787143629217,-0.007790741008068314,-0.0021937002239618975,-0.007790741008068314
2021-07-02,0.0055673240514988575,0.0055673240514988575,0.003054659417813854,0.0045622581980248565,0.0055673240514988575,0.004035289945263894,0.0055673240514988575
2021-07-03,0.006460297317090043,0.006460297317090043,0.0,0.0038761783902540254,0.006460297317090043,0.002519011532125197,0.006460297317090043
2021-07-04,0.006756753091711001,0.006756753091711001,0.0,0.0040540518550266,0.006756753091711001,0.0026352893944913977,0.006756753091711001
2021-07-05,-0.010747821756591133,-0.010747821756591133,0.0,-0.006448693053954679,-0.010747821756591133,-0.004186395500927399,-0.010747821756591133
2021-07-06,9.490426584385986e-05,9.490426584385986e-05,0.006395430193555707,0.002615114636928599,9.490426584385986e-05,0.003901648372022036,9.490426584385986e-05
2021-07-07,-0.0042534412624782615,-0.0042534412624782615,0.00429866332833867,-0.0008325994261514889,-0.0042534412624782615,0.0008804743307544221,-0.0042534412624782615
2021-07-08,-0.01660672172118738,-0.01660672172118738,0.00045633105359696446,-0.009781500611273641,-0.01660672172118738,-0.006460897008437034,-0.01660672172118738
2021-07-09,0.01610588731837496,0.01610588731837496,-0.004550276090657807,0.007843421954761854,0.01610588731837496,0.0037560807691355063,0.01610588731837496
2021-07-10,-0.002738778290529092,-0.002738778290529092,0.0,-0.001643266974317455,-0.002738778290529092,-0.001095677693705522,-0.002738778290529092
2021-07-11,0.0038727244204744458,0.0038727244204744458,0.0,0.0023236346522846675,0.0038727244204744458,0.0015642023670588922,0.0038727244204744458
2021-07-12,-0.006506512158527883,-0.006506512158527883,-0.00046048789247765676,-0.004088102452107793,-0.006506512158527883,-0.002900516353559701,-0.00046048789247765676
2021-07-13,-0.011315476891306346,-0.011315476891306346,-0.0008494520645468406,-0.0071290669606025436,-0.011315476891306346,-0.0050857867125483165,-0.0008494520645468406
2021-07-14,-0.0012087850096453117,-0.0012087850096453117,0.005404752671613139,0.0014366300628580685,-0.0012087850096453117,0.0027362906821945883,-0.0012087850096453117
2021-07-15,-0.012962618330845506,-0.012962618330845506,0.004557803857151155,-0.005954449455646841,-0.012962618330845506,-0.0028570400652995374,-0.012962618330845506
2021-07-16,-0.010225597563391475,-0.010225597563391475,-0.0026388929911546344,-0.0071909157344967395,-0.010225597563391475,-0.005832857622390084,-0.0026388929911546344
2021-07-17,0.001484129900265252,0.001484129900265252,0.0,0.0008904779401591511,0.001484129900265252,0.0006396482365958695,0.001484129900265252
2021-07-18,0.0007378058352560175,0.0007378058352560175,0.0,0.00044268350115361045,0.0007378058352560175,0.0003217192689595943,0.0
2021-07-19,-0.024629632349879263,-0.024629632349879263,0.008315815686043615,-0.01145145313551011,-0.024629632349879263,-0.006048941133276557,-0.024629632349879263
2021-07-20,0.007431263443500733,0.007431263443500733,-0.0027517724878885763,0.0033580490709450087,0.007431263443500733,0.0016207980992542597,0.007431263443500733
2021-07-21,0.032680699250158006,0.032680699250158006,-0.006139461797378731,0.017152634831143307,0.032680699250158006,0.010488043524461995,0.032680699250158006
2021-07-22,0.0006130638447911693,0.0006130638447911693,0.0037291577185963876,0.0018595013943132567,0.0006130638447911693,0.0023029526163737724,0.0037291577185963876
2021-07-23,0.014654106023933133,0.014654106023933133,-0.0027390740173998673,0.007696834007399933,0.014654106023933133,0.005577738212297376,0.014654106023933133
2021-07-24,0.00572201106832932,0.00572201106832932,0.0,0.0034332066409975917,0.00572201106832932,0.00277601506663751,0.00572201106832932
2021-07-25,0.003536571235077446,0.003536571235077446,0.0,0.0021219427410464676,0.003536571235077446,0.0017164295925239303,0.003536571235077446
2021-07-26,0.012827020806350564,0.012827020806350564,-0.0023052319382741993,0.006774119708500659,0.012827020806350564,0.005151952717557699,0.012827020806350564
2021-07-27,0.004882614304193875,0.004882614304193875,0.0037495656212287454,0.004429394831007823,0.004882614304193875,0.004380810582915758,0.004882614304193875
2021-07-28,0.004851474337125386,0.005217843249865036,0.0007869628963125819,0.003445491108444054,0.005217843249865036,0.0032532490458484545,0.005217843249865036
2021-07-29,0.009389337522824715,0.009456797840285032,-0.0002823624635693578,0.005561133718743276,0.009456797840285032,0.005198073533868908,0.009456797840285032
2021-07-30,0.005528051986365943,0.005528051986365943,0.0006155960326924281,0.003563069604896537,0.005528051986365943,0.00337209194928668,0.005528051986365943
2021-07-31,0.000547465772349891,0.0015158798363365965,0.0,0.0009095279018019578,0.0015158798363365965,0.0008724652046779985,0.0015158798363365965
2021-08-01,-0.003550282881753849,-0.003284372596742734,0.0,-0.0019706235580456404,-0.003284372596742734,-0.0019054120238214986,-0.003284372596742734
2021-08-02,-0.0025684434999541,-0.0025406657221763223,0.0027144556655625818,-0.00043861716708076077,-0.0025406657221763223,-0.0003431167612719314,-0.0025406657221763223
2021-08-03,-0.003210553598602512,-0.003210553598602512,0.00012038333801955847,-0.0018781788239536838,-0.003210553598602512,-0.0018688896777048988,-0.003210553598602512
2021-08-04,0.0072644303578763714,0.0072644303578763714,0.0009137442211740454,0.004724155903195441,0.0072644303578763714,0.004706385907594152,0.0072644303578763714
2021-08-05,0.015478948417320436,0.015478948417320436,-0.0031722599964062737,0.008018465051829751,0.015478948417320436,0.008012597101883899,0.015478948417320436
2021-08-06,0.007651473593399127,0.007651473593399127,-0.0104766517361079,0.00040022346159631576,0.007651473593399127,0.00025073111662843404,0.007651473593399127
2021-08-07,0.014748502945600631,0.014748502945600631,0.0,0.008849101767360378,0.014748502945600631,0.008730338444065107,0.014748502945600631
2021-08-08,-0.006939812770518978,-0.006939812770518978,0.0,-0.004163887662311386,-0.006939812770518978,-0.004068443911388728,-0.006939812770518978
2021-08-09,0.007901482777516332,0.007901482777516332,-0.005363086271175238,0.0025956551580397043,0.007901482777516332,0.00238595352273127,0.007901482777516332
2021-08-10,0.00016836378484484814,0.00016836378484484814,-0.0013480343903313208,-0.0004381954852256194,0.00016836378484484814,-0.000458652737295213,0.00016836378484484814
2021-08-11,0.004724071816921533,0.004724071816921533,0.003071577844150436,0.004063074227813095,0.004724071816921533,0.004040723543380039,0.004724071816921533
2021-08-12,-0.006982527015982194,-0.006982527015982194,-0.00030495493233054227,-0.004311498182521533,-0.006982527015982194,-0.004268537551880881,-0.006982527015982194
2021-08-13,0.01750726661978815,0.01750726661978815,0.00776627430885149,0.013610869695413485,0.01750726661978815,0.013539439490511526,0.01750726661978815
2021-08-14,-0.003517561819796184,-0.003517561819796184,0.0,-0.0021105370918777103,-0.003517561819796184,-0.0020480459224260653,-0.003517561819796184
2021-08-15,0.0014154323791079554,0.0014154323791079554,0.0,0.0008492594274647732,0.0014154323791079554,0.0008246553411597882,0.0014154323791079554
2021-08-16,-0.011401723384116305,-0.011401723384116305,0.002608517585553083,-0.00579762699624855,-0.011401723384116305,-0.0057069387081634506,0.002608517585553083
2021-08-17,-0.014738861213310151,-0.014738861213310151,0.0009050852890161165,-0.008481282612379643,-0.014738861213310151,-0.008290995846831146,-0.014738861213310151
2021-08-18,-0.007854568112252071,-0.007854568112252071,0.0009066239717660796,-0.004350091278644811,-0.007854568112252071,-0.0041617626991604555,-0.007854568112252071
2021-08-19,0.005114274517144486,0.005114274517144486,0.0028605732700138498,0.004212794018292231,0.005114274517144486,0.004196552577185753,0.005114274517144486
2021-08-20,0.01241244531591892,0.01241244531591892,-0.00023074560629918195,0.007355168947031679,0.01241244531591892,0.007296863877454217,0.01241244531591892
2021-08-21,-0.0030336588256563157,-0.0030336588256563157,0.0,-0.0018201952953937894,-0.0030336588256563157,-0.0018796666025346722,0.0
2021-08-22,0.001497645838895556,0.001497645838895556,0.0,0.0008985875033373336,0.001497645838895556,0.0009280466361112046,0.001497645838895556
2021-08-23,0.016928209109308773,0.016928209109308773,0.0014492890822881688,0.01073664109850053,0.016928209109308773,0.011044816620632647,0.016928209109308773
2021-08-24,-0.003507582201887195,-0.003507582201887195,-0.0029434954871203622,-0.003281947515980462,-0.003507582201887195,-0.0032952028307828988,-0.0029434954871203622
2021-08-25,0.007325820343627227,0.007325820343627227,-0.004992350134180618,0.0023985521525040883,0.007325820343627227,0.002674420390068557,0.007325820343627227
2021-08-26,-0.014509832905359418,-0.014509832905359418,0.001678106227568421,-0.008034657252188281,-0.014509832905359418,-0.008445524491191386,-0.014509832905359418
2021-08-27,0.02286563985805591,0.02286563985805591,0.005171777766031754,0.015788095021246246,0.02286563985805591,0.016050356457173273,0.02286563985805591
2021-08-28,-0.0012439199724667313,-0.0012439199724667313,0.0,-0.0007463519834800388,-0.0012439199724667313,-0.0007614713391999961,-0.0012439199724667313
2021-08-29,-0.0007608066546834028,-0.0007608066546834028,0.0,-0.0004564839928100417,-0.0007608066546834028,-0.0004653704543796725,-0.0007608066546834028
2021-08-30,-0.002668224261470805,-0.002668224261470805,-9.082561239937004e-05,-0.0016372648018422309,-0.002668224261470805,-0.0016969471797596755,-0.002668224261470805
2021-08-31,0.00663770665280905,0.00663770665280905,-0.00166827833106728,0.0033153126592585184,0.00663770665280905,0.0035001680549734872,0.00663770665280905
2021-09-01,0.01856319980401184,0.01856319980401184,3.808911796226999e-05,0.011153155529592012,0.01856319980401184,0.011586726937482836,0.01856319980401184
2021-09-02,0.006018834225657805,0.006018834225657805,0.00012342768302037177,0.003660671608602831,0.006018834225657805,0.0037209839039449443,0.006018834225657805
2021-09-03,0.005759443860115978,0.005759443860115978,-0.0007015407401865237,0.0031750500199949775,0.005759443860115978,0.0032650250767885906,0.005759443860115978
2021-09-04,-0.0016677387057684795,-0.0016677387057684795,0.0,-0.0010006432234610876,-0.0016677387057684795,-0.0010237605245003861,-0.0016677387057684795
2021-09-05,0.005861771038120874,0.005861771038120874,0.0,0.003517062622872524,0.005861771038120874,0.0035999417551250768,0.005861771038120874
2021-09-06,0.0012217403608712424,0.0012217403608712424,0.0,0.0007330442165227454,0.0012217403608712424,0.000750766252621345,0.0012217403608712424
2021-09-07,-0.030593086706566575,-0.030593086706566575,-0.006774696169125405,-0.021065730491590107,-0.030593086706566575,-0.02159793199173556,-0.030593086706566575
2021-09-08,-0.0020763966124043914,-0.0020763966124043914,0.0021642921494501033,-0.00038012110766259344,-0.0020763966124043914,-0.00028010858384141873,-0.0020763966124043914
2021-09-09,-0.005436542684007839,-0.005436542684007839,0.00423430556050064,-0.0015682033862044475,-0.005436542684007839,-0.0013480747076032582,-0.005436542684007839
2021-09-10,-0.013878883455339866,-0.013878883455339866,-0.0038552420282020328,-0.009869426884484733,-0.013878883455339866,-0.009756692652698257,-0.013878883455339866
2021-09-11,0.002819485054764851,0.002819485054764851,0.0,0.0016916910328589106,0.002819485054764851,0.0016563600685341245,0.002819485054764851
2021-09-12,0.006870216891206433,0.006870216891206433,0.0,0.0041221301347238596,0.006870216891206433,0.004040443694868806,0.006870216891206433
2021-09-13,-0.00020085016275548127,-0.00020085016275548127,0.00265316491535722,0.0009407558684895994,-0.00020085016275548127,0.0009774175993819642,0.00265316491535722
2021-09-14,0.005468488530946848,0.005468488530946848,0.005580896758967391,0.005513451822155065,0.005468488530946848,0.005514606205258308,0.005468488530946848
2021-09-15,0.01800159887845755,0.01800159887845755,-0.0032711943422357725,0.009492481590180221,0.01800159887845755,0.009415866417052263,0.01800159887845755
2021-09-16,-0.004406431395118254,-0.004406431395118254,-0.006487501784891603,-0.005238859551027594,-0.004406431395118254,-0.005267674365494917,-0.004406431395118254
2021-09-17,-0.013009137353242408,-0.013009137353242408,-0.0014221592734290078,-0.008374346121317048,-0.013009137353242408,-0.008304581324794244,-0.013009137353242408
2021-09-18,0.00347074801970589,0.00347074801970589,0.0,0.002082448811823534,0.00347074801970589,0.0020501819016710303,0.00347074801970589
2021-09-19,-0.005663926590946179,-0.005663926590946179,0.0,-0.003398355954567707,-0.005663926590946179,-0.003345539908348189,-0.005663926590946179
2021-09-20,-0.036974253581046744,-0.036974253581046744,0.006252727903165833,-0.019683460987361713,-0.036974253581046744,-0.019171289801002765,-0.036974253581046744
2021-09-21,-0.011158007448020622,-0.011158007448020622,0.0011025544802305276,-0.006253782676720162,-0.011158007448020622,-0.005728677123701364,-0.011158007448020622
2021-09-22,0.030642717905527653,0.030642717905527653,0.0014925624008250704,0.01898265570364662,0.030642717905527653,0.01759347590685221,0.030642717905527653
2021-09-23,0.01709915432325963,0.01709915432325963,-0.011795369708894249,0.005541344710398077,0.01709915432325963,0.0042865175093197965,0.01709915432325963
2021-09-24,-0.014107407169895189,-0.014107407169895189,-0.0028177206291966073,-0.009591532553615756,-0.014107407169895189,-0.009011559805601784,-0.014107407169895189
2021-09-25,-0.0005507486236213049,-0.0005507486236213049,0.0,-0.00033044917417278293,-0.0005507486236213049,-0.0003006168036080911,-0.0005507486236213049
2021-09-26,0.006471377575205957,0.006471377575205957,0.0,0.003882826545123574,0.006471377575205957,0.003535331176355146,0.006471377575205957
2021-09-27,-0.0027731301197734012,-0.0027731301197734012,-0.0007689001842479393,-0.0019714381455632163,-0.0027731301197734012,-0.0018624251448110013,-0.0027731301197734012
2021-09-28,-0.019549756834132737,-0.019549756834132737,-0.00637930369334086,-0.014281575577815986,-0.019549756834132737,-0.013615928348487353,-0.019549756834132737
2021-09-29,0.0037071012797961827,0.0037071012797961827,0.0013562353067887722,0.0027667548905932183,0.0037071012797961827,0.002616793598592583,0.0013562353067887722
2021-09-30,0.005692757214743444,0.005692757214743444,0.004369343165813361,0.005163391595171411,0.005692757214743444,0.005079430101143344,0.005692757214743444
2021-10-01,0.03316216100148742,0.03316216100148742,0.003193802577515392,0.021174817631898605,0.03316216100148742,0.019322001490803153,0.03316216100148742
2021-10-02,0.0018915749772993535,0.0018915749772993535,0.0,0.001134944986379612,0.0018915749772993535,0.0009620564270583808,0.0018915749772993535
2021-10-03,0.0020110594751185434,0.0020110594751185434,0.0,0.001206635685071126,0.0020110594751185434,0.0010228049122886571,0.0020110594751185434
2021-10-04,-0.0014486736878219404,-0.0014486736878219404,-0.0005614462762101868,-0.001093782723177239,-0.0014486736878219404,-0.0010131481334729768,-0.0014486736878219404
2021-10-05,0.015060803598295524,0.015060803598295524,-0.003861307918030743,0.007491958991765017,0.015060803598295524,0.005775865184091539,0.015060803598295524
2021-10-06,0.008152839894206763,0.008152839894206763,0.0028375178637517484,0.006026711082024757,0.008152839894206763,0.005521473721807418,0.008152839894206763
2021-10-07,0.004216597695299757,0.004216597695299757,-0.005029851600886565,0.0005180179768252283,0.004216597695299757,-0.000363519274610868,0.004216597695299757
2021-10-08,0.0007209705405618112,0.0007209705405618112,-0.0023858959200777075,-0.0005217760436939964,0.0007209705405618112,-0.0008024787775920001,0.0007209705405618112
2021-10-09,0.002432423391225353,0.002432423391225353,0.0,0.0014594540347352117,0.002432423391225353,0.001242268841093365,0.002432423391225353
2021-10-10,-0.0050543358309851965,-0.0050543358309851965,0.0,-0.003032601498591118,-0.0050543358309851965,-0.002606602408611474,-0.0050543358309851965
2021-10-11,0.0073388591113263185,0.0073388591113263185,-0.0010254153517940678,0.003993149326078164,0.0073388591113263185,0.0032944403595537904,0.0073388591113263185
2021-10-12,-0.0028844969732483173,-0.0028844969732483173,0.006838392998035625,0.0010046590152652597,-0.0028844969732483173,0.0018148686362987362,0.006838392998035625
2021-10-13,0.01056813384335991,0.01056813384335991,0.005980270418876221,0.008732988473566435,0.01056813384335991,0.008348757847480381,0.01056813384335991
2021-10-14,0.015913478003859338,0.015913478003859338,0.002127961193157779,0.010399271279578714,0.015913478003859338,0.009215507061799131,0.015913478003859338
2021-10-15,0.01404384613091958,0.01404384613091958,-0.00696456712809948,0.005640480827311955,0.01404384613091958,0.00375451440865202,0.01404384613091958
2021-10-16,-0.00219371113140406,-0.00219371113140406,0.0,-0.001316226678842436,-0.00219371113140406,-0.001125195397382956,-0.00219371113140406
2021-10-17,0.0016920185646000815,0.0016920185646000815,0.0,0.0010152111387600488,0.0016920185646000815,0.0008684013192499994,0.0016920185646000815
2021-10-18,-0.0013844459661783344,-0.0013844459661783344,0.000302275317274614,-0.000709757452797155,-0.0013844459661783344,-0.0005634057461640903,-0.0013844459661783344
2021-10-19,0.012176818425388314,0.012176818425388314,-0.0041359395320237635,0.005651715242423482,0.012176818425388314,0.004308796099235104,0.012176818425388314
2021-10-20,0.016270055904895005,0.016270055904895005,-3.76780038721658e-06,0.009760526422782115,0.016270055904895005,0.008499724313356766,0.016270055904895005
2021-10-21,-0.011937063253418269,-0.011937063253418269,-0.0005832062659159587,-0.007395520458417344,-0.011937063253418269,-0.006485421960808268,-0.011937063253418269
2021-10-22,-0.0035786734444117124,-0.0035786734444117124,0.00442377060146959,-0.0003776958260591915,-0.0035786734444117124,0.0003077909117649674,-0.0035786734444117124
2021-10-23,0.006922732683760474,0.006922732683760474,0.0,0.004153639610256284,0.006922732683760474,0.0035751055128068546,0.006922732683760474
2021-10-24,-0.0030684864241036346,-0.0030684864241036346,0.0,-0.0018410918544621807,-0.0030684864241036346,-0.0015847880692790811,-0.0030684864241036346
2021-10-25,0.012498537075354706,0.012498537075354706,0.00205198274659138,0.008319915343849375,0.012498537075354706,0.007439744893718374,0.012498537075354706
2021-10-26,-0.006068065317840111,-0.006068065317840111,0.0010209843123417384,-0.0032324454657673713,-0.006068065317840111,-0.0026576403801591127,-0.006068065317840111
2021-10-27,-0.01776382764835945,-0.01776382764835945,0.0065061903071245986,-0.00805582046616583,-0.01776382764835945,-0.006064256234677767,-0.01776382764835945
2021-10-28,0.022680869799893526,0.022680869799893526,-0.003046706954692724,0.012389839098059026,0.022680869799893526,0.010032797023305225,0.022680869799893526
2021-10-29,0.003794645903094628,0.003794645903094628,0.0007422121847618923,0.0025736724157615336,0.003794645903094628,0.0022804266675243443,0.0007422121847618923
2021-10-30,-0.0028479268892024345,-0.0028479268892024345,0.0,-0.0017087561335214607,-0.0028479268892024345,-0.0014684076449619846,-0.0028479268892024345
2021-10-31,-0.001988318719679404,-0.001988318719679404,0.0,-0.0011929912318076423,-0.001988318719679404,-0.0010245072556373128,-0.001988318719679404
2021-11-01,0.008201381649551124,0.008201381649551124,-0.0013065699254960206,0.004398201019532266,0.008201381649551124,0.0035904869768657224,0.008201381649551124
2021-11-02,0.011437545213812635,0.011437545213812635,0.0017795714586184286,0.007574355711734952,0.011437545213812635,0.006748544400384649,0.011437545213812635
2021-11-03,0.0014593620799442251,0.0014593620799442251,-0.006040643648798777,-0.0015406402115529757,0.0014593620799442251,-0.0021959374324142748,0.0014593620799442251
2021-11-04,-0.004113699989716286,-0.004113699989716286,0.008108168467667709,0.0007750473932373126,-0.004113699989716286,0.0017476361652925313,-0.004113699989716286
2021-11-05,0.003891991861678385,0.003891991861678385,0.008175737693293272,0.00560549019432434,0.003891991861678385,0.005948131875794348,0.003891991861678385
2021-11-06,0.0016055960153700502,0.0016055960153700502,0.0,0.0009633576092220301,0.0016055960153700502,0.0008354914897815399,0.0
2021-11-07,0.00568182063175884,0.00568182063175884,0.0,0.003409092379055304,0.00568182063175884,0.002958315201248403,0.00568182063175884
2021-11-08,0.013922088581495622,0.013922088581495622,-0.0011457567262704582,0.00789495045838919,0.013922088581495622,0.00670016593774799,0.013922088581495622
2021-11-09,-0.003247141962336639,-0.003247141962336639,0.005339453597433208,0.00018749626157129988,-0.003247141962336639,0.0009046737477644367,-0.003247141962336639
2021-11-10,-0.016072866815256784,-0.016072866815256784,-0.001315759876522632,-0.010170024039763121,-0.016072866815256784,-0.009405125470134121,-0.016072866815256784
2021-11-11,0.005211872945260006,0.005211872945260006,0.000812017694167777,0.0034519308448231144,0.005211872945260006,0.0031790001573562617,0.000812017694167777
2021-11-12,-0.0006279867064076609,-0.0006279867064076609,-0.0003933365320105131,-0.0005341266366488018,-0.0006279867064076609,-0.000519921278491924,-0.0006279867064076609
2021-11-13,0.00017039957367961624,0.00017039957367961624,0.0,0.00010223974420776975,0.00017039957367961624,9.332980507502378e-05,0.00017039957367961624
2021-11-14,0.0011192252452240463,0.0011192252452240463,0.0,0.0006715351471344278,0.0011192252452240463,0.0006128396652715391,0.0011192252452240463
2021-11-15,-0.003767523146262065,-0.003767523146262065,-0.0031353121168546383,-0.003514638734499094,-0.003767523146262065,-0.0034818951932661523,-0.003767523146262065
2021-11-16,-0.013783395858449479,-0.013783395858449479,-0.0016880968697131626,-0.008945276262954953,-0.013783395858449479,-0.008306701051532854,-0.013783395858449479
2021-11-17,-0.0018923764652480541,-0.0018923764652480541,0.00467856082429402,0.0007359984505687757,-0.0018923764652480541,0.001134068508308051,-0.0018923764652480541
2021-11-18,-0.012845867072498216,-0.012845867072498216,-0.00039054982630226664,-0.007863740174019836,-0.012845867072498216,-0.007211358774014976,-0.012845867072498216
2021-11-19,0.0022518981018799294,0.0022518981018799294,0.002672990609263015,0.002420335104833164,0.0022518981018799294,0.002444758714918818,0.002672990609263015
2021-11-20,0.005901527636853427,0.005901527636853427,0.0,0.003540916582112056,0.005901527636853427,0.003239881129469641,0.005901527636853427
2021-11-21,-0.005331687289314447,-0.005331687289314447,0.0,-0.0031990123735886685,-0.005331687289314447,-0.00292445000349249,-0.005331687289314447
2021-11-22,-0.009838763172820127,-0.009838763172820127,-0.009103364368588218,-0.009544603651127363,-0.009838763172820127,-0.009506851766050196,-0.009838763172820127
2021-11-23,0.015044307383467256,0.015044307383467256,-0.006904901027984189,0.006264624018886679,0.015044307383467256,0.006300594325334641,0.015044307383467256
2021-11-24,-0.003014792479526407,-0.003014792479526407,0.005511660405072671,0.00039578867431322483,-0.003014792479526407,0.0003733759312906451,-0.003014792479526407
2021-11-25,0.0028738470916506533,0.0028738470916506533,0.0,0.001724308254990392,0.0028738470916506533,0.0018402303661645462,0.0028738470916506533
2021-11-26,-0.03947056390587492,-0.03947056390587492,0.007214323458167304,-0.020796608960258027,-0.03947056390587492,-0.023267631541482273,-0.03947056390587492
2021-11-27,0.004402313402396595,0.004402313402396595,0.0,0.002641388041437957,0.004402313402396595,0.002571285091766345,0.004402313402396595
2021-11-28,0.010289964347771678,0.010289964347771678,0.0,0.006173978608663006,0.010289964347771678,0.006008171562048332,0.010289964347771678
2021-11-29,0.01071014013378455,0.01071014013378455,-0.002432376701058364,0.005453133399847384,0.01071014013378455,0.005213667651849874,0.01071014013378455
2021-11-30,-0.011673365392435008,-0.011673365392435008,0.00245673797480625,-0.006021324045538504,-0.011673365392435008,-0.00572889384737918,-0.011673365392435008
2021-12-01,-0.01087333724179593,-0.01087333724179593,0.003691194496177219,-0.005047524546606671,-0.01087333724179593,-0.0049087930728858795,-0.01087333724179593
2021-12-02,0.011232762985834692,0.011232762985834692,-0.0015144817377007458,0.006133865096420516,0.011232762985834692,0.005930444275945842,0.011232762985834692
2021-12-03,-0.019597173277682487,-0.019597173277682487,0.0064584855000206776,-0.00917490976660122,-0.019597173277682487,-0.008680735604429564,-0.019597173277682487
2021-12-04,-0.011051135926189441,-0.0117782393761691,0.0,-0.00706694362570146,-0.0117782393761691,-0.007130807826817568,-0.0117782393761691
2021-12-05,0.0008052226175614904,0.002503328797003965,0.0,0.001501997278202379,0.002503328797003965,0.0014981401937550149,0.002503328797003965
2021-12-06,0.009075599170425483,0.018019523571322058,-0.004906960439254621,0.008848929967091385,0.018019523571322058,0.008812072905265112,0.018019523571322058
2021-12-07,0.012443472579637427,0.015591243205674251,-0.00198585674102289,0.008560403226995394,0.015591243205674251,0.00831751570485457,0.015591243205674251
2021-12-08,0.0046430211112522025,0.006801632910380249,-0.006150037884388032,0.001620964592472936,0.006801632910380249,0.001433957312670599,0.006801632910380249
2021-12-09,-0.002382583497459599,-0.02420077193996612,0.001376631156933178,-0.013969810701206401,-0.02420077193996612,-0.013618778257617968,0.001376631156933178
2021-12-10,-0.0004986906734132088,-0.0020781328810277116,0.00023747907789664624,-0.0011518880974579683,-0.0020781328810277116,-0.0010655612619426117,-0.0020781328810277116
2021-12-11,0.0017038917194682798,0.009986238073466817,0.0,0.00599174284408009,0.009986238073466817,0.0056170172260831645,0.009986238073466817
2021-12-12,0.0008987437297202378,0.0030164824432166665,0.0,0.0018098894659299997,0.0030164824432166665,0.0016874680988045545,0.0030164824432166665
2021-12-13,-0.007953826408701853,-0.024709722455936056,0.006293823557954603,-0.012308304050379791,-0.024709722455936056,-0.01108050205047536,-0.024709722455936056
2021-12-14,-0.006979070771299757,-0.007767447477553276,-0.0028784837937657903,-0.005811862004038281,-0.007767447477553276,-0.005520796745565342,-0.0028784837937657903
2021-12-15,0.014506350618232664,0.022656993507686757,-0.0020864456160014366,0.01275961785821148,0.022656993507686757,0.011243850594403016,0.022656993507686757
2021-12-16,-0.002203625580672927,-0.009086711730527367,0.0027852468863365787,-0.0043379282837817884,-0.009086711730527367,-0.003466531107278351,-0.009086711730527367
2021-12-17,-5.459159427446996e-06,-0.011572718838382635,0.004608322035775103,-0.00510030248871954,-0.011572718838382635,-0.003991873346831111,-0.011572718838382635
2021-12-18,0.0017664192283344785,0.0038856741964637584,0.0,0.002331404517878255,0.0038856741964637584,0.002074273264613914,0.0038856741964637584
2021-12-19,-0.0006947139133464263,-0.0014097082378481767,0.0,-0.000845824942708906,-0.0014097082378481767,-0.0007518799975473273,-0.0014097082378481767
2021-12-20,-0.005874948152835796,-0.006352878376900178,-0.0034358870863893665,-0.0051860818606958535,-0.006352878376900178,-0.0049919775413336245,-0.006352878376900178
2021-12-21,0.022488987091640808,0.02294760690865442,-0.0023384900350607585,0.012833168131168348,0.02294760690865442,0.011124056849681244,0.02294760690865442
2021-12-22,0.005971922504313879,0.005979859012250387,0.00277776825938969,0.004699022711106109,0.005979859012250387,0.004445829046093355,0.005979859012250387
2021-12-23,0.010402493050847512,0.012049088643006443,-0.002319136883810302,0.006301798432279745,0.012049088643006443,0.005265457976200247,0.012049088643006443
2021-12-24,-0.0016484834337085615,-0.0015413405765657047,0.0,-0.0009248043459394227,-0.0015413405765657047,-0.0008128888767007643,-0.0015413405765657047
2021-12-25,0.0003471232953121257,0.0003856125323210434,0.0,0.00023136751939262603,0.0003856125323210434,0.00020348505732641092,0.0003856125323210434
2021-12-26,0.00010422672492853754,0.00013200450270631523,0.0,7.920270162378914e-05,0.00013200450270631523,6.985265669710211e-05,0.00013200450270631523
2021-12-27,0.00984295267466246,0.00984295267466246,0.001381651248685889,0.006458432104271832,0.00984295267466246,0.005861281617212874,0.00984295267466246
2021-12-28,-0.014333330500728134,-0.014333330500728134,-0.0018202619974431733,-0.00932810309941415,-0.014333330500728134,-0.008467771835366691,-0.014333330500728134
2021-12-29,-0.006940450364191059,-0.006940450364191059,-0.004762915748624863,-0.006069436517964581,-0.006940450364191059,-0.005908925802426756,-0.006940450364191059
2021-12-30,0.0026812418659119728,0.0026812418659119728,0.00510751341454313,0.0036517504853644358,0.0026812418659119728,0.003811255162161604,0.0026812418659119728
2021-12-31,-0.004242643794075734,-0.004242643794075734,0.0008475291743512137,-0.0022065746067049547,-0.004242643794075734,-0.001957548133746197,-0.004242643794075734
2022-01-01,0.005939026071013142,0.005939026071013142,0.0,0.0035634156426078848,0.005939026071013142,0.0032737363537905244,0.0
2022-01-02,0.000968676245985203,0.000968676245985203,0.0,0.0005812057475911218,0.000968676245985203,0.0005327838058844305,0.000968676245985203
2022-01-03,0.0028061783551050303,0.0028061783551050303,-0.011173818331831287,-0.002785820319669497,0.0028061783551050303,-0.0034843261698629235,0.0028061783551050303
2022-01-04,0.003651266066839804,0.003651266066839804,0.0008644043731916295,0.0025365213893805342,0.003651266066839804,0.002403330353949678,0.0008644043731916295
2022-01-05,-0.02673242024465372,-0.02673242024465372,-0.0034533835765711285,-0.01742080557742068,-0.02673242024465372,-0.016409447432225104,-0.02673242024465372
2022-01-06,-0.0017537818182736314,-0.0017537818182736314,-0.002837172209054717,-0.002187137974586066,-0.0017537818182736314,-0.002258037982359501,-0.0017537818182736314
2022-01-07,-0.01096679108477094,-0.013051845019010232,-0.002833711836057573,-0.008964591745829168,-0.013051845019010232,-0.008298773351363658,-0.013051845019010232
2022-01-08,-0.0032781997028186096,-0.0030520092266281334,0.0,-0.0018312055359768799,-0.0030520092266281334,-0.0016213362645262402,-0.0030520092266281334
2022-01-09,0.002836781048080223,0.002836781048080223,0.0,0.0017020686288481337,0.002836781048080223,0.0015074608441528355,0.002836781048080223
2022-01-10,-0.005802330754091287,-0.005802330754091287,0.001893067905782475,-0.002724171290141782,-0.005802330754091287,-0.0022037729694631795,-0.005802330754091287
2022-01-11,0.019193946203981453,0.019193946203981453,0.004211241650358799,0.013200864382532393,0.019193946203981453,0.012291038681839419,0.004211241650358799
2022-01-12,0.009973425870815338,0.009973425870815338,-0.001912310684461821,0.005219131248704474,0.009973425870815338,0.004341917695606761,0.009973425870815338
2022-01-13,-0.012170669420794223,-0.015612990818695284,0.002069028263440631,-0.008540183185840917,-0.015612990818695284,-0.007288027978987224,-0.015612990818695284
2022-01-14,0.0018891181015679287,0.007266983931078447,-0.0055293120398691165,0.002148465542699422,0.007266983931078447,0.0011772173005560804,0.007266983931078447
2022-01-15,-0.00033281555779247267,0.0008894422696084833,0.0,0.0005336653617650899,0.0008894422696084833,0.00046431431129130476,0.0
2022-01-16,6.219316403728342e-05,0.0005168169334348852,0.0,0.0003100901600609311,0.0005168169334348852,0.000269757753560841,0.0005168169334348852
2022-01-17,-0.0026345704463700656,-0.006821241694280629,0.0,-0.004092745016568377,-0.006821241694280629,-0.003560875593290046,-0.006821241694280629
2022-01-18,-0.00891366558946681,-0.010918116679746466,-0.004250051452729525,-0.008250890588939689,-0.010918116679746466,-0.0077260946202166265,-0.010918116679746466
2022-01-19,-0.00957546344682407,-0.010027765214361353,0.005720571903921667,-0.0037284303670481445,-0.010027765214361353,-0.002518245750717208,-0.010027765214361353
2022-01-20,-0.014351946551381708,-0.01430432750376266,0.002233961288500952,-0.007689011986857216,-0.01430432750376266,-0.006381033589758915,-0.01430432750376266
2022-01-21,-0.03916389760370963,-0.03916389760370963,0.002927386386665509,-0.022327384007559573,0.0019273863866655092,-0.018955198768552502,-0.03916389760370963
2022-01-22,-0.010984432467681056,-0.010984432467681056,0.0,-0.006590659480608633,0.0,-0.005317568894562258,-0.010984432467681056
2022-01-23,-0.0005653615573359288,0.009952888755134634,0.0,0.00597173325308078,0.0,0.004814562165541302,0.009952888755134634
2022-01-24,-0.00015377562519731922,0.00014730808361423312,-0.00012085532881092598,4.0042718644169476e-05,-0.00012085532881092598,8.043799245227012e-06,0.00014730808361423312
2022-01-25,0.00011033461886239613,0.00040786988032438646,0.0001604496531539823,0.0003089017894562248,0.0001604496531539823,0.0002797097890039934,0.0001604496531539823
2022-01-26,-0.006212590829533975,-0.0039161818777341505,-0.007478733278098476,-0.005341202437879881,-0.007478733278098476,-0.005738166764602457,-0.0039161818777341505
2022-01-27,-0.0032508744237923063,-0.005952646914684766,0.004545223470105525,-0.0017534987607686495,0.004545223470105525,-0.0005831153852378533,0.004545223470105525
2022-01-28,0.011080787232461397,0.019628622078861527,-0.00017562447527710856,0.011706923457206073,-0.00017562447527710856,0.009503817346865152,0.019628622078861527
2022-01-29,0.002646907764492325,0.0032213649219236837,0.0,0.00193281895315421,0.0,0.0016542056172902657,0.0
2022-01-30,-0.0009325396825396828,-0.00036959430839108204,0.0,-0.0002217565850346492,0.0,-0.00018991268084468532,-0.00036959430839108204
2022-01-31,-0.0007985640673530568,0.018115129741547806,-0.001538799348712594,0.010253558105443646,-0.001538799348712594,0.008633970860526185,0.018115129741547806
2022-02-01,0.0008002886158953611,0.01278495970140978,-0.001635992537960429,0.007016578805661695,-0.001635992537960429,0.005734930074875324,0.01278495970140978
2022-02-02,0.0011175906492432047,-0.005557215597508917,0.0012961620778146332,-0.0028158645273794972,-0.006557215597508917,-0.0021915439844603247,-0.005557215597508917
2022-02-03,-0.004637804329282735,-0.012513929508215024,-0.004637804329282735,-0.009363479436642109,-0.012513929508215024,-0.008662514476968045,-0.012513929508215024
2022-02-04,-0.004056115085857764,0.029807812259518847,-0.0054141286125262145,0.015719035910700823,-0.0064141286125262145,0.012602454537174167,0.029807812259518847
2022-02-05,-6.188346145898283e-08,0.0009968810735424673,0.0,0.0005981286441254803,0.0,0.0004947114701825693,0.0009968810735424673
2022-02-06,-1.984126984126977e-05,0.004182656251524734,0.0,0.0025095937509148404,0.0,0.0020892127056169304,0.004182656251524734
2022-02-07,0.002269949745819331,0.007821561457816071,0.002177811856912515,0.0055640616174546485,0.002177811856912515,0.004995119651457132,0.007821561457816071
2022-02-08,-0.0012625684939124241,0.0007500449346225698,-0.0013250731810419691,-8.000231164324585e-05,-0.0013250731810419691,-0.0002747566980858487,0.0007500449346225698
2022-02-09,0.0031674090551331072,0.01716873181175724,0.00136542850243615,0.010847410488028805,0.00136542850243615,0.009473541480212734,0.01716873181175724
2022-02-10,-0.008803319197772564,-0.01902259638645561,-0.006827983879153121,-0.014144751383534614,-0.02002259638645561,-0.012999523124422357,-0.006827983879153121
2022-02-11,0.01006007263588567,-0.013012096989189592,0.012135259672530097,-0.002953154324501716,0.011135259672530096,-0.0007395225440183888,-0.013012096989189592
2022-02-12,-7.1771525964147e-05,-0.0008086424542964968,0.0,-0.0004851854725778981,0.0,-0.0004106245675914307,-0.0008086424542964968
2022-02-13,-0.00010404328695941838,-0.0014145938875849016,0.0,-0.000848756332550941,0.0,-0.0007225981385876124,-0.0014145938875849016
2022-02-14,-0.002694960863558084,-0.001433104389992162,-0.0028243499520144433,-0.0019896026148010747,-0.0028243499520144433,-0.0021131616022280557,-0.001433104389992162
2022-02-15,-7.461447546688892e-05,0.022112258024050604,-0.006929887131566115,0.010495399961803917,-0.006929887131566115,0.008396349961142462,0.022112258024050604
2022-02-16,0.0025034457786311964,-0.0010378284671307538,0.004088731475987956,0.00101279551011673,0.004088731475987956,0.0014481355963771518,-0.0010378284671307538
2022-02-17,-0.0072241359960822605,-0.028156745476170517,0.006711791293449509,-0.014209330768322504,0.006711791293449509,-0.011772179965851686,-0.028156745476170517
2022-02-18,-0.003921390495828072,-0.009414071948844669,0.0039425236227458305,-0.004071433720208469,0.0039425236227458305,-0.0028734291316194396,0.0039425236227458305
2022-02-19,-0.00041933826711856485,-0.0006254594601321742,0.0,-0.0003752756760793045,0.0,-0.0003198998735731777,-0.0006254594601321742
2022-02-20,-0.006638526244360214,-0.010111928834867334,0.0,-0.006067157300920401,0.0,-0.0051774687729096705,-0.010111928834867334
2022-02-21,-0.005397088840829592,-0.006238411370900272,0.0,-0.0037430468225401635,0.0,-0.0031793449964912803,-0.006238411370900272
2022-02-22,0.0004993050212890379,0.0006659716879557046,0.0012479701772544483,0.0008987710836752021,0.0012479701772544483,0.0009513406355432402,0.0006659716879557046
2022-02-23,-0.012390517285184132,-0.012390517285184132,-0.0033310328679197476,-0.008766723518278377,-0.0033310328679197476,-0.008093746752553577,-0.012390517285184132
2022-02-24,0.011711184856360603,0.011711184856360603,0.0011778058610765474,0.007497833258246981,0.0011778058610765474,0.006693594163894678,0.011711184856360603
2022-02-25,0.023058881056226912,0.023058881056226912,-0.001968861935995242,0.013047783859338049,-0.001968861935995242,0.011143456392580053,0.023058881056226912
2022-02-26,0.00035717875423861106,0.00035717875423861106,0.0,0.00021430725254316664,0.0,0.00018125421866809605,0.00035717875423861106
2022-02-27,-0.010329467680858358,-0.010329467680858358,0.0,-0.006197680608515014,0.0,-0.005241822164334076,-0.010329467680858358
2022-02-28,0.03012474430041645,0.03012474430041645,0.011299271113209997,0.02259455502553387,0.011299271113209997,0.020811281806437612,0.03012474430041645
2022-03-01,0.0021023875548195933,0.0021023875548195933,0.011798197549154787,0.005980711552553671,0.011798197549154787,0.007102660338370306,0.0021023875548195933
2022-03-02,0.014281556911610285,0.014281556911610285,-0.015096324206711809,0.0025304044642814466,-0.015096324206711809,-0.0007482267867178613,0.014281556911610285
2022-03-03,-0.011301062962578675,-0.011301062962578675,0.0060711269755706065,-0.004352186987318963,0.0060711269755706065,-0.0023421386383357693,-0.011301062962578675
2022-03-04,-0.016277497190537664,-0.016277497190537664,0.012689611787962851,-0.004690653599137457,0.012689611787962851,-0.0012665988400031754,-0.016277497190537664
2022-03-05,0.0027706375460624993,0.0027706375460624993,0.0,0.0016623825276374995,0.0,0.001320494014605759,0.0027706375460624993
2022-03-06,-0.007343221471164125,-0.007343221471164125,0.0,-0.004405932882698475,0.0,-0.003505022593262606,-0.007343221471164125
2022-03-07,-0.015316422972813437,-0.015316422972813437,0.002548243758037305,-0.00817055628047314,0.002548243758037305,-0.0059633518843691105,-0.015316422972813437
2022-03-08,0.008803491472258118,0.008803491472258118,0.00223220517653977,0.006174976953970779,0.00223220517653977,0.00533611025291644,0.008803491472258118
2022-03-09,0.020153290782336457,0.020153290782336457,-0.013873506805823499,0.006542571747072474,-0.013873506805823499,0.0021438087447295737,0.020153290782336457
2022-03-10,-0.012611983237130852,-0.012611983237130852,-0.0027204659115007968,-0.008655376306878829,-0.0027204659115007968,-0.007427923137672425,-0.012611983237130852
2022-03-11,-0.010423374967651618,-0.010423374967651618,0.0003390749432297113,-0.006118395003299086,0.0003390749432297113,-0.004748685054778011,-0.010423374967651618
2022-03-12,0.0009717455725997137,0.0009717455725997137,0.0,0.0005830473435598282,0.0,0.0004606127206413054,0.0009717455725997137
2022-03-13,-0.0054196607746173076,-0.0054196607746173076,0.0,-0.0032517964647703844,0.0,-0.0025695046427139786,-0.0054196607746173076
2022-03-14,-0.003142562718179229,-0.003142562718179229,-0.012865688444249651,-0.007031813008607397,-0.012865688444249651,-0.00825867764081206,-0.003142562718179229
2022-03-15,0.0030455925155630226,0.0030455925155630226,-0.005510206395207606,-0.0003767270487452291,-0.005510206395207606,-0.001452413326663439,0.0030455925155630226
2022-03-16,0.02546880748310629,0.02546880748310629,0.0018788398141696139,0.01603282041553162,0.0018788398141696139,0.013266345063021028,0.0018788398141696139
2022-03-17,0.017483937652641595,0.017483937652641595,-0.0016937438700620755,0.009812865043560126,-0.0016937438700620755,0.0073239964149883156,0.017483937652641595
2022-03-18,0.013614220905593229,0.013614220905593229,0.0018774033330819506,0.008919493876588717,0.0018774033330819506,0.007376838523226333,0.013614220905593229
2022-03-19,0.0010697969149133296,0.0010697969149133296,0.0,0.0006418781489479977,0.0,0.0004983445517487401,0.0010697969149133296
2022-03-20,-0.005718646052985209,-0.005718646052985209,0.0,-0.0034311876317911255,0.0,-0.0026638856245139396,-0.005718646052985209
2022-03-21,0.006940138895738462,0.006940138895738462,-0.00618143288999462,0.0016915101814452284,-0.00618143288999462,-7.800999545312529e-05,0.006940138895738462
2022-03-22,0.011205626975082934,0.011205626975082934,-0.0064806391516455675,0.004131120524391534,-0.0064806391516455675,0.0017466313238523714,0.011205626975082934
2022-03-23,0.0005942493809857217,0.0005942493809857217,0.01085959985330659,0.004700389569914068,-0.0004057506190142783,0.006081948833486022,0.0005942493809857217
2022-03-24,0.011921826928044764,0.011921826928044764,-0.0012504440857495913,0.0066529185225270215,-0.0022504440857495913,0.004911222190494611,0.011921826928044764
2022-03-25,0.006240264487684037,0.006240264487684037,-0.0069630241382453995,0.0009589490373122624,0.005240264487684037,-0.0007556593913163423,0.006240264487684037
2022-03-26,0.0016867698272778034,0.0016867698272778034,0.0,0.001012061896366682,0.0016867698272778034,0.000858502441876628,0.0016867698272778034
2022-03-27,0.011037693359791347,0.011037693359791347,0.0,0.006622616015874808,0.011037693359791347,0.005668175174813505,0.011037693359791347
2022-03-28,-0.0019604105617292175,-0.0019604105617292175,-0.0010906677494464945,-0.0016125134368161283,-0.0019604105617292175,-0.001536870309302378,-0.0019604105617292175
2022-03-29,0.015095690953454718,0.015095690953454718,0.0017361557614302414,0.009751876876644926,0.015095690953454718,0.00858535060098396,0.015095690953454718
2022-03-30,-0.003606463640174584,-0.003606463640174584,0.0036132938211488053,-0.000718560655645228,-0.003606463640174584,-5.624784194286042e-05,-0.003606463640174584
2022-03-31,-0.018010207100665684,-0.018010207100665684,0.0022202513510249933,-0.009918023719989413,-0.018010207100665684,-0.008064188892582654,-0.018010207100665684
2022-04-01,0.013677368274996486,0.013677368274996486,-0.0018875319672865265,0.00745140817808328,0.013677368274996486,0.005886572915806332,0.013677368274996486
2022-04-02,-0.0011355006074020599,-0.0011355006074020599,0.0,-0.0006813003644412359,-0.0011355006074020599,-0.0005721988418370941,-0.0011355006074020599
2022-04-03,0.003924549739164352,0.003924549739164352,0.0,0.0023547298434986115,0.003924549739164352,0.001976809349021174,0.003924549739164352
2022-04-04,0.005943593108760692,0.005943593108760692,0.0004491610922931488,0.0037458203021736745,0.005943593108760692,0.003216984092135666,0.005943593108760692
2022-04-05,-0.017202897173609146,-0.017202897173609146,-0.008870508303553903,-0.013869941625587048,-0.017202897173609146,-0.01312222900182282,-0.017202897173609146
2022-04-06,-0.01887939335847418,-0.01887939335847418,-0.0021282153227005496,-0.012178922144164727,-0.01887939335847418,-0.010574487299047258,-0.01887939335847418
2022-04-07,0.004359641646798473,0.004359641646798473,-0.0010866563845443322,0.0021811224342613506,-0.0020866563845443322,0.0016099399242198902,0.004359641646798473
2022-04-08,-0.002582752611043521,-0.002582752611043521,-0.002406917749845583,-0.002512418666564346,-0.002406917749845583,-0.002494772177554472,-0.002582752611043521
2022-04-09,0.0037303310037361103,0.0037303310037361103,0.0,0.002238198602241666,0.0,0.0019451872247171996,0.0037303310037361103
2022-04-10,-0.0031968013353430827,-0.0031968013353430827,0.0,-0.0019180808012058495,0.0,-0.001666249372428021,-0.0031968013353430827
2022-04-11,-0.026951501856999422,-0.026951501856999422,-0.0033541252611058447,-0.017512551218641988,-0.0033541252611058447,-0.01564976215983912,-0.026951501856999422
2022-04-12,0.007169963183391865,0.007169963183391865,0.0036218283770924065,0.005750709260872081,0.0036218283770924065,0.005402810032954569,0.007169963183391865
2022-04-13,0.01783320168117693,0.01783320168117693,0.0012320628667499556,0.011192746155406141,0.0012320628667499556,0.009545116802458786,0.01783320168117693
2022-04-14,-0.011618656331575043,-0.011618656331575043,-0.006965495087137896,-0.009757391833800186,-0.006965495087137896,-0.009292877583183833,-0.011618656331575043
2022-04-15,0.002492207904251975,0.002492207904251975,0.0,0.001495324742551185,0.0,0.0012615936553924646,0.002492207904251975
2022-04-16,0.00042831205799861066,0.00042831205799861066,0.0,0.0002569872347991664,0.0,0.00021890763718814265,0.00042831205799861066
2022-04-17,-0.004444908367742633,-0.004444908367742633,0.0,-0.00266694502064558,0.0,-0.0022720473516957625,-0.004444908367742633
2022-04-18,0.006664920177565925,0.006664920177565925,-0.00016803618168029222,0.003931737633867438,-0.00016803618168029222,0.003320560182521485,0.006664920177565925
2022-04-19,0.009213121031412745,0.009213121031412745,-0.006742468210424679,0.0028308853346777755,-0.006742468210424679,0.0013909393664026698,0.009213121031412745
2022-04-20,0.0005721294958656525,0.0005721294958656525,0.006448092328491972,0.0029225146289161806,0.006448092328491972,0.0033900025663822684,0.0005721294958656525
2022-04-21,-0.01763499842142038,-0.01763499842142038,-0.0033729245269020214,-0.011930168863613037,-0.0033729245269020214,-0.010796654112590408,-0.01763499842142038
2022-04-22,-0.020442865209576697,-0.020442865209576697,-0.002394805930718613,-0.013223641498033463,-0.002394805930718613,-0.012057710174224072,-0.002394805930718613
2022-04-23,-0.0017104492175357144,-0.0017104492175357144,0.0,-0.0010262695305214287,0.0,-0.0008978662233780356,-0.0017104492175357144
2022-04-24,-0.0006307459146043125,-0.0006307459146043125,0.0,-0.00037844754876258747,0.0,-0.0003310243730656234,-0.0006307459146043125
2022-04-25,0.003512374675035771,0.003512374675035771,0.0008148951971037321,0.0024333828838629555,0.0008148951971037321,0.0022398081631881343,0.003512374675035771
2022-04-26,-0.028023250860259894,-0.028023250860259894,0.006129876433729364,-0.01436199994266419,0.006129876433729364,-0.01195583011962309,-0.028023250860259894
2022-04-27,0.008355190244123456,0.008355190244123456,-0.004934750458508191,0.0030392139630707965,-0.004934750458508191,0.0017932791629518968,0.008355190244123456
2022-04-28,0.02010015663141207,0.02010015663141207,0.002813127904527424,0.013185345140658212,0.002813127904527424,0.011615691031426187,0.02010015663141207
2022-04-29,-0.03024605172509893,-0.03024605172509893,-0.005595240293177484,-0.02038572715233035,-0.005595240293177484,-0.0179840292359862,-0.03024605172509893
2022-04-30,-0.005946183141291793,-0.005946183141291793,0.0,-0.0035677098847750758,0.0,-0.002923134549977063,-0.005946183141291793
2022-05-01,0.0032814253019296,0.006192794507241726,0.0,0.003715676704345035,0.0,0.0030390063223924052,0.006192794507241726
2022-05-02,0.0022250519426881455,0.00553956889530258,-0.009561551721213535,-0.0005008793513038659,-0.009561551721213535,-0.0021243453906094416,0.00553956889530258
2022-05-03,2.360172985568245e-05,0.00022995093620488868,0.00219096903859034,0.0010143581771590695,0.00219096903859034,0.0011807217506698974,0.00022995093620488868
2022-05-04,0.0334206479794635,0.0334206479794635,0.003371232831103105,0.021400881920119342,0.003371232831103105,0.018855701180331776,0.0334206479794635
2022-05-05,-0.038826002655536915,-0.038826002655536915,-0.008213403123330021,-0.026580962842654154,-0.008213403123330021,-0.023264047622703093,-0.038826002655536915
2022-05-06,-0.00662696709660451,-0.00662696709660451,-0.004244055369801103,-0.005673802405883147,-0.004244055369801103,-0.005343632234495119,-0.00662696709660451
2022-05-07,-0.002838947025557044,-0.004089431002935832,0.0,-0.002453658601761499,0.0,-0.0019050151069260014,-0.004089431002935832
2022-05-08,-0.006498605099476931,-0.009515579323930509,0.0,-0.005709347594358305,0.0,-0.004431451463051326,-0.009515579323930509
2022-05-09,-0.05312933896122139,-0.05932334380097071,0.0005244050737268358,-0.03538424425109169,0.0005244050737268358,-0.0273034609818876,-0.05932334380097071
2022-05-10,0.00820710237401928,0.008314245231162136,0.0015318410600077548,0.005601283562700383,0.0015318410600077548,0.004315154121757003,0.008314245231162136
2022-05-11,-0.022645890232223846,-0.02483904850659984,0.008671297678267964,-0.011434910032652719,0.008671297678267964,-0.005084824349954509,-0.02483904850659984
2022-05-12,-0.0030449799350987603,-0.002977519617638443,-0.001315511234613681,-0.0023127162644285383,-0.001315511234613681,-0.0019956662461196755,-0.002977519617638443
2022-05-13,0.025526431107098995,0.025526431107098995,-0.0077445387538039034,0.012218043162737835,-0.0077445387538039034,0.0059266653499125774,0.025526431107098995
2022-05-14,0.005413088744360516,0.005413088744360516,0.0,0.0032478532466163096,0.0,0.002177455883128169,0.005413088744360516
2022-05-15,0.006340153643732195,0.009276215101225067,0.0,0.00556572906073504,0.0,0.003726937113545699,0.009276215101225067
2022-05-16,-0.009534202763343373,-0.00960388785017748,0.002190489561564729,-0.004886136885480597,0.002190489561564729,-0.002535838305665751,-0.00960388785017748
2022-05-17,0.018008876008039597,0.018036653785817376,-0.008546992655054209,0.0074031952094687405,-0.008546992655054209,0.002080480801619377,0.018036653785817376
2022-05-18,-0.040422044541399256,-0.040422044541399256,0.008513606188568723,-0.02084778424941206,0.008513606188568723,-0.010839858620363185,-0.040422044541399256
2022-05-19,0.01254474319159059,0.01254474319159059,0.0025605750970516816,0.008551075953775026,0.0025605750970516816,0.0064070655728576,0.01254474319159059
2022-05-20,-0.0056971610561271525,-0.0056971610561271525,0.004718840677606417,-0.0015307603626337244,0.004718840677606417,0.0006859481641239757,-0.0056971610561271525
2022-05-21,0.0016287703933655579,0.0016287703933655579,0.0,0.0009772622360193347,0.0,0.0006349547726195371,0.0016287703933655579
2022-05-22,0.0072287452821963895,0.0072287452821963895,0.0,0.004337247169317834,0.0,0.0028177098345068983,0.0
2022-05-23,0.0038660812129942546,0.0038660812129942546,-0.0067372403589463226,-0.00037524741578197655,-0.0067372403589463226,-0.002612729436147419,0.0038660812129942546
2022-05-24,-0.0012423708886200036,-0.0012423708886200036,0.008236430684307683,0.002549149740551071,0.008236430684307683,0.004544327252159794,-0.0012423708886200036
2022-05-25,0.0063279167984081125,0.0063279167984081125,0.0009043241279400038,0.004158479730220869,0.0009043241279400038,0.0030281172736687273,0.0063279167984081125
2022-05-26,0.0024252264439903718,0.0024252264439903718,-0.002537355267510505,0.0004401937593900211,-0.002537355267510505,-0.000597832338923114,0.0024252264439903718
2022-05-27,0.009723994957417294,0.009723994957417294,0.0005491696693690207,0.006054064842197985,0.0005491696693690207,0.004154467619727451,0.009723994957417294
2022-05-28,0.002853979646578322,0.002853979646578322,0.0,0.0017123877879469931,0.0,0.0011190409233703563,0.002853979646578322
2022-05-29,0.005852095482435655,0.005852095482435655,0.0,0.0035112572894613926,0.0,0.002293884885994156,0.005852095482435655
2022-05-30,0.01991273833758917,0.01991273833758917,0.0,0.011947643002553502,0.0,0.007831918241967138,0.01991273833758917
2022-05-31,-0.009539406060925713,-0.009539406060925713,-0.009913547289134461,-0.009689062552209212,-0.009913547289134461,-0.009768543774937185,-0.009539406060925713
2022-06-01,-0.015854351481946003,-0.015854351481946003,0.0018284197024103777,-0.008781243008203451,0.0018284197024103777,-0.0050736220400323445,-0.015854351481946003
2022-06-02,0.017028654093537352,0.017028654093537352,0.0013836785740925228,0.01077066388575942,0.0013836785740925228,0.007455749007724143,0.017028654093537352
2022-06-03,-0.012624762903743196,-0.012624762903743196,-0.002458395901451693,-0.008558216102826595,-0.002458395901451693,-0.006391228745336167,-0.012624762903743196
2022-06-04,0.002141451517400824,0.002141451517400824,0.0,0.0012848709104404943,0.0,0.0008317205188249038,0.002141451517400824
2022-06-05,0.0004964143386145073,0.0004964143386145073,0.0,0.0002978486031687044,0.0,0.00019270073292686505,0.0004964143386145073
2022-06-06,0.010412788449141409,0.010412788449141409,-0.0070392053179624825,0.003431990942299852,-0.0070392053179624825,-0.00025840616837544995,0.010412788449141409
2022-06-07,0.006273647253292134,0.006273647253292134,0.005062392831480772,0.00578914548456759,0.005062392831480772,0.005531689176197642,0.006273647253292134
2022-06-08,-0.011214218812188734,-0.011214218812188734,-0.00264418610515188,-0.007786205729373993,-0.00264418610515188,-0.005981667771264304,-0.011214218812188734
2022-06-09,-0.015771963084151283,-0.015771963084151283,0.0016401252280252021,-0.008807127759280688,0.0016401252280252021,-0.005184077218862256,-0.015771963084151283
2022-06-10,-0.02981639226081414,-0.02981639226081414,0.001337104072143075,-0.017354993727631253,0.001337104072143075,-0.010812543653136312,-0.02981639226081414
2022-06-11,-0.011796167896257826,-0.011796167896257826,0.0,-0.007077700737754695,0.0,-0.0044952114239840725,-0.011796167896257826
2022-06-12,-0.012395252058198074,-0.012395252058198074,0.0,-0.007437151234918844,0.0,-0.0047167725089382485,0.0
2022-06-13,-0.06713374358270192,-0.06713374358270192,-0.016465107151519526,-0.04686628901022896,-0.016465107151519526,-0.035692788765883346,-0.06713374358270192
2022-06-14,-0.004311183971166193,-0.004311183971166193,-0.006616540609880567,-0.005233326626651943,-0.006616540609880567,-0.00582020789728983,-0.004311183971166193
2022-06-15,0.012128701108423937,0.012128701108423937,0.009463343825160647,0.011062558195118621,0.009463343825160647,0.010386553575241021,0.012128701108423937
2022-06-16,-0.05013948214355843,-0.05013948214355843,0.004012592055595093,-0.028478652463897018,0.004012592055595093,-0.014842016230541483,-0.05013948214355843
2022-06-17,-0.004742810400807546,-0.004742810400807546,0.0013545285905682825,-0.0023038748042572147,0.0013545285905682825,-0.0006676268484425177,-0.004742810400807546
2022-06-18,-0.017389344871315087,-0.017389344871315087,0.0,-0.010433606922789052,0.0,-0.0057730723672589105,-0.017389344871315087
2022-06-19,0.023958396431808218,0.023958396431808218,0.0,0.01437503785908493,0.0,0.007928908868221184,0.023958396431808218
2022-06-20,0.0002487290397690985,0.0002487290397690985,0.0,0.0001492374238614591,0.0,8.087688157491569e-05,0.0002487290397690985
2022-06-21,0.016624014888103673,0.016624014888103673,-0.0073640676047774245,0.0070287818909512325,-0.0073640676047774245,0.00045256733454813146,0.016624014888103673
2022-06-22,-0.017474019482527445,-0.017474019482527445,0.010672447770691512,-0.0062154325812398626,0.010672447770691512,0.0015507489126775536,-0.017474019482527445
2022-06-23,0.01527507437435153,0.01527507437435153,0.0022027779073139075,0.01004615578753648,0.0022027779073139075,0.0064258888430822406,0.01527507437435153
2022-06-24,0.027858394141585283,0.027858394141585283,-0.005135569837831699,0.014660808549818488,-0.005135569837831699,0.005478424347958351,-0.005135569837831699
2022-06-25,0.002920153402820135,0.002920153402820135,0.0,0.0017520920416920808,0.0,0.0009257968050618895,0.002920153402820135
2022-06-26,-0.006352076955454317,-0.006352076955454317,0.0,-0.00381124617327259,0.0,-0.0020124121433729835,-0.006352076955454317
2022-06-27,-0.0005569804184663388,-0.0005569804184663388,-0.004270297868508799,-0.002042307398483323,-0.004270297868508799,-0.0030939650295955406,-0.0005569804184663388
2022-06-28,-0.012525331200900948,-0.012525331200900948,0.002518494202090771,-0.0065078010397042595,0.002518494202090771,-0.0022509415921045327,-0.012525331200900948
2022-06-29,-0.013394354618541944,-0.013394354618541944,0.007155322740729136,-0.005174483674833511,0.007155322740729136,0.000568537765063634,-0.013394354618541944
2022-06-30,-0.014696980316079356,-0.014696980316079356,0.0017948803839926974,-0.008100236036050534,0.0017948803839926974,-0.003494533060041897,-0.014696980316079356
2022-07-01,0.0040466663133087565,0.0040466663133087565,0.0058436773930351515,0.0047654707451993145,0.0058436773930351515,0.005261922607704403,0.0040466663133087565
2022-07-02,-0.00035379187320417097,0.0005508995043099886,0.0,0.00033053970258599316,0.0,0.00018085800781550654,0.0005508995043099886
2022-07-03,0.0004611370133210692,0.0010723001764961894,0.0,0.0006433801058977136,0.0,0.00035196821527822865,0.0010723001764961894
2022-07-04,0.010929240047895722,0.013376992819379627,0.0,0.008026195691627776,0.0,0.004397680729400261,0.0
2022-07-05,-0.013523041839891337,-0.01335637517322467,0.0011471475568560208,-0.007554966081192392,0.0011471475568560208,-0.0036000753268777387,-0.01335637517322467
2022-07-06,0.0037137120396129905,0.0037137120396129905,-0.00913909619771247,-0.001427411255317194,-0.00913909619771247,-0.004940165943046185,0.0037137120396129905
2022-07-07,0.027898446810711592,0.027898446810711592,-0.003506720780501821,0.015336379774226227,-0.003506720780501821,0.007060693893691447,0.027898446810711592
2022-07-08,0.0006024267161458541,0.0006024267161458541,-0.004354002791792627,-0.0013801450870295385,-0.004354002791792627,-0.0026755300143201204,0.0006024267161458541
2022-07-09,-0.0012126715821610217,-0.0012126715821610217,0.0,-0.0007276029492966129,0.0,-0.0004106942164714523,-0.0012126715821610217
2022-07-10,-0.008200633618082888,-0.008200633618082888,0.0,-0.004920380170849732,0.0,-0.002777271738339577,-0.008200633618082888
2022-07-11,-0.020703534215172285,-0.020703534215172285,0.0078293591743826,-0.00929037685935033,0.0078293591743826,-0.0018374011557967139,-0.020703534215172285
2022-07-12,-0.019676108365515834,-0.019676108365515834,0.0010561438746508889,-0.011383207469449144,0.0010561438746508889,-0.006498775093454721,-0.019676108365515834
2022-07-13,0.012126560212277846,0.012126560212277846,0.004617318402217324,0.009122863488253637,0.004617318402217324,0.0073398160050515025,0.004617318402217324
2022-07-14,-0.0030815717432951103,0.0030472368826451263,-0.005201025235540141,-0.0002520679646289808,-0.005201025235540141,-0.0021858691056907287,0.0030472368826451263
2022-07-15,0.00890426154303781,0.018665776761473272,0.00029530831415708336,0.011317589382546796,0.00029530831415708336,0.007006438076552036,0.018665776761473272
2022-07-16,0.008801170862198575,0.012654972540411332,0.0,0.007592983524246799,0.0,0.004664959081716791,0.012654972540411332
2022-07-17,-0.0023144196959452596,-0.0033041929335897446,0.0,-0.001982515760153847,0.0,-0.0012127290935448206,0.0
2022-07-18,0.02577748434135137,0.031171421492443476,-0.004484582887967603,0.016909019740279044,-0.004484582887967603,0.00864664875455652,0.031171421492443476
2022-07-19,0.02190376959794676,0.022050594994772157,-0.003466734143449335,0.01184366333948356,-0.003466734143449335,0.005677537230623239,0.022050594994772157
2022-07-20,0.0018123011693180141,0.0018123011693180141,-0.0012382027408356644,0.0005920996052565427,-0.0012382027408356644,-0.00014990469528988206,0.0018123011693180141
2022-07-21,0.005499598279891323,0.005324890595802224,0.00999375196167332,0.007192435142150662,0.00999375196167332,0.00825710540197205,0.005324890595802224
2022-07-22,-0.011666298248446028,-0.01161867920082698,0.007339021205734209,-0.0040355990382025045,0.007339021205734209,0.00025969371720641933,-0.01161867920082698
2022-07-23,-0.0003609570162349036,-0.0003609570162349036,0.0,-0.00021657420974094215,0.0,-0.0001344374764357901,-0.0003609570162349036
2022-07-24,0.004309354869300484,0.004309354869300484,0.0,0.00258561292158029,0.0,0.00160527835758066,0.004309354869300484
2022-07-25,-0.009625663448744456,-0.009625663448744456,-0.004369494247945416,-0.00752319576842484,-0.004369494247945416,-0.006329626660996867,-0.009625663448744456
2022-07-26,-0.007310988737815747,-0.007310988737815747,0.0019253126216526306,-0.0036164681940283956,0.0019253126216526306,-0.0015142643622499767,-0.007310988737815747
2022-07-27,0.04227950869227137,0.04227950869227137,-0.00044641873133760557,0.02518913772282778,-0.00044641873133760557,0.015447861208034527,0.04227950869227137
2022-07-28,0.0193716868014959,0.0193716868014959,0.0073342755849506724,0.014556722314877809,0.0073342755849506724,0.011599676763933926,0.0073342755849506724
2022-07-29,0.011850280134461592,0.011850280134461592,-0.0008498793007327421,0.006770216360383858,-0.0008498793007327421,0.0036065086022834935,0.011850280134461592
2022-07-30,-0.001986767642003437,-0.0027149341088611445,0.0,-0.0016289604653166867,0.0,-0.0009515189188926983,-0.0027149341088611445
2022-07-31,-0.0010059334563489164,-0.002446603079999024,0.0,-0.0014679618479994142,0.0,-0.0008575902465181804,-0.002446603079999024
2022-08-01,0.0011496214636220528,-0.008903147868318029,0.007927759182003696,-0.002170785048189338,0.007927759182003696,0.0020226941772318063,-0.008903147868318029
2022-08-02,-0.007802868678535686,-0.006949964942294878,-0.008634005611128398,-0.007623581209828286,-0.008634005611128398,-0.008037706180521749,-0.006949964942294878
2022-08-03,0.004355226576453671,0.0016625873376228857,0.0062832360301250945,0.0035108468146237692,0.0062832360301250945,0.004645556516300945,0.0016625873376228857
2022-08-04,0.002280671274789125,-0.006488617737844716,0.0037359806008207264,-0.002398778402378539,0.0037359806008207264,9.17500470066241e-05,-0.006488617737844716
2022-08-05,-0.004424430776361855,0.012887791773906495,-0.010254882464957815,0.0036307220783607704,-0.010254882464957815,-0.0019437824023933693,0.012887791773906495
2022-08-06,-0.0011778936515384733,-0.004168988574109929,0.0,-0.002501393144465957,0.0,-0.0014951301017528751,0.0
2022-08-07,0.00046119951105782326,0.0015437914916067224,0.0,0.0009262748949640334,0.0,0.0005536029515528918,0.0015437914916067224
2022-08-08,0.009254136753291658,0.011873512128062523,0.007274369102936551,0.010033854918012135,0.007274369102936551,0.008923456678734523,0.011873512128062523
2022-08-09,-0.005466362679710981,-0.007869283752858176,-0.0012142723050943272,-0.005207279173752636,-0.0012142723050943272,-0.00359835408020342,-0.007869283752858176
2022-08-10,0.024089565564585705,0.028593314199013935,-0.0048424562971084995,0.015219006000564961,-0.0048424562971084995,0.007136140718842606,0.028593314199013935
2022-08-11,0.007153733154037257,0.007280717281021383,-0.007968752527694883,0.0011809293575348765,0.006280717281021383,-0.0026086433793089466,0.007280717281021383
2022-08-12,0.01420419226578039,0.015884083383721135,0.0068047366760766725,0.012252344700663349,0.015884083383721135,0.01001126361284756,0.015884083383721135
2022-08-13,0.0012976615051778805,0.0014643281718445473,0.0,0.0008785969031067283,0.0014643281718445473,0.0005261867396138212,0.0014643281718445473
2022-08-14,-0.0029739094338174293,-0.0029739094338174293,0.0,-0.0017843456602904574,-0.0029739094338174293,-0.0010731360584906643,-0.0029739094338174293
2022-08-15,-0.0046994798274993844,-0.0046994798274993844,-0.0004248375670133919,-0.0029896229233049875,-0.0046994798274993844,-0.001974089230793985,-0.0046994798274993844
2022-08-16,-0.004614432618731623,-0.004614432618731623,0.00022561133011400614,-0.002678415039193371,-0.004614432618731623,-0.001800068661021211,-0.004614432618731623
2022-08-17,-0.009331770062163939,-0.009331770062163939,-0.005560095521053271,-0.007823100245719672,-0.009331770062163939,-0.007138412721961429,-0.009331770062163939
2022-08-18,0.0051622532360178835,0.0051622532360178835,0.0021287171659036264,0.00394883880797218,0.0051622532360178835,0.003397139492385459,0.0051622532360178835
2022-08-19,-0.034066713194761636,-0.034066713194761636,-0.00644301206787673,-0.023017232744007673,-0.034066713194761636,-0.019308199383371635,-0.034066713194761636
2022-08-20,-0.0009432862380980289,-0.0009432862380980289,0.0,-0.0005659717428588173,-0.0009432862380980289,-0.0004164727248050483,-0.0009432862380980289
2022-08-21,0.0008773132982614135,0.004913536889523451,0.0,0.0029481221337140707,0.004913536889523451,0.0022025226688502236,0.004913536889523451
2022-08-22,-0.00645394910784488,-0.011544226402857374,-0.0015233939911668548,-0.007535893438181166,-0.011544226402857374,-0.006102772902453582,-0.011544226402857374
2022-08-23,0.004269894260719752,0.007704822729423843,-0.001269111771809106,0.0041152489289306635,-0.002269111771809106,0.0028007037762990163,0.007704822729423843
2022-08-24,0.0012342221327226656,0.0037688531238926595,-0.0017554951776684036,0.001559113803268234,-0.0017554951776684036,0.0007693502507764665,-0.0017554951776684036
2022-08-25,0.009809521961036741,0.011132604507360668,0.005421608727070676,0.008848206195244672,0.005421608727070676,0.008074261677474917,0.011132604507360668
2022-08-26,-0.0379589154363184,-0.037772407499810465,-0.0005000243609014354,-0.022863454244246854,-0.038772407499810466,-0.01788264439292224,-0.037772407499810465
2022-08-27,-0.002404756467023773,-0.002404756467023773,0.0,-0.0014428538802142637,-0.001,-0.001081461957557791,-0.002404756467023773
2022-08-28,-0.004739054642418263,-0.0068890110618087625,0.0,-0.004133406637085257,0.0,-0.003097133769797491,-0.0068890110618087625
2022-08-29,0.011798865301428587,0.012575769502157675,-0.003249924581232383,0.006245491868801651,-0.003249924581232383,0.003862557848481979,0.012575769502157675
2022-08-30,-0.018057273225907423,-0.018029495448129644,-0.0016236555171573186,-0.011467159475740714,-0.0016236555171573186,-0.008957621675897845,-0.018029495448129644
2022-08-31,-0.0031822366641011493,-0.0031822366641011493,-0.005529104853475186,-0.004120983939850764,-0.005529104853475186,-0.004487570346108341,-0.0031822366641011493
2022-09-01,-0.004462173990305302,-0.004462173990305302,-0.006529057463499605,-0.0052889273795830236,-0.006529057463499605,-0.005604634004355362,-0.004462173990305302
2022-09-02,-0.0045928480924795805,-0.0045928480924795805,0.005101139030876611,-0.0007152532431371037,0.005101139030876611,0.0007256910194928419,-0.0045928480924795805
2022-09-03,-0.002199515179692265,-0.002199515179692265,0.0,-0.001319709107815359,0.0,-0.000991647325617186,-0.002199515179692265
2022-09-04,0.0023485402016951706,0.0023485402016951706,0.0,0.0014091241210171023,0.0,0.0010583447043388938,0.0
2022-09-05,0.001815652468141403,0.001815652468141403,0.0,0.0010893914808848418,0.0,0.0008181607849600419,0.001815652468141403
2022-09-06,-0.012548494805672031,-0.012548494805672031,-0.008990962650924306,-0.011125481943772941,-0.008990962650924306,-0.010604037838168504,-0.012548494805672031
2022-09-07,0.013386133608998664,0.013386133608998664,0.0063541236338097995,0.010573329618923117,0.0063541236338097995,0.009545630451454276,0.013386133608998664
2022-09-08,0.0041408541141270865,0.0041408541141270865,-0.0044781507000699605,0.0006932521884482673,-0.0044781507000699605,-0.000589707579203238,0.0041408541141270865
2022-09-09,0.03382308596722261,0.03382308596722261,0.0001155092840113281,0.020340055293938095,0.0001155092840113281,0.01579216729801998,0.03382308596722261
2022-09-10,0.005247593174529596,0.005247593174529596,0.0,0.0031485559047177572,0.0,0.0023331039002168295,0.005247593174529596
2022-09-11,-0.0004463613513404506,-0.0004463613513404506,0.0,-0.00026781681080427033,0.0,-0.00019839047421669348,-0.0004463613513404506
2022-09-12,0.010098456665308422,0.010098456665308422,-0.002673821417026656,0.00498954543237439,-0.002673821417026656,0.0030236981231421783,-0.002673821417026656
2022-09-13,-0.045666661491967124,-0.045666661491967124,-0.0006353547333893539,-0.027654138788536016,-0.046666661491967125,-0.02108916622302082,-0.045666661491967124
2022-09-14,0.007940626470568417,0.007940626470568417,-0.0004857632092968578,0.004570070598622306,-0.0014857632092968578,0.0030825176906994775,0.007940626470568417
2022-09-15,-0.027101606567475536,-0.027101606567475536,-0.005520651328711462,-0.018469224471969907,-0.005520651328711462,-0.014682993352331043,-0.005520651328711462
2022-09-16,-0.009137848383273868,-0.009137848383273868,-0.0004937091322732012,-0.005680192682873601,-0.0004937091322732012,-0.004059837599895992,-0.0004937091322732012
2022-09-17,0.0042568328660360704,0.004887652809960397,0.0,0.002932591685976238,0.0,0.0020316182810037717,0.004887652809960397
2022-09-18,-0.014177401271841078,-0.014070258414698222,0.0,-0.008442155048818933,0.0,-0.005874733149033141,-0.014070258414698222
2022-09-19,0.007551704505511927,0.007551704505511927,-0.00010339748376009261,0.004489663709803119,-0.00010339748376009261,0.003070769201902498,0.007551704505511927
2022-09-20,-0.017170265475060027,-0.017170265475060027,-0.004277637530623102,-0.012013214297285257,-0.004277637530623102,-0.009801270222972282,-0.017170265475060027
2022-09-21,-0.01917425680075773,-0.01917425680075773,0.008801939539654802,-0.007983778264592716,0.008801939539654802,-0.003281934482728735,-0.01917425680075773
2022-09-22,0.00220971609380449,0.005230189113288307,-0.009964687501816422,-0.0008477615327535846,-0.009964687501816422,-0.003482337881792859,0.005230189113288307
2022-09-23,-0.02134529531513011,-0.02336906664231069,0.0009486776508487726,-0.013641968925046906,0.0009486776508487726,-0.009426070168986118,-0.02336906664231069
2022-09-24,-0.0030224915020072114,-0.0029351899147056246,0.0,-0.0017611139488233746,0.0,-0.0012347306724070542,0.0
2022-09-25,-0.0014988973899933073,-0.002796030603975905,0.0,-0.0016776183623855429,0.0,-0.0011760874395002206,-0.002796030603975905
2022-09-26,-0.00842482418925393,-0.0071452787787467725,-0.009039835743382463,-0.007903101564601049,-0.009039835743382463,-0.008242115371761996,-0.0071452787787467725
2022-09-27,-0.004131240830906964,-0.0007460013746268319,-0.007695406015503697,-0.0035257632309775785,-0.007695406015503697,-0.004765575463918449,-0.0007460013746268319
2022-09-28,0.020551124050777653,0.02335998685946085,0.01593788438350252,0.020391145869077518,0.01593788438350252,0.019071188538257948,0.02335998685946085
2022-09-29,-0.01266703521445696,-0.012582096534557255,-0.0034970318680894175,-0.008948070667970119,-0.0034970318680894175,-0.007525424936598298,-0.012582096534557255
2022-09-30,-0.005739202758604809,-0.007264283600144195,-0.00386096912837397,-0.005902957811436105,-0.00386096912837397,-0.005390110216835817,-0.007264283600144195
2022-10-01,-0.0005646773059668747,-0.0020510818023033884,0.0,-0.001230649081382033,0.0,-0.0009280160248589331,-0.0020510818023033884
2022-10-02,-0.0009232975629626254,-0.0045534197173316355,0.0,-0.002732051830398981,0.0,-0.0020602170274784735,-0.0045534197173316355
2022-10-03,0.01780585812284897,0.0289600947491127,0.011855973577393819,0.02211844628042515,0.011855973577393819,0.01959315956118566,0.0289600947491127
2022-10-04,0.01627307720559336,0.033102709267401394,-1.5930729257068732e-05,0.01985525326873801,-1.5930729257068732e-05,0.014428643294211214,0.033102709267401394
2022-10-05,-0.003028468931590424,-0.0019248780098325919,-0.0037777295047831116,-0.0026660186078128,-0.0037777295047831116,-0.003003522007218408,-0.0019248780098325919
2022-10-06,-0.00237239862343072,-0.0062345518610646845,-0.0005381529012694342,-0.003955992277146584,-0.0005381529012694342,-0.0029189522921931835,-0.0062345518610646845
2022-10-07,-0.010454645427035331,-0.018594855396141363,-0.005401652133627227,-0.013317574091135709,-0.005401652133627227,-0.010916249133593622,-0.018594855396141363
2022-10-08,-0.0009394628671306795,-0.002159472785875533,0.0,-0.0012956836715253197,0.0,-0.0008996356197536991,-0.002159472785875533
2022-10-09,-3.0168656029426596e-05,0.0007708636123742667,0.0,0.00046251816742456003,0.0,0.0003212129933466959,0.0007708636123742667
2022-10-10,-0.010174441021913826,-0.012142423938147474,-0.008084528355002368,-0.010519265704889431,-0.008084528355002368,-0.009775675501305592,-0.012142423938147474
2022-10-11,-0.003848946905758723,-0.006308307102911131,0.0013900695601050395,-0.0032289564377046627,0.0013900695601050395,-0.0018272621247404672,0.0013900695601050395
2022-10-12,0.001047362779413483,0.0006157235791860202,0.0033805904725960345,0.0017216703365500261,0.0033805904725960345,0.0022244306052121346,0.0006157235791860202
2022-10-13,0.01699826861633457,0.019406464694359717,-0.006814690381201138,0.008918002664135375,-0.006814690381201138,0.004535064418305593,0.019406464694359717
2022-10-14,-0.020035402770892503,-0.019948101183590916,-0.0048393744185455945,-0.013904610477572788,-0.0048393744185455945,-0.01128670347853324,-0.019948101183590916
2022-10-15,-0.002569867444838636,-0.0026147208004054542,0.0,-0.0015688324802432725,0.0,-0.0011171147515070983,-0.0026147208004054542
2022-10-16,0.0031169010200458053,0.003906947890721633,0.0,0.0023441687344329795,0.0,0.0016703316307165798,0.003906947890721633
2022-10-17,0.02173809705460817,0.021904763721274836,-0.0027776246333618415,0.012031808379420165,-0.0027776246333618415,0.007757342355400116,0.021904763721274836
2022-10-18,0.002276130160861108,0.002276130160861108,0.0015939929918848128,0.0020032752932705898,0.0015939929918848128,0.0018789707634902192,0.002276130160861108
2022-10-19,-0.007857863193902963,-0.007193822851999888,-0.008691407421545783,-0.007792856679818246,-0.008691407421545783,-0.008066087764075462,-0.008691407421545783
2022-10-20,-0.004440387291027809,-0.004174514275154794,-0.006373214872457483,-0.00505399451407587,-0.006373214872457483,-0.005454294720229551,-0.004174514275154794
2022-10-21,0.012596898181110863,0.016086588035312512,-0.001624089480832508,0.009002317028854503,-0.001624089480832508,0.005791282502584946,0.016086588035312512
2022-10-22,0.0012472901145017278,0.0014337980510096642,0.0,0.0008602788306057985,0.0,0.000616119863397316,0.0014337980510096642
2022-10-23,0.0015823488367665431,0.0062305767429463215,0.0,0.003738346045767793,0.0,0.0026765230951729265,0.0062305767429463215
2022-10-24,-0.00099935655086216,0.0011388396399868563,-0.0029498934755373407,-0.0004966536062228227,-0.0029498934755373407,-0.001194679937327971,0.0011388396399868563
2022-10-25,0.022969373226084656,0.028605482406807506,0.008227877727073785,0.020454440534914017,0.008227877727073785,0.01700777589952588,0.028605482406807506
2022-10-26,0.013269714688696513,0.01353558770456953,0.0038672109808064736,0.009668237015064307,0.0038672109808064736,0.007912014230538039,0.01353558770456953
2022-10-27,0.002144507357833643,-0.009186015359567349,0.005949092188873489,-0.0031319723401910127,0.005949092188873489,-0.0003413870987721006,-0.009186015359567349
2022-10-28,0.003418323581921978,0.015917667273319645,-0.005135629394926705,0.007496348606021103,-0.005135629394926705,0.00363836226868099,0.015917667273319645
2022-10-29,0.0035537383000871455,0.0057911639492240026,0.0,0.0034746983695344014,0.0,0.0025132656260628376,0.0057911639492240026
2022-10-30,-0.0018600685581654484,-0.0029595953332754383,0.0,-0.0017757571999652629,0.0,-0.001282916025581645,-0.0029595953332754383
2022-10-31,-0.005068613523831773,-0.0050228719067107646,-0.0028572010739142395,-0.004156603573592155,-0.0028572010739142395,-0.0037973392095375464,-0.0050228719067107646
2022-11-01,0.0024549341976544785,0.0025620770547973354,0.004759031876340247,0.0034408589834145,0.004759031876340247,0.003800184854718906,0.0025620770547973354
2022-11-02,-0.022616306804494248,-0.022616306804494248,-0.002170311570430794,-0.014437908710868867,-0.002170311570430794,-0.011203621061405131,-0.022616306804494248
2022-11-03,-0.002042484505980818,-0.002042484505980818,-0.0013180220083259253,-0.001752699506918861,-0.0013180220083259253,-0.0016319855949416687,-0.002042484505980818
2022-11-04,0.029358747580199,0.029358747580199,-0.0017475563158206031,0.01691622602179116,-0.0017475563158206031,0.011740523884783206,0.029358747580199
2022-11-05,-0.0004449283062886043,-0.0004449283062886043,0.0,-0.0002669569837731626,0.0,-0.00018701424103014866,-0.0004449283062886043
2022-11-06,-0.005663523936218125,-0.005663523936218125,0.0,-0.0033981143617308747,0.0,-0.0023810010469617424,-0.005663523936218125
2022-11-07,0.002106360115819661,0.002106360115819661,-0.0057927347754620495,-0.0010532778406930235,-0.0057927347754620495,-0.0024754981473073174,0.002106360115819661
2022-11-08,-0.02600875891664625,-0.02600875891664625,0.00907792213592995,-0.011974086495615769,0.00907792213592995,-0.005656234368537654,-0.02600875891664625
2022-11-09,-0.05392571523254768,-0.05392571523254768,0.002283832896128213,-0.03144189598107732,0.002283832896128213,-0.020891827586890024,-0.05392571523254768
2022-11-10,0.07104793850335654,0.07104793850335654,0.017125161484295603,0.04947882769573217,0.017125161484295603,0.03756378895831745,0.017125161484295603
2022-11-11,-0.0003083496448772769,0.007050312698833692,-0.0033964953913833695,0.002871589462746867,0.006050312698833692,7.878201709391516e-05,0.007050312698833692
2022-11-12,-0.00035714285714285714,-0.004291673444527805,0.0,-0.002575004066716683,-0.004291673444527805,-0.001464641742316773,-0.004291673444527805
2022-11-13,-0.00013709254773529092,-0.005909464405858687,0.0,-0.0035456786435152116,-0.005909464405858687,-0.0020176814081977247,0.0
2022-11-14,-0.00016624575133321643,-0.005133330637807249,0.0004688957559877138,-0.002892440080289264,-0.005133330637807249,-0.0014426387573981895,-0.005133330637807249
2022-11-15,0.006951371961387886,0.011226342806124286,0.005910136446359959,0.009099860262218555,0.011226342806124286,0.007728415911132711,0.011226342806124286
2022-11-16,-0.0006282686756140026,-0.013712563902451716,0.006211043266189625,-0.005743121034995179,-0.013712563902451716,-0.0009343362156770101,-0.013712563902451716
2022-11-17,-0.005368620096808631,-0.0052704084017326635,-0.005192751940817086,-0.005239345817366433,-0.0052704084017326635,-0.005220518674294504,-0.0052704084017326635
2022-11-18,-0.0010707643327097938,0.0023211262414936096,-0.003627862664839193,-5.846932103951161e-05,0.0023211262414936096,-0.001461122613209824,0.0023211262414936096
2022-11-19,0.00024380543360074246,0.0006531354947670506,0.0,0.0003918812968602303,0.0006531354947670506,0.00023839525766329914,0.0006531354947670506
2022-11-20,-0.006249242801546755,-0.009717557412436136,0.0,-0.0058305344474616815,-0.009717557412436136,-0.003549086104939875,0.0
2022-11-21,-0.011294650040179577,-0.011038364921837284,0.001669710167033961,-0.005955134886288785,-0.011038364921837284,-0.0029847898385392457,-0.011038364921837284
2022-11-22,0.016579747824909393,0.016587684332845902,0.0037239975776768297,0.011442209630778273,0.016587684332845902,0.008427198743201506,0.0037239975776768297
2022-11-23,0.008264960912344584,0.008264960912344584,0.004666950385010943,0.006825756701411127,0.008264960912344584,0.005983438783781211,0.008264960912344584
2022-11-24,0.0019099746772933443,0.0019099746772933443,0.0,0.0011459848063760066,0.0019099746772933443,0.0007052561604864441,0.0019099746772933443
2022-11-25,-0.0016531422235791144,-0.0016531422235791144,-0.0007100809841832645,-0.0012759177278207745,-0.0016531422235791144,-0.0010584832818937165,-0.0016531422235791144
2022-11-26,0.0002590374635461141,0.0002590374635461141,0.0,0.00015542247812766846,0.0002590374635461141,9.728780465952722e-05,0.0002590374635461141
2022-11-27,-0.0011250759703457852,-0.0011250759703457852,0.0,-0.0006750455822074711,-0.0011250759703457852,-0.00042274140057946833,0.0
2022-11-28,-0.017636029425829352,-0.017636029425829352,0.0006687030776614256,-0.01031413642443304,-0.017636029425829352,-0.006211274872278169,-0.017636029425829352
2022-11-29,0.010578216705248797,0.010578216705248797,-0.0023173153556702852,0.005420003880881163,0.010578216705248797,0.0024906361755407218,0.010578216705248797
2022-11-30,0.03125446669823612,0.03125446669823612,0.005288702893122749,0.02086816117619077,0.03125446669823612,0.014946277592324815,0.03125446669823612
2022-12-01,-0.0032531054685427632,-0.0032531054685427632,0.012254751087311833,0.0029500371537990754,-0.0032531054685427632,0.006552373596714327,-0.0032531054685427632
2022-12-02,0.00018841869069995286,0.00018841869069995286,0.0025223903992100116,0.0011220073741039763,0.00018841869069995286,0.0016600372027684106,0.00018841869069995286
2022-12-03,-0.005548578503205868,-0.005548578503205868,0.0,-0.0033291471019235206,-0.005548578503205868,-0.002054398135070819,-0.005548578503205868
2022-12-04,0.004760025044553664,0.004760025044553664,0.0,0.0028560150267321984,0.004760025044553664,0.0017605901405694934,0.004760025044553664
2022-12-05,-0.019384802809546922,-0.019384802809546922,-0.008288063100560045,-0.01494610692595217,-0.019384802809546922,-0.012395628849873188,-0.019384802809546922
2022-12-06,-0.010045083043406233,-0.010045083043406233,0.005615679580209421,-0.0037807779939599715,-0.010045083043406233,-0.0002364440902323183,0.005615679580209421
2022-12-07,-0.006558769587778642,-0.006558769587778642,0.009547952276637739,-0.0001160808420120887,-0.006558769587778642,0.003360984053753351,-0.006558769587778642
2022-12-08,0.0105867539335975,0.0105867539335975,-0.002679385674833612,0.005280298090225055,0.0105867539335975,0.0024101710091148356,0.0105867539335975
2022-12-09,-0.007710936732564881,-0.007710936732564881,-0.006938799576991894,-0.007402081870335687,-0.007710936732564881,-0.0072344712120991275,-0.007710936732564881
2022-12-10,0.000155787253581637,0.000155787253581637,0.0,9.34723521489822e-05,0.000155787253581637,6.0191108734875155e-05,0.000155787253581637
2022-12-11,-0.0003798481166125874,-0.0003798481166125874,0.0,-0.00022790886996755242,-0.0003798481166125874,-0.0001467943706609755,-0.0003798481166125874
2022-12-12,0.011222441528673046,0.011222441528673046,-0.0014471415418844114,0.006154608300450063,0.011222441528673046,0.0034489392307005414,0.011222441528673046
2022-12-13,0.018249775150209733,0.018249775150209733,0.006733457734665077,0.01364324818399187,0.018249775150209733,0.011191878822696344,0.018249775150209733
2022-12-14,-0.003670067181117854,-0.003670067181117854,-1.1171115677471866e-05,-0.002206508754941701,-0.003670067181117854,-0.00141764323797125,-0.003670067181117854
2022-12-15,-0.022030075763517627,-0.022030075763517627,-0.000306327774161147,-0.013340576567775035,-0.022030075763517627,-0.008650720259185183,-0.022030075763517627
2022-12-16,-0.023017345447156057,-0.023017345447156057,-0.0008053745190066963,-0.014132557075896312,-0.0018053745190066963,-0.009289030098297528,-0.023017345447156057
2022-12-17,0.0028768995288047045,0.0028768995288047045,0.0,0.0017261397172828226,0.0,0.0010944095162401712,0.0028768995288047045
2022-12-18,-0.0005667076538982747,-0.0005667076538982747,0.0,-0.0003400245923389648,0.0,-0.00021561904162210454,0.0
2022-12-19,-0.009629264667600798,-0.009629264667600798,-0.006871597787260375,-0.008526197915464629,-0.006871597787260375,-0.007921105201828739,-0.009629264667600798
2022-12-20,0.010922510272979549,0.010922510272979549,-0.003797505342112456,0.005034504026942746,-0.003797505342112456,0.0018655444336624564,0.010922510272979549
2022-12-21,0.009877131405261783,0.009877131405261783,0.001150995683605549,0.006386677116599289,0.001150995683605549,0.004496959743917271,0.009877131405261783
2022-12-22,-0.010597844600167808,-0.010597844600167808,-0.0027889978802659032,-0.0074743059122070465,-0.0027889978802659032,-0.005780348265687232,-0.010597844600167808
2022-12-23,0.008305661965266695,0.008305661965266695,-0.004136538957685482,0.003328781596085824,-0.004136538957685482,0.0006154208829911145,0.008305661965266695
2022-12-24,0.00042613132051358725,0.00042613132051358725,0.0,0.0002556787923081523,0.0,0.0001636446947518021,0.00042613132051358725
2022-12-25,-0.0002369997393070817,-0.0002369997393070817,0.0,-0.000142199843584249,0.0,-9.10170890116996e-05,-0.0002369997393070817
2022-12-26,0.001243730321544086,0.001243730321544086,0.0,0.0007462381929264516,0.0,0.0004781523890109357,0.001243730321544086
2022-12-27,-0.003057403927450834,-0.003057403927450834,-0.005018153424764998,-0.0038417037263764994,-0.005018153424764998,-0.0042643476281377405,-0.003057403927450834
2022-12-28,-0.014574656901921747,-0.014574656901921747,-0.002304860204368153,-0.009666738222900309,-0.002304860204368153,-0.007141533977219204,-0.014574656901921747
2022-12-29,0.014421514597506353,0.014421514597506353,0.0039507824776655875,0.010233221749570046,0.0039507824776655875,0.008078408065554946,0.0039507824776655875
2022-12-30,-0.0013927133716406465,-0.0013927133716406465,-0.003457531679457587,-0.002218640694767423,-0.003457531679457587,-0.0026474133004023626,-0.0013927133716406465
2022-12-31,-0.0005967500645301444,-0.0005967500645301444,0.0,-0.00035805003871808663,0.0,-0.00023613069711153528,-0.0005967500645301444
2023-01-01,0.0009102956919704555,0.0009102956919704555,0.0,0.0005461774151822733,0.0,0.0003606844101306769,0.0
2023-01-02,0.0016903994899629558,0.0016903994899629558,0.0,0.0010142396939777734,0.0,0.0006698317077769615,0.0016903994899629558
2023-01-03,-0.007346403841954668,-0.007346403841954668,0.011518060606375558,0.00019938193737742242,0.011518060606375558,0.0040396292863250725,-0.007346403841954668
2023-01-04,0.009805556330540983,0.009805556330540983,0.006805116256496935,0.008605380300923364,0.006805116256496935,0.007993286990169806,0.006805116256496935
2023-01-05,-0.007543781383422783,-0.007543781383422783,-0.00010682226656230642,-0.004568997736678592,-0.00010682226656230642,-0.003088498408352123,-0.007543781383422783
2023-01-06,0.019107573934272364,0.019107573934272364,0.009221352352812684,0.015153085301688492,0.009221352352812684,0.013178589969696126,0.019107573934272364
2023-01-07,-0.0004267887076562967,-0.0004267887076562967,0.0,-0.000256073224593778,-0.0014267887076562966,-0.00017371536728220052,-0.0004267887076562967
2023-01-08,0.0029208786299103184,0.0029208786299103184,0.0,0.001752527177946191,0.0029208786299103184,0.0011888821411240144,0.0029208786299103184
2023-01-09,0.005914375610892068,0.005914375610892068,0.0010042655894656471,0.0039503316023215,0.005914375610892068,0.0030039244283866693,0.005914375610892068
2023-01-10,0.007605707931334897,0.007605707931334897,-0.004609633915039935,0.002719571192784964,-0.005609633915039935,0.0003595843999115826,0.007605707931334897
2023-01-11,0.01925354969523347,0.01925354969523347,0.005498145508815694,0.013751388020666359,0.01825354969523347,0.011213734904461394,0.01925354969523347
2023-01-12,0.017141541386665866,0.017141541386665866,0.0076103985673849905,0.013329084258953515,0.017141541386665866,0.012001367645296366,0.017141541386665866
2023-01-13,0.01183199820650623,0.01183199820650623,-0.0007650389866992735,0.006793183329224028,0.01183199820650623,0.006733481085382764,0.01183199820650623
2023-01-14,0.008230461225285828,0.013537976429825176,0.0,0.008122785857895104,0.013537976429825176,0.008009935637201628,0.013537976429825176
2023-01-15,-0.0004254067583163572,-0.00037885297759672937,0.0,-0.00022731178655803762,-0.00037885297759672937,-0.00022199268325185878,-0.00037885297759672937
2023-01-16,0.0015587112469253902,0.0032799646979644326,0.0,0.0019679788187786595,0.0032799646979644326,0.0019280340935831665,0.0032799646979644326
2023-01-17,-0.00012579312573846767,0.0008676049861139715,-0.0033070693992863776,-0.0008022647680461683,0.0008676049861139715,-0.0008473152277937969,-0.0033070693992863776
2023-01-18,-0.016602098746911265,-0.0164354320802446,0.008734763008243024,-0.00636735404484955,-0.0164354320802446,-0.006205304994480154,-0.0164354320802446
2023-01-19,0.0036103083367460265,0.0036103083367460265,0.0012921038902246051,0.002683026558137458,0.0036103083367460265,0.002659587376624253,0.0012921038902246051
2023-01-20,0.02706165978186275,0.02706165978186275,-0.006903356683358092,0.013475653195774413,-0.007903356683358093,0.01317826766698048,0.02706165978186275
2023-01-21,-0.001689557590663841,-0.001689557590663841,0.0,-0.0010137345543983045,-0.002689557590663841,-0.0009548736216421088,-0.001689557590663841
2023-01-22,-0.00019276098304282167,-0.00019276098304282167,0.0,-0.000115656589825693,-0.00019276098304282167,-0.00010887642873237789,-0.00019276098304282167
2023-01-23,0.007588082226511849,0.007588082226511849,-0.0011452036123041354,0.004094767890985455,0.007588082226511849,0.0038273532229661264,0.007588082226511849
2023-01-24,-0.007826577525437917,-0.007826577525437917,0.0056684476498289615,-0.0024285674553311647,-0.007826577525437917,-0.0020811143734047765,-0.007826577525437917
2023-01-25,0.0068855565870214646,0.0068855565870214646,0.0012140041482253394,0.004616935611503015,0.0068855565870214646,0.0045001687078108235,0.0068855565870214646
2023-01-26,0.00801673605934938,0.008379824417861559,-0.0036913564885769357,0.003551352055286161,0.008379824417861559,0.003310883439078029,0.008379824417861559
2023-01-27,-0.000645294424107425,-0.0006175166463296473,-0.000992843100132812,-0.0007676472278509133,-0.0006175166463296473,-0.0007758214250913566,-0.0006175166463296473
2023-01-28,-0.0019691663539578175,-0.002017624671655708,0.0,-0.0012105748029934249,-0.002017624671655708,-0.0011670771263670244,-0.002017624671655708
2023-01-29,0.008748436606970705,0.008796055654589753,0.0,0.0052776333927538515,0.008796055654589753,0.005084166311386278,0.008796055654589753
2023-01-30,-0.02098488046614824,-0.02098488046614824,-0.0014278194832134938,-0.01316205607297434,-0.02098488046614824,-0.012698284302715726,-0.02098488046614824
2023-01-31,0.01467757172673719,0.01467757172673719,0.0036299735953843615,0.010258532474196058,0.01467757172673719,0.009937016061986746,0.01467757172673719
2023-02-01,0.009370445796705935,0.009370445796705935,0.005589595846678175,0.00785810581669483,0.009370445796705935,0.007735348543038118,0.009370445796705935
2023-02-02,0.00572721695170887,0.00572721695170887,-0.0033133573825998297,0.00211098721798539,0.00572721695170887,0.002117954234160526,0.00572721695170887
2023-02-03,-0.00871676328334038,-0.00871676328334038,-0.009380984235109774,-0.008982451664048138,-0.00871676328334038,-0.00898183696085046,-0.00871676328334038
2023-02-04,-0.0004022179936545485,-0.0004022179936545485,0.0,-0.0002413307961927291,-0.0004022179936545485,-0.00023992298917966225,-0.0004022179936545485
2023-02-05,-0.0041517879716402245,-0.0041517879716402245,0.0,-0.0024910727829841346,-0.0041517879716402245,-0.002484651698130781,-0.0041517879716402245
2023-02-06,-0.007341716565847885,-0.007341716565847885,-0.002048025690743721,-0.005224240215806219,-0.007341716565847885,-0.005211667376100034,-0.002048025690743721
2023-02-07,0.01729461457133996,0.01729461457133996,-0.0028373606381802974,0.009241824487531858,0.01729461457133996,0.009517063610171787,0.01729461457133996
2023-02-08,-0.00975537113355497,-0.00975537113355497,0.0029993994636990373,-0.004653462894653367,-0.00975537113355497,-0.004765895720128286,-0.00975537113355497
2023-02-09,-0.018834125687334335,-0.018834125687334335,-0.005828335990685551,-0.013631809808674821,-0.018834125687334335,-0.01370837272331668,-0.018834125687334335
2023-02-10,0.0024548608338790367,0.0024548608338790367,-0.0027198821081753644,0.0003849636570572761,0.0024548608338790367,0.0003389410679607275,0.0024548608338790367
2023-02-11,0.0029653293783951096,0.0029653293783951096,0.0,0.0017791976270370657,0.0029653293783951096,0.001763341841348581,0.0029653293783951096
2023-02-12,-0.0022161217954495735,-0.0022161217954495735,0.0,-0.0013296730772697442,-0.0022161217954495735,-0.0013178410263888958,-0.0022161217954495735
2023-02-13,0.005538108988513997,0.005538108988513997,0.0007128658763546347,0.003608011743650252,0.005538108988513997,0.003580056091414504,0.005538108988513997
2023-02-14,0.0062093741779147595,0.0062093741779147595,-0.001698061181774707,0.0030464000340389725,0.0062093741779147595,0.003027020341742606,0.0062093741779147595
2023-02-15,0.01798668055738453,0.01798668055738453,-0.0038679903281219064,0.009244812203181954,0.01798668055738453,0.009445597052910135,0.01798668055738453
2023-02-16,-0.01308471553690095,-0.01308471553690095,-0.00421991836058308,-0.009538796666373802,-0.01308471553690095,-0.009522730259927855,-0.01308471553690095
2023-02-17,0.0024410138360104502,0.0024410138360104502,0.003214980663006406,0.0027506005668088327,0.0024410138360104502,0.0027399356081814,0.0024410138360104502
2023-02-18,0.00014797123140780015,0.00014797123140780015,0.0,8.878273884468009e-05,0.00014797123140780015,9.550936046749863e-05,0.00014797123140780015
2023-02-19,-0.0020961534790700075,-0.0020961534790700075,0.0,-0.0012576920874420045,-0.0020961534790700075,-0.001352567800444178,-0.0020961534790700075
2023-02-20,0.00369401365292611,0.00369401365292611,0.0,0.002216408191755666,0.00369401365292611,0.0023814671565930722,0.00369401365292611
2023-02-21,-0.016672951087374273,-0.016672951087374273,-0.00771536802000819,-0.01308991786042784,-0.016672951087374273,-0.013558979664380215,-0.016672951087374273
2023-02-22,-0.005689192935516828,-0.005689192935516828,0.0021286032909882124,-0.0025620744449148117,-0.005689192935516828,-0.0028540214440468475,-0.005689192935516828
2023-02-23,0.005707033472606149,0.005707033472606149,0.003366975761828872,0.004771010388295238,0.005707033472606149,0.00485961080425929,0.005707033472606149
2023-02-24,-0.014755580875579008,-0.014755580875579008,-0.004704366189960535,-0.010735095001331619,-0.014755580875579008,-0.01119004199459843,-0.014755580875579008
2023-02-25,-0.0010387094015516334,-0.0010387094015516334,0.0,-0.00062322564093098,-0.0010387094015516334,-0.0006576439496087989,-0.0010387094015516334
2023-02-26,0.005047663599031132,0.005047663599031132,0.0,0.003028598159418679,0.005047663599031132,0.003194451988374319,0.005047663599031132
2023-02-27,0.002855003888208696,0.002855003888208696,0.0011177356829235319,0.0021600966060946305,0.002855003888208696,0.0022163856496556387,0.002855003888208696
2023-02-28,-0.0064896491568477615,-0.0064896491568477615,0.003372620523808656,-0.0025447412845851945,-0.0064896491568477615,-0.0028635870052956007,-0.0064896491568477615
2023-03-01,0.008500382175976226,0.008500382175976226,-0.004560792554461457,0.0032759122838011525,0.008500382175976226,0.0036689450836689588,0.008500382175976226
2023-03-02,0.00225426750285524,0.00225426750285524,-0.002065136364519521,0.0005265059559053356,0.00225426750285524,0.0007064611325954695,0.00225426750285524
2023-03-03,0.0016606595794223954,0.0016606595794223954,0.009781993976608894,0.004909193338296995,0.0016606595794223954,0.00450058781783119,0.0016606595794223954
2023-03-04,-0.00020522805256230193,-0.00020522805256230193,0.0,-0.00012313683153738114,-0.00020522805256230193,-0.0001335775638225977,-0.00020522805256230193
2023-03-05,0.00023431130979740318,0.00023431130979740318,0.0,0.0001405867858784419,0.00023431130979740318,0.00015252976335790677,0.0
2023-03-06,-0.002452897473724359,-0.002452897473724359,-0.003999048332984062,-0.0030713578174282404,-0.002452897473724359,-0.002992693625171744,-0.002452897473724359
2023-03-07,-0.014446837923171783,-0.014446837923171783,0.000284569902892412,-0.008554274792746104,-0.014446837923171783,-0.009289137240019308,0.000284569902892412
2023-03-08,-0.0035636173493129,-0.0035636173493129,-3.916621382149543e-05,-0.0021538368951163384,-0.0035636173493129,-0.002295342907249676,-0.0035636173493129
2023-03-09,-0.02719576483950967,-0.02719576483950967,0.003929978346891266,-0.014745467564949294,-0.02719576483950967,-0.016066969361246027,-0.02719576483950967
2023-03-10,-0.013161743414809135,-0.013161743414809135,0.017038949484735805,-0.001081466254991158,-0.013161743414809135,-0.0012722058926190587,-0.013161743414809135
2023-03-11,0.006606390961056061,0.006606390961056061,0.0,0.003963834576633637,-0.001,0.0040474577471442215,0.006606390961056061
2023-03-12,0.01631728898828988,0.01631728898828988,0.0,0.009790373392973927,0.0,0.009970707139905837,0.01631728898828988
2023-03-13,0.013073145021728468,0.013073145021728468,0.007043462816695295,0.010661272139715199,0.007043462816695295,0.010663566317443618,0.013073145021728468
2023-03-14,0.012736835022329461,0.012736835022329461,-0.00791835164500787,0.0044747603553945275,-0.00791835164500787,0.004373120308160748,0.012736835022329461
2023-03-15,-0.018765399267638525,-0.018765399267638525,0.013060992891314127,-0.006034842404057462,-0.019765399267638525,-0.005752055662247823,-0.018765399267638525
2023-03-16,0.01392482264897484,0.01392482264897484,-0.003962607280454694,0.006769850677203026,0.01392482264897484,0.006579399622455802,0.01392482264897484
2023-03-17,0.009918091457388367,0.007394932590157308,0.01257806439635617,0.009468185312636854,0.007394932590157308,0.009502260432037574,0.007394932590157308
2023-03-18,-0.0007810790296708882,-0.0037666261564875342,0.0,-0.0022599756938925203,-0.0037666261564875342,-0.002248392820601762,-0.0037666261564875342
2023-03-19,0.001312429156512064,0.005928869124017331,0.0,0.0035573214744103986,0.005928869124017331,0.003581046556951147,0.005928869124017331
2023-03-20,9.775581462627533e-05,0.004371397811264586,-0.004530010966885906,0.0008108343000043892,0.004371397811264586,0.0008333061171006296,-0.004530010966885906
2023-03-21,0.01164754631090894,0.016728431564482685,-0.009130782986593589,0.006384745744052175,0.016728431564482685,0.006440961829716475,0.016728431564482685
2023-03-22,-0.021020714081087043,-0.020834206144579107,0.009006381560662358,-0.00889797106248252,-0.020834206144579107,-0.008617917645150783,-0.020834206144579107
2023-03-23,0.00748180319509777,0.007821620192245736,0.004929170952187201,0.006664640496222322,0.007821620192245736,0.006617533040496321,0.007821620192245736
2023-03-24,-0.0012502756478070293,-0.001614773811343315,-0.0001552110665331563,-0.0010309487134192515,-0.001614773811343315,-0.0010045650826473282,-0.001614773811343315
2023-03-25,-0.0008090128836566958,-0.000519356233407437,0.0,-0.0003116137400444622,-0.000519356233407437,-0.00031831738919363515,0.0
2023-03-26,0.003846121298938679,0.004052470505287885,0.0,0.002431482303172731,0.004052470505287885,0.0024842896424994744,0.004052470505287885
2023-03-27,-0.0011059828395727994,-0.0011059828395727994,-0.012067973227297302,-0.0054907789946626005,-0.0011059828395727994,-0.005356050333901457,-0.0011059828395727994
2023-03-28,0.005258727768603477,0.005258727768603477,0.0014557035037768284,0.0037375180626728175,0.005258727768603477,0.0037942326056634797,0.005258727768603477
2023-03-29,0.015208840579267833,0.015208840579267833,-0.0015448666285986512,0.008507357696121239,0.015208840579267833,0.00878523638267501,-0.0015448666285986512
2023-03-30,0.004346145230243447,0.004346145230243447,0.0026266966683028137,0.003658365805467193,0.004346145230243447,0.003672440216888657,0.004346145230243447
2023-03-31,0.013784069445350551,0.013784069445350551,0.004711505365122076,0.01015504381325916,0.013784069445350551,0.010249816947550835,0.013784069445350551
2023-04-01,-0.0007608656252558158,-0.0007608656252558158,0.0,-0.00045651937515348945,-0.0007608656252558158,-0.0004582780217398851,-0.0007608656252558158
2023-04-02,-0.0019399895634195146,-0.0019399895634195146,0.0,-0.0011639937380517088,-0.0019399895634195146,-0.0011688814561779575,-0.0019399895634195146
2023-04-03,0.006352203313448348,0.006352203313448348,0.0029888334139609174,0.005006855353653375,0.006352203313448348,0.005025124376987954,0.006352203313448348
2023-04-04,1.107085827109808e-05,1.107085827109808e-05,0.006522044048856673,0.0026154601345053283,1.107085827109808e-05,0.0024477342296109926,1.107085827109808e-05
2023-04-05,0.0005475746854358451,0.0005475746854358451,0.0041873568683007956,0.0020034875585818253,0.0005475746854358451,0.0018731720232355485,0.0005475746854358451
2023-04-06,-0.002005459887828199,-0.002005459887828199,-0.0008816827321991572,-0.0015559490255765823,-0.002005459887828199,-0.0016009059728830418,-0.002005459887828199
2023-04-07,-0.0009009027322474229,-0.0009009027322474229,0.0,-0.0005405416393484537,-0.0009009027322474229,-0.0005777346177309021,0.0
2023-04-08,-0.0008738453353937217,-0.0008738453353937217,0.0,-0.000524307201236233,-0.0008738453353937217,-0.0005641716304702045,-0.0008738453353937217
2023-04-09,0.002125782845467667,0.002125782845467667,0.0,0.0012754697072806002,0.002125782845467667,0.0013723361825503826,0.002125782845467667
2023-04-10,0.010836845679203868,0.010836845679203868,-0.006902417671838801,0.0037411403387868003,0.010836845679203868,0.004566943263579963,0.010836845679203868
2023-04-11,0.0037611920831161928,0.0037611920831161928,0.001098702099127824,0.0026961960895208453,0.0037611920831161928,0.0028141370987355887,0.0037611920831161928
2023-04-12,0.0001920231701018318,0.0001920231701018318,0.00034436743612711873,0.00025296087651194656,0.0001920231701018318,0.00024392049643865167,0.0001920231701018318
2023-04-13,0.013183077365748962,0.013183077365748962,-0.0005883726886131702,0.007674497344004108,0.013183077365748962,0.008579191125566992,0.013183077365748962
2023-04-14,0.0018771806796157185,0.0018771806796157185,-0.006492978379017106,-0.0014708829438374116,0.0018771806796157185,-0.0007954548635062937,0.0018771806796157185
2023-04-15,-0.001094143534172883,-0.001094143534172883,0.0,-0.0006564861205037297,-0.001094143534172883,-0.0007448557931123748,-0.001094143534172883
2023-04-16,0.0014508292636089054,0.0014508292636089054,0.0,0.0008704975581653432,0.0014508292636089054,0.0009875009064440432,0.0014508292636089054
2023-04-17,-0.003212164178800251,-0.003212164178800251,-0.004415038160192591,-0.0036933137713571875,-0.003212164178800251,-0.003595431512216191,-0.003212164178800251
2023-04-18,0.005735179505960943,0.005735179505960943,0.0013693355002137864,0.003988841903662081,0.005735179505960943,0.004344302231819562,0.005735179505960943
2023-04-19,-0.01618234844146709,-0.01618234844146709,-0.0014267143078282585,-0.010280094788011557,-0.01618234844146709,-0.011485908147255239,-0.01618234844146709
2023-04-20,-0.006909546041305769,-0.006909546041305769,0.004572547525103554,-0.002316708614742039,-0.006909546041305769,-0.0032614448578387736,-0.006909546041305769
2023-04-21,-0.009097251795478538,-0.009097251795478538,-0.004754077172312382,-0.0073599819462120755,-0.009097251795478538,-0.007754549904684709,-0.004754077172312382
2023-04-22,0.003657246193816811,0.003657246193816811,0.0,0.0021943477162900864,0.003657246193816811,0.002505169437925117,0.003657246193816811
2023-04-23,-0.0016244513788262996,-0.0016244513788262996,0.0,-0.0009746708272957797,-0.0016244513788262996,-0.0011116468033661054,-0.0016244513788262996
2023-04-24,0.0008458902320882286,0.0008458902320882286,0.003585022862067938,0.0019415432840801125,0.0008458902320882286,0.0017101821813140256,0.0008458902320882286
2023-04-25,-0.008304643408838816,-0.008304643408838816,0.008596189183460612,-0.0015443103719190443,-0.008304643408838816,-0.002983217426782876,-0.008304643408838816
2023-04-26,-0.004744342184394617,-0.004744342184394617,-0.005808266057662076,-0.0051699117337016005,-0.004744342184394617,-0.005063723376637231,-0.004744342184394617
2023-04-27,0.017785283227624578,0.017785283227624578,-0.004007797744085301,0.009068050838940626,0.017785283227624578,0.011259825228881727,-0.004007797744085301
2023-04-28,0.005325422434941373,0.005325422434941373,0.006330171255132966,0.00572732196301801,0.005325422434941373,0.005644321343086164,0.005325422434941373
2023-04-29,0.0006155591272155715,0.0006155591272155715,0.0,0.0003693354763293429,0.0006155591272155715,0.00042951749824841055,0.0006155591272155715
2023-04-30,-0.0017849904873701182,-0.0017849904873701182,0.0,-0.001070994292422071,-0.0017849904873701182,-0.00124604777892513,-0.0017849904873701182
2023-05-01,-0.010496626289021519,-0.010496626289021519,-0.010012687968111694,-0.01030305096065759,-0.010496626289021519,-0.01035076895103618,-0.010496626289021519
2023-05-02,-0.010167117777973349,-0.010167117777973349,0.013681378115027731,-0.0006277194207729162,-0.010167117777973349,-0.0027744903591155855,-0.010167117777973349
2023-05-03,-0.001465243533820752,-0.001465243533820752,0.0037988301151054282,0.0006403859257497204,-0.001465243533820752,0.0001898270374247953,-0.001465243533820752
2023-05-04,-0.004706274062766937,-0.004706274062766937,-0.0004903385119799375,-0.0030198998424521375,-0.004706274062766937,-0.003396583250790469,-0.004706274062766937
2023-05-05,0.0256524105210519,0.0256524105210519,-0.006451291713423013,0.012810929627261934,0.0256524105210519,0.01562728361640569,0.0256524105210519
2023-05-06,-0.007651105702804608,-0.007651105702804608,0.0,-0.004590663421682764,-0.007651105702804608,-0.004972344082199715,-0.007651105702804608
2023-05-07,-0.003315724812601512,-0.003315724812601512,0.0,-0.001989434887560907,-0.003315724812601512,-0.002141948229466416,-0.003315724812601512
2023-05-08,-0.004430351972675137,-0.004430351972675137,-0.004365084703824823,-0.004404245065135011,-0.004430351972675137,-0.004407190181956659,-0.004430351972675137
2023-05-09,-0.0022379803091305333,-0.0022379803091305333,0.001386663988242276,-0.0007881225901814095,-0.0022379803091305333,-0.0009484757922380688,-0.0022379803091305333
2023-05-10,0.0010188650620696442,0.0010188650620696442,0.0034884162626832027,0.0020066855423150677,0.0010188650620696442,0.0018667911305911618,0.0010188650620696442
2023-05-11,-0.010684988232730305,-0.010684988232730305,0.0030472352844714,-0.005192098825849623,-0.010684988232730305,-0.005985617033849342,0.0030472352844714
2023-05-12,-0.0017773803399140612,-0.0017773803399140612,-0.002406881355956708,-0.00202918074633112,-0.0017773803399140612,-0.0019664571819447032,-0.0017773803399140612
2023-05-13,-0.0008182953203141022,-0.0008182953203141022,0.0,-0.0004909771921884613,-0.0008182953203141022,-0.0005841899098855132,-0.0008182953203141022
2023-05-14,0.0008793250783934633,0.0008793250783934633,0.0,0.000527595047036078,0.0008793250783934633,0.0006293054180784894,0.0008793250783934633
2023-05-15,0.006977135000170091,0.006977135000170091,-0.0033187709513453623,0.0028587726195639096,0.006977135000170091,0.004233492170527208,0.006977135000170091
2023-05-16,-0.010252807973408353,-0.010252807973408353,-0.004057440186952255,-0.007774660858825913,-0.010252807973408353,-0.008657892492690148,-0.010252807973408353
2023-05-17,0.012000264583140456,0.012000264583140456,-0.0019581322870586837,0.0064169058350608,0.012000264583140456,0.008435072893908277,0.012000264583140456
2023-05-18,-0.0006280479526352319,-0.0006280479526352319,-0.004776206897601554,-0.0022873115306217607,-0.0006280479526352319,-0.0015944230276136104,-0.0006280479526352319
2023-05-19,0.0010044670223457884,0.0010044670223457884,-0.0009425019162562775,0.00022567944690496194,0.0010044670223457884,0.0005816596475202852,0.0010044670223457884
2023-05-20,0.0014730116229469343,0.0014730116229469343,0.0,0.0008838069737681605,0.0014730116229469343,0.001159532968870204,0.0014730116229469343
2023-05-21,-0.002512238965437816,-0.002512238965437816,0.0,-0.0015073433792626896,-0.002512238965437816,-0.0019825160644954655,-0.002512238965437816
2023-05-22,0.0033248699401903347,0.0033248699401903347,-0.001759635230217882,0.0012910678720270477,0.0033248699401903347,0.0022613916545342894,0.0033248699401903347
2023-05-23,-0.00041888787126165283,-0.00041888787126165283,0.002137240585186606,0.0006035635113176508,-0.00041888787126165283,0.00011402078350731089,-0.00041888787126165283
2023-05-24,-0.012914056515596826,-0.012914056515596826,-0.0030134541938550696,-0.008953815586900123,-0.012914056515596826,-0.01112632656927294,-0.012914056515596826
2023-05-25,-0.0001384895475544163,-0.0001384895475544163,-0.0034509010478314395,-0.0014634541476652256,-0.0001384895475544163,-0.0006291174761607882,-0.0001384895475544163
2023-05-26,0.011668749968030086,0.011668749968030086,0.00339584834152859,0.008359589317429488,0.011668749968030086,0.010500823947744996,0.011668749968030086
2023-05-27,0.0007674314495709459,0.0007674314495709459,0.0,0.0004604588697425675,0.0007674314495709459,0.0006474062657731342,0.0007674314495709459
2023-05-28,0.009875945902903983,0.009875945902903983,0.0,0.005925567541742389,0.009875945902903983,0.008332745795793,0.009875945902903983
2023-05-29,-0.0023812363728541574,-0.0023812363728541574,0.0,-0.0014287418237124943,-0.0023812363728541574,-0.0019880297293465264,-0.0023812363728541574
2023-05-30,-0.003997573487309348,-0.003997573487309348,0.005743235918410916,-0.00010124972502124257,-0.003997573487309348,-0.002382041318964762,0.005743235918410916
2023-05-31,-0.00964252940688786,-0.00964252940688786,0.003948428082873767,-0.004206146410983209,-0.00964252940688786,-0.007389971009997952,-0.00964252940688786
2023-06-01,0.0060595779489593694,0.0060595779489593694,0.0006794349266713018,0.003907520740044142,0.0060595779489593694,0.005248063878319584,0.0060595779489593694
2023-06-02,0.019906094848424278,0.019906094848424278,-0.0057612141546484474,0.009639171247195186,0.019906094848424278,0.015979195103782904,0.019906094848424278
2023-06-03,-0.0015761444643111158,-0.0015761444643111158,0.0,-0.0009456866785866694,-0.0015761444643111158,-0.0012969941626337035,-0.0015761444643111158
2023-06-04,6.881749900575527e-05,6.881749900575527e-05,0.0,4.129049940345316e-05,6.881749900575527e-05,5.6611509472210354e-05,6.881749900575527e-05
2023-06-05,-0.014262330338487388,-0.014262330338487388,0.0005248979877314763,-0.008347439007999842,-0.014262330338487388,-0.01164745551251199,-0.014262330338487388
2023-06-06,0.017015057185797728,0.017015057185797728,0.0026909570864255272,0.011285417146048847,0.017015057185797728,0.01422021600479302,0.017015057185797728
2023-06-07,-0.002454072841055909,-0.002454072841055909,-0.008449479372083818,-0.004852235453467073,-0.002454072841055909,-0.003796705470212137,-0.002454072841055909
2023-06-08,0.003370074618567235,0.003370074618567235,0.005899464251921144,0.004381830471908798,0.003370074618567235,0.0039381380199975165,0.003370074618567235
2023-06-09,-0.002878800765727083,-0.002878800765727083,-0.0011208242826944437,-0.002175610172514027,-0.002878800765727083,-0.0024831084576440567,-0.002878800765727083
2023-06-10,-0.00794356265106756,-0.00794356265106756,0.0,-0.004766137590640536,-0.00794356265106756,-0.006149336531824235,-0.00794356265106756
2023-06-11,0.0004475605817853248,0.0004475605817853248,0.0,0.00026853634907119485,0.0004475605817853248,0.000343782629243226,0.0004475605817853248
2023-06-12,0.0004194913552738476,0.0004194913552738476,0.0010165613704192777,0.0006583193613320196,0.0004194913552738476,0.000557713482607137,0.0004194913552738476
2023-06-13,0.006486624051188556,0.006486624051188556,-0.006878399127185131,0.0011406147798390808,0.006486624051188556,0.003540776784347527,0.006486624051188556
2023-06-14,-0.009380841149410846,-0.009380841149410846,0.0012440644261358658,-0.005130878919192161,-0.009380841149410846,-0.007010092960618461,-0.009380841149410846
2023-06-15,0.011954368284257456,0.011954368284257456,0.00468595218305351,0.009047001843775878,0.011954368284257456,0.010274320541287896,0.011954368284257456
2023-06-16,0.0056125699295516635,0.0056125699295516635,-0.0019902285762246064,0.0025714505272411555,0.0056125699295516635,0.003877425809973374,0.0056125699295516635
2023-06-17,0.0014551167248054349,0.0014551167248054349,0.0,0.0008730700348832609,0.0014551167248054349,0.0011190392454400058,0.0014551167248054349
2023-06-18,-0.0011574946257767449,-0.0011574946257767449,0.0,-0.0006944967754660469,-0.0011574946257767449,-0.0008899767988993052,-0.0011574946257767449
2023-06-19,0.003275095735853384,0.003275095735853384,0.0,0.00196505744151203,0.003275095735853384,0.0025186303820846235,0.003275095735853384
2023-06-20,0.0021121460368872646,0.0021121460368872646,0.0006012926572160071,0.0015078046850187615,0.0021121460368872646,0.0017629039053824892,0.0021121460368872646
2023-06-21,0.012458864250147096,0.012458864250147096,-0.0006763215431443426,0.00720478993283052,0.012458864250147096,0.009458119585733607,0.012458864250147096
2023-06-22,-0.0064418504873149,-0.0064418504873149,-0.006021065815129456,-0.006273536618440723,-0.0064418504873149,-0.0063502326617011174,-0.0064418504873149
2023-06-23,-0.00477937220176752,-0.00477937220176752,0.0055457496350858615,-0.0006493234670261671,-0.00477937220176752,-0.002537867644756384,-0.00477937220176752
2023-06-24,-0.0015175888027324997,-0.0015175888027324997,0.0,-0.0009105532816394997,-0.0015175888027324997,-0.0011975858674857821,0.0
2023-06-25,0.0011989526151627726,0.0011989526151627726,0.0,0.0007193715690976635,0.0011989526151627726,0.0009470136306008692,0.0
2023-06-26,-0.00014826879260127553,-0.00014826879260127553,0.0010543056737124246,0.00033276099392420453,-0.00014826879260127553,0.00010405123220514449,-0.00014826879260127553
2023-06-27,0.008872886958572345,0.008872886958572345,-0.0032920251629742214,0.0040069221099537184,0.008872886958572345,0.006320459361484617,0.008872886958572345
2023-06-28,-0.003971043377918216,-0.003971043377918216,0.002644941522144395,-0.0013246494178931717,-0.003971043377918216,-0.0025875532427265973,-0.003971043377918216
2023-06-29,0.006712108081352623,0.006712108081352623,-0.006289993548131256,0.0015112674295590712,0.006712108081352623,0.004003296991752831,0.006712108081352623
2023-06-30,0.012162813756145018,0.012162813756145018,0.0041066198275511445,0.008940336184707468,0.012162813756145018,0.01070591324209244,0.012162813756145018
2023-07-01,-8.428332405040361e-05,-8.428332405040361e-05,0.0,-5.056999443024216e-05,-8.428332405040361e-05,-6.800572199336334e-05,-8.428332405040361e-05
2023-07-02,0.0008546445219945495,0.0008546445219945495,0.0,0.0005127867131967296,0.0008546445219945495,0.0006895492318448033,0.0008546445219945495
2023-07-03,0.004815991832987581,0.004815991832987581,-0.0019570514664618566,0.002106774513207806,0.004815991832987581,0.0035116074097599047,0.004815991832987581
2023-07-04,-0.0024168443408912393,-0.0024168443408912393,0.0,-0.0014501066045347435,-0.0024168443408912393,-0.0019802320710223965,-0.0024168443408912393
2023-07-05,-0.004642596206325678,-0.004642596206325678,-0.003312539523145558,-0.00411057353305363,-0.004642596206325678,-0.00441929209839256,-0.004642596206325678
2023-07-06,-0.014836270029777967,-0.014836270029777967,-0.006936203108178524,-0.01167624326113819,-0.014836270029777967,-0.01348656049114792,-0.014836270029777967
2023-07-07,0.0073522496182932585,0.0073522496182932585,-0.0020536497637168305,0.003589889865489223,0.0073522496182932585,0.005521148585380593,0.0073522496182932585
2023-07-08,-0.000482822057658705,-0.000482822057658705,0.0,-0.000289693234595223,-0.000482822057658705,-0.00042257058856631053,-0.000482822057658705
2023-07-09,-0.0005956184599965978,-0.0005956184599965978,0.0,-0.0003573710759979587,-0.0005956184599965978,-0.0005267134597320862,-0.0005956184599965978
2023-07-10,0.006060108868743062,0.006060108868743062,0.0011989382824058592,0.00411564063420818,0.006060108868743062,0.005507269537642579,0.006060108868743062
2023-07-11,0.009352325058231161,0.009352325058231161,0.0021265759033758103,0.006462025396289021,0.009352325058231161,0.008528226408854136,0.009352325058231161
2023-07-12,0.0068689939765666196,0.0068689939765666196,0.005671361234966532,0.006389940879926584,0.0068689939765666196,0.0067220561922323565,0.0068689939765666196
2023-07-13,0.019236830931685673,0.019236830931685673,0.0031745586085629163,0.01281192200243657,0.019236830931685673,0.017191318217218005,0.019236830931685673
2023-07-14,-0.013458090532124248,-0.013458090532124248,-0.0030524119105715952,-0.009295819083503187,-0.013458090532124248,-0.011892792942761472,-0.013458090532124248
2023-07-15,-0.0005916469243751394,-0.0005916469243751394,0.0,-0.0003549881546250836,-0.0005916469243751394,-0.0004877242681190702,-0.0005916469243751394
2023-07-16,-0.0009395246503869988,-0.0006190052974380923,0.0,-0.0003714031784628554,-0.0006190052974380923,-0.0005103430247693952,-0.0006190052974380923
2023-07-17,-0.00010324275936679096,-0.0004308452918535914,0.0004453065437303172,-8.038455762002792e-05,-0.0004308452918535914,-0.00027667913777420383,-0.0004308452918535914
2023-07-18,0.004017289323713307,0.003925937255340751,0.004464575898331213,0.004141392712536936,0.003925937255340751,0.00401889162900452,0.003925937255340751
2023-07-19,0.002922280340355377,0.0028531463039169758,0.00471318411631011,0.0035971614288742293,0.0028531463039169758,0.0031461058886254863,0.0028531463039169758
2023-07-20,-0.004093438952460949,-0.003906931015953013,-0.004840164518488288,-0.004280224416967123,-0.003906931015953013,-0.004041040157905284,-0.003906931015953013
2023-07-21,0.002144986679644788,0.002144986679644788,0.0002325168282779344,0.0013799987390980466,0.002144986679644788,0.0018645239689329485,0.002144986679644788
2023-07-22,-0.0021041439878224256,-0.0021041439878224256,0.0,-0.0012624863926934554,-0.0021041439878224256,-0.0017953780869985842,-0.0021041439878224256
2023-07-23,0.002613716524472867,0.002613716524472867,0.0,0.00156822991468372,0.002613716524472867,0.002226523971482018,0.002613716524472867
2023-07-24,-0.00028802429816742066,-0.00028802429816742066,-0.0016816783519279233,-0.0008454859196716217,-0.00028802429816742066,-0.0004923251541593067,-0.00028802429816742066
2023-07-25,0.002021204562268508,0.002021204562268508,0.00018827688645292606,0.0012880334919422754,0.002021204562268508,0.001752942953801445,0.002021204562268508
2023-07-26,0.0021727208831722068,0.0021727208831722068,0.0016125079289311395,0.0019486357014757798,0.0021727208831722068,0.0020908849911432576,0.0021727208831722068
2023-07-27,-0.007331785620949962,-0.007331785620949962,-0.009189765678536355,-0.008074977643984519,-0.007331785620949962,-0.0075529563926548735,-0.007331785620949962
2023-07-28,0.007546828528384151,0.007546828528384151,0.003738032371048361,0.006023310065449835,0.007546828528384151,0.007054629740915553,0.007546828528384151
2023-07-29,-6.352905171479379e-06,0.0005175701084653767,0.0,0.00031054206507922605,0.0005175701084653767,0.00045548268851542897,0.0005175701084653767
2023-07-30,-0.0007543464475342113,-0.0014562782687022047,0.0,-0.0008737669612213228,-0.0014562782687022047,-0.001281514946395139,-0.0014562782687022047
2023-07-31,0.002756023840934003,0.00437341961108247,0.0020321219417995806,0.003436900543369314,0.00437341961108247,0.004114662665618923,0.0020321219417995806
2023-08-01,-0.0036271761743858436,-0.001131197798184738,-0.006997038528109262,-0.003477534090154548,-0.001131197798184738,-0.0017771833688400428,-0.006997038528109262
2023-08-02,-0.009432964486426795,-0.01523650372426355,-0.003484599094855184,-0.010535741872500204,-0.01523650372426355,-0.013979547243407513,-0.01523650372426355
2023-08-03,-0.0030609663982042123,-0.000280703372022474,-0.007874108919123601,-0.003318065590862925,-0.000280703372022474,-0.0012552306174525845,-0.000280703372022474
2023-08-04,0.004013167302424625,-0.0023512973684428123,0.0067601737388224,0.0012932910744632728,-0.0023512973684428123,-0.001208993799555348,-0.0023512973684428123
2023-08-05,-5.233173014534162e-05,0.00032010786089890314,0.0,0.00019206471653934187,0.00032010786089890314,0.0002965389998266618,0.0
2023-08-06,-0.0006708910567767848,-0.0004567412631166655,0.0,-0.00027404475786999927,-0.0004567412631166655,-0.000423504227056205,-0.0004567412631166655
2023-08-07,0.004761962541968093,0.004988153018158569,-0.003457418554773939,0.0016099243889855655,0.004988153018158569,0.004372167258093722,0.004988153018158569
2023-08-08,0.0008846953370241403,0.0008846953370241403,0.0037317272251292666,0.0020235080922661906,0.0008846953370241403,0.0009876226720526996,0.0008846953370241403
2023-08-09,-0.000997892829717274,-0.0015585402985103247,0.0004364115475167796,-0.0007605595600994829,-0.0015585402985103247,-0.0015585402985103247,-0.0015585402985103247
2023-08-10,-0.002760229357324829,-0.0015049711933647532,-0.005857376141786663,-0.0032459331727335175,-0.0015049711933647532,-0.0015049711933647532,-0.0015049711933647532
2023-08-11,-0.0004275873663922252,-5.130479020707155e-06,-0.001370192204656867,-0.0005511551692751711,-5.130479020707155e-06,-5.130479020707155e-06,-0.001370192204656867
2023-08-12,-9.069433167472688e-05,0.00017517868419828866,0.0,0.0001051072105189732,0.00017517868419828866,0.00017517868419828866,0.00017517868419828866
2023-08-13,-0.001080072688881242,-0.001080072688881242,0.0,-0.0006480436133287452,-0.001080072688881242,-0.001080072688881242,-0.001080072688881242
2023-08-14,0.0001991364418874412,0.0001991364418874412,-0.0008338576463262914,-0.00021406119339805187,0.0001991364418874412,0.0001991364418874412,0.0001991364418874412
2023-08-15,-0.012140405046291066,-0.012140405046291066,-0.002579041956131206,-0.008315859810227122,-0.012140405046291066,-0.012140405046291066,-0.012140405046291066
2023-08-16,-0.010134572487034706,-0.010134572487034706,-0.003662216609448793,-0.0075456301360003405,-0.010134572487034706,-0.010134572487034706,-0.010134572487034706
2023-08-17,-0.0187598787120393,-0.0187598787120393,-0.00185814785038102,-0.011999186367375987,-0.0187598787120393,-0.0187598787120393,-0.0187598787120393
2023-08-18,-0.0013921639248726247,-0.0013921639248726247,0.001849727355898112,-9.540741256432997e-05,-0.0013921639248726247,-0.0012573544549025425,0.001849727355898112
2023-08-19,0.0007693882928582566,0.0007693882928582566,0.0,0.00046163297571495394,0.0007693882928582566,0.0007413815602738637,0.0007693882928582566
2023-08-20,0.0014212029047454432,0.0014212029047454432,0.0,0.0008527217428472659,0.0014212029047454432,0.0013698642565169086,0.0014212029047454432
2023-08-21,-0.0006717606730893092,-0.0006717606730893092,-0.00445804946580991,-0.00218627619017755,-0.0006717606730893092,-0.0008089555246751956,-0.0006717606730893092
2023-08-22,-0.004104264626151778,-0.004104264626151778,0.0033082099141631405,-0.0011392748100258103,-0.004104264626151778,-0.003849546711981669,-0.004104264626151778
2023-08-23,0.01187747500995938,0.01187747500995938,0.010582046058908778,0.01135930342953914,0.01187747500995938,0.011830263437338324,0.01187747500995938
2023-08-24,-0.01048210577334479,-0.01048210577334479,-0.0006341872641217883,-0.006542938369655589,-0.01048210577334479,-0.010148912610260671,-0.0006341872641217883
2023-08-25,0.004171468707510419,0.004171468707510419,0.0007584281418821504,0.0028062524812591115,0.004171468707510419,0.0040148541559411124,0.0007584281418821504
2023-08-26,-0.0006127937847181489,-0.0006127937847181489,0.0,-0.00036767627083088934,-0.0006127937847181489,-0.0005850117744452485,-0.0006127937847181489
2023-08-27,0.0011033516210998931,0.0011033516210998931,0.0,0.0006620109726599359,0.0011033516210998931,0.0010536873603432116,0.0011033516210998931
2023-08-28,0.005042869643576747,0.005042869643576747,0.0012432521866408974,0.003523022660802407,0.005042869643576747,0.004871994437230352,0.005042869643576747
2023-08-29,0.021115493032273645,0.021115493032273645,0.005440187477198183,0.01484537081024346,0.021115493032273645,0.02034039992855583,0.021115493032273645
2023-08-30,-0.0007778511351510407,-0.0007778511351510407,-9.463375248455752e-05,-0.0005045641820844474,-0.0007778511351510407,-0.0007045914728883921,-0.0007778511351510407
2023-08-31,-0.008936608704692475,-0.010179514846961212,0.0024209424808803726,-0.005139331915824578,-0.010179514846961212,-0.008859136628798855,-0.010179514846961212
2023-09-01,0.0032953318515430504,0.0034024747086859072,-0.003740137174637559,0.0005454299553565205,0.0034024747086859072,0.0025888459727671296,0.0034024747086859072
2023-09-02,0.0008754450456857447,0.0008754450456857447,0.0,0.0005252670274114468,0.0008754450456857447,0.0007933012697139435,0.0008754450456857447
2023-09-03,0.00037120470195290474,0.00037120470195290474,0.0,0.00022272282117174284,0.00037120470195290474,0.00033631889981972736,0.0
2023-09-04,-0.001111240954023201,-0.001111240954023201,0.0,-0.0006667445724139206,-0.001111240954023201,-0.0010069247079188648,-0.001111240954023201
2023-09-05,-0.0036805895389990673,-0.0036805895389990673,-0.005772223660339748,-0.0045172431875353395,-0.0036805895389990673,-0.0038693292203975695,-0.005772223660339748
2023-09-06,-0.002502178912401392,-0.002502178912401392,-0.0010755607198871253,-0.0019315316353956855,-0.002502178912401392,-0.002371890557552126,-0.002502178912401392
2023-09-07,0.0009389100054876007,0.0009389100054876007,0.002417852212769689,0.0015304868884004359,0.0009389100054876007,0.0010707244994421186,0.0009389100054876007
2023-09-08,-0.0014111182986536156,-0.0014111182986536156,0.0013509943856384599,-0.00030627322493678537,-0.0014111182986536156,-0.0012623397429338992,-0.0014111182986536156
2023-09-09,-0.00010903449690380373,-0.00010903449690380373,0.0,-6.542069814228223e-05,-0.00010903449690380373,-0.0001041586100623508,-0.00010903449690380373
2023-09-10,-0.0015180328021172393,-0.0015180328021172393,0.0,-0.0009108196812703435,-0.0015180328021172393,-0.0014501908531229023,-0.0015180328021172393
2023-09-11,-0.004683825904210102,-0.004683825904210102,-0.0029591753147170385,-0.003993965668412877,-0.004683825904210102,-0.004606204447817598,-0.004683825904210102
2023-09-12,0.006439225783963942,0.006439225783963942,0.0009281167761484854,0.004234782180837759,0.006439225783963942,0.006209501519093761,0.0009281167761484854
2023-09-13,0.0005644046529286801,0.0005644046529286801,-0.00016536558816132585,0.0002724965564926777,0.0005644046529286801,0.000540293914444021,0.0005644046529286801
2023-09-14,0.011758635419652929,0.011758635419652929,-0.0007003982843799272,0.006775021938039786,0.011758635419652929,0.011466509515675113,0.011758635419652929
2023-09-15,-0.005647546361292388,-0.005647546361292388,-0.0008188288301799462,-0.0037160593488474118,-0.005647546361292388,-0.005647546361292388,-0.0008188288301799462
2023-09-16,-0.0006031874682197458,-0.0006031874682197458,0.0,-0.00036191248093184745,-0.0006031874682197458,-0.0006031874682197458,-0.0006031874682197458
2023-09-17,-0.0009800471813313535,-0.0009800471813313535,0.0,-0.0005880283087988121,-0.0009800471813313535,-0.0009800471813313535,-0.0009800471813313535
2023-09-18,0.0008711510073006931,0.0008711510073006931,0.0027139968836107364,0.0016082893578247106,0.0008711510073006931,0.0008711510073006931,0.0008711510073006931
2023-09-19,5.4351234408691854e-05,5.4351234408691854e-05,-0.002823947040858338,-0.0010969680756981201,5.4351234408691854e-05,5.4351234408691854e-05,5.4351234408691854e-05
2023-09-20,-0.007572583483770212,-0.007572583483770212,0.001199361857076836,-0.004063805347431393,-0.007572583483770212,-0.007572583483770212,-0.007572583483770212
2023-09-21,-0.018052669878219543,-0.018052669878219543,-0.00992023287138663,-0.01479969507548638,-0.018052669878219543,-0.018052669878219543,-0.00992023287138663
2023-09-22,-0.0002766419648508631,-0.0002766419648508631,0.004383989123694976,0.0015876104705674725,-0.0002766419648508631,-0.00023001266796911218,0.004383989123694976
2023-09-23,4.036591129302152e-05,4.036591129302152e-05,0.0,2.4219546775812913e-05,4.036591129302152e-05,4.003152790037611e-05,4.036591129302152e-05
2023-09-24,-0.0022549949146132287,-0.0022549949146132287,0.0,-0.0013529969487679372,-0.0022549949146132287,-0.0022366339998417077,-0.0022549949146132287
2023-09-25,0.002465643840553897,0.002465643840553897,-0.008347780452390346,-0.001859725876623801,0.002465643840553897,0.0023999355633416756,0.002465643840553897
2023-09-26,-0.008949587950987596,-0.008949587950987596,-0.002189378037638634,-0.0062455039856480115,-0.008949587950987596,-0.008893753666670633,-0.008949587950987596
2023-09-27,0.004632791811200897,0.004632791811200897,-0.004325773051266163,0.0010493658662140727,-0.005325773051266163,0.004463146988642831,0.004632791811200897
2023-09-28,0.01121248292007103,0.01121248292007103,-0.0011405624196897113,0.006271264784166734,-0.0011405624196897113,0.010927109118428719,-0.0011405624196897113
2023-09-29,-0.003580539168215164,-0.003580539168215164,-0.002317667300602788,-0.0030753904211702136,-0.004580539168215164,-0.0035271573103337053,-0.003580539168215164
2023-09-30,0.0004463852586642996,0.0004463852586642996,0.0,0.00026783115519857974,0.0004463852586642996,0.0004325600515894038,0.0004463852586642996
2023-10-01,0.008350696442540433,0.008350696442540433,0.0,0.0050104178655242596,0.008350696442540433,0.00809236695391389,0.008350696442540433
2023-10-02,-0.013819638424485378,-0.013819638424485378,-0.0069037628063050305,-0.011053288177213239,-0.013819638424485378,-0.013501076835430045,-0.013819638424485378
2023-10-03,-0.010306718688081936,-0.010306718688081936,-0.007918782936927216,-0.009351544387620047,-0.008918782936927216,-0.01014013875533306,-0.010306718688081936
2023-10-04,-0.0017651159141268075,-0.0017651159141268075,0.004332831440758328,0.0006740630278272469,0.004332831440758328,-0.0012571302205142704,0.004332831440758328
2023-10-05,-0.0031078422958153644,-0.004011296880619063,-0.002070509461732567,-0.0032349819130644644,-0.002070509461732567,-0.003913736768956334,-0.004011296880619063
2023-10-06,-0.0017100981671954588,0.011384451154024101,-0.003706914877991241,0.005347904741217964,-0.003706914877991241,0.010603325693603963,0.011384451154024101
2023-10-07,-0.0003598640963300299,-0.0006758100303355663,0.0,-0.0004054860182013398,-0.0016758100303355663,-0.0006240388910983154,-0.0006758100303355663
2023-10-08,-0.00018644081774844468,-0.00019951674493165792,0.0,-0.00011971004695899475,-0.00019951674493165792,-0.0001842730556065443,-0.00019951674493165792
2023-10-09,0.010547933545072741,0.003945215636011936,0.013571684071510937,0.007795803010211537,0.003945215636011936,0.0046810975976059955,0.003945215636011936
2023-10-10,0.00023432800088937116,0.002748900144437775,-0.0018469437939417355,0.0009105625690859707,0.002748900144437775,0.0024057243559863183,0.002748900144437775
2023-10-11,0.0005869515517315389,-0.0008187068469422348,0.00842014243956396,0.0028768328676602433,-0.0008187068469422348,-0.00011424559048308432,-0.0008187068469422348
2023-10-12,-0.0085974838544249,-0.008410975917916964,-0.007840357772653794,-0.008182728659811695,-0.008410975917916964,-0.008367518986488876,-0.008410975917916964
2023-10-13,0.0025385127544408238,0.0025385127544408238,0.014276626375905377,0.007233758203026646,0.0025385127544408238,0.003537671789820916,0.014276626375905377
2023-10-14,-0.0004171513373099655,0.00022398219164907227,0.0,0.00013438931498944336,0.00022398219164907227,0.00020453647966298588,0.0
2023-10-15,0.000794354619062941,0.0014333911567776278,0.0,0.0008600346940665766,0.0014333911567776278,0.0013089238415996403,0.0014333911567776278
2023-10-16,0.014453284558939862,0.015334141202789161,-0.007805269404357079,0.006078376959930665,0.015334141202789161,0.013306535023685027,-0.007805269404357079
2023-10-17,-0.000621313759490091,-0.0005935359817123133,-0.004660923452931537,-0.0022204909702000027,-0.0005935359817123133,-0.0011011106049354925,-0.0005935359817123133
2023-10-18,-0.007271122017902648,-0.00798304756640168,0.0011717359891327273,-0.004321134144187918,-0.00798304756640168,-0.007015443062128967,-0.00798304756640168
2023-10-19,-0.00473301432538251,-0.0046457127380809225,-0.004032365479971101,-0.004400373834836994,-0.005032365479971101,-0.0045842452069793605,-0.0046457127380809225
2023-10-20,-0.0021832305991260795,-0.002532700310657073,0.003647674236743559,-6.055049169682012e-05,0.003647674236743559,-0.0022349622826739655,-0.002532700310657073
2023-10-21,0.002519906045047612,0.0025873663625079293,0.0,0.0015524198175047574,0.0,0.0024608476756920825,0.0025873663625079293
2023-10-22,0.0026075363765377547,0.0026075363765377547,0.0,0.0015645218259226527,0.0,0.0024770156818634268,0.0026075363765377547
2023-10-23,0.013956040232222015,0.013956040232222015,0.0020759019396812683,0.009203984915205717,0.0020759019396812683,0.013350909872358223,0.013956040232222015
2023-10-24,0.006119530536907145,0.006119530536907145,0.005143320352246766,0.0057290464630429935,0.005143320352246766,0.006038534146938803,0.005143320352246766
2023-10-25,-0.006571251375802969,-0.006571251375802969,-0.006036660349633655,-0.006357414965335243,-0.006036660349633655,-0.006525522602414292,-0.006571251375802969
2023-10-26,-0.0037216913873604363,-0.0037216913873604363,0.006718366535914733,0.0004543317819496319,0.006718366535914733,-0.002982930055639773,-0.0037216913873604363
2023-10-27,-0.006852940383394642,-0.006852940383394642,0.0019011748880144452,-0.0033512942748310072,0.0019011748880144452,-0.0063750192272571055,-0.006852940383394642
2023-10-28,0.0003751352165691286,0.0003751352165691286,0.0,0.00022508112994147714,0.0,0.0003527512214134602,0.0003751352165691286
2023-10-29,0.002646922319767326,0.002646922319767326,0.0,0.0015881533918603954,0.0,0.0024890266878529552,0.002646922319767326
2023-10-30,0.004689504157252222,0.004689504157252222,-0.004369666659193139,0.0010658358306740777,-0.004369666659193139,0.004140022724992939,0.004689504157252222
2023-10-31,0.0053638020995797,0.0053638020995797,-0.0016061588086643541,0.002575817736282078,-0.0016061588086643541,0.004945115375498775,0.0053638020995797
2023-11-01,0.009740435721978667,0.009740435721978667,0.007595620333534947,0.00888250956660118,0.007595620333534947,0.009740435721978667,0.009740435721978667
2023-11-02,0.013204113893725382,0.013204113893725382,0.006831013071079695,0.010654873564667107,0.006831013071079695,0.013203049707712218,0.013204113893725382
2023-11-03,0.00880324218687699,0.00880324218687699,0.0021870416105946866,0.006156761956364069,0.0021870416105946866,0.008712714318956817,0.00880324218687699
2023-11-04,0.002629004581751736,0.002629004581751736,0.0,0.0015774027490510416,0.001629004581751736,0.002561424122167297,0.002629004581751736
2023-11-05,0.002076652283317684,0.002076652283317684,0.0,0.0012459913699906103,0.002076652283317684,0.0020213473737455702,0.002076652283317684
2023-11-06,-0.0033522667078902143,-0.0033522667078902143,-0.005565976160689573,-0.004237750489009958,-0.0033522667078902143,-0.0034124251186136013,-0.0033522667078902143
2023-11-07,-0.004852250921464673,-0.004852250921464673,0.004921687156701132,-0.0009426756901983508,-0.004852250921464673,-0.004565398189127275,-0.004852250921464673
2023-11-08,-0.002705354477752787,-0.002705354477752787,0.0026921684295967974,-0.0005463453148129532,-0.002705354477752787,-0.002536145724564013,-0.002705354477752787
2023-11-09,0.011009345400723835,0.011009345400723835,-0.006134579407674451,0.004151775477364519,0.011009345400723835,0.010468120302603022,0.011009345400723835
2023-11-10,0.008461684754438599,0.008461684754438599,-0.001220393510206197,0.004588853448580681,0.008461684754438599,0.007961909560756148,0.008461684754438599
2023-11-11,-0.0018911968126171673,-0.0018911968126171673,0.0,-0.0011347180875703002,-0.0018911968126171673,-0.001774728021107356,-0.0018911968126171673
2023-11-12,-0.0006573324345202512,-0.0006573324345202512,0.0,-0.0003943994607121507,-0.0006573324345202512,-0.0006162098478588116,-0.0006573324345202512
2023-11-13,0.00025915552033338603,0.00025915552033338603,0.00035221811339483655,0.0002963805575579662,0.00025915552033338603,0.0002649315515428608,0.00025915552033338603
2023-11-14,0.013407143067800541,0.013407143067800541,0.00771224136886009,0.01112918238822436,0.013407143067800541,0.013081104746899604,0.013407143067800541
2023-11-15,0.011615949397458592,0.011615949397458592,-0.005175891206206901,0.004899213155992396,0.011615949397458592,0.010301812385254003,0.011615949397458592
2023-11-16,-0.017142057342100663,-0.017142057342100663,0.007977574489885342,-0.00709420460930626,-0.017142057342100663,-0.014731395292001789,-0.017142057342100663
2023-11-17,0.008418603585334552,0.008418603585334552,-5.130666545541396e-05,0.005030639485018566,0.008418603585334552,0.0073635859498084304,0.008418603585334552
2023-11-18,8.020891355515264e-05,8.020891355515264e-05,0.0,4.8125348133091586e-05,8.020891355515264e-05,6.99922999885986e-05,8.020891355515264e-05
2023-11-19,0.005257334488560892,0.005257334488560892,0.0,0.003154400693136535,0.005257334488560892,0.004588678003287793,0.005257334488560892
2023-11-20,0.006404822815367448,0.006404822815367448,0.000702143222490903,0.00412375097821683,0.006404822815367448,0.005666899566874851,0.006404822815367448
2023-11-21,-0.012749054725372515,-0.012749054725372515,0.0031696044852513316,-0.0063815910411229755,-0.012749054725372515,-0.010625271121698416,-0.012749054725372515
2023-11-22,0.013708497144793608,0.013708497144793608,0.0005921025249050471,0.008461939296838182,0.013708497144793608,0.01165150877199128,0.013708497144793608
2023-11-23,-0.0006280946026498837,-0.000542828487159857,0.0,-0.0003256970922959142,-0.000542828487159857,-0.0004517794084235359,-0.000542828487159857
2023-11-24,0.0015011721836952943,0.003858504998952893,-0.004044937632226492,0.000697127946481139,0.003858504998952893,0.0029033786421007357,0.003858504998952893
2023-11-25,0.00015427608682334478,0.00039947903778503324,0.0,0.00023968742267101994,0.00039947903778503324,0.00035102534304622937,0.00039947903778503324
2023-11-26,-0.0021275064615685307,-0.0020600461441082135,0.0,-0.001236027686464928,-0.0020600461441082135,-0.0018104272679714747,-0.0020600461441082135
2023-11-27,-0.004378745014448743,-0.004378745014448743,0.0072435423859532055,0.00027016994571203625,-0.004378745014448743,-0.0029727063817111933,-0.004378745014448743
2023-11-28,0.005037441620128511,0.005037441620128511,0.0040708391638742125,0.004650800637626792,0.005037441620128511,0.004916250277876405,0.005037441620128511
2023-11-29,0.00038622625697031724,0.00038622625697031724,0.005082617502131459,0.002264782755034774,0.00038622625697031724,0.0009128821483335966,0.00038622625697031724
2023-11-30,0.000974457590717015,0.000974457590717015,-0.003349540241886856,-0.0007551415423245335,0.000974457590717015,0.0004947192578708598,-0.003349540241886856
2023-12-01,0.012934464054202423,0.012934464054202423,0.010616883455860121,0.012007431814865502,0.012934464054202423,0.012709831728680796,0.012934464054202423
2023-12-02,0.0064443241432128075,0.0064443241432128075,0.0,0.0038665944859276845,0.0064443241432128075,0.00571981763366857,0.0064443241432128075
2023-12-03,0.0028490040059733334,0.0028490040059733334,0.0,0.001709402403584,0.0028490040059733334,0.0025199701005532834,0.0028490040059733334
2023-12-04,0.006334027321524179,0.006334027321524179,-0.006321815058882824,0.0012716903693613772,0.006334027321524179,0.004950725074664813,0.006334027321524179
2023-12-05,0.002772404438003479,0.002772404438003479,0.007126034238652601,0.004513856358263128,0.002772404438003479,0.003101735789509368,0.007126034238652601
2023-12-06,-0.009497365051168124,-0.009497365051168124,0.005879451922640222,-0.0033466382616447856,-0.009497365051168124,-0.008723334904385448,0.005879451922640222
2023-12-07,0.008609807700723122,0.008609807700723122,-0.0027466641926264246,0.004067218943383304,0.008609807700723122,0.007810346070757012,0.008609807700723122
2023-12-08,0.0059519032982559995,0.0059519032982559995,-0.00605655064756519,0.0011485217199275234,0.0059519032982559995,0.0050968422795127305,-0.00605655064756519
2023-12-09,-0.0019355007551854733,-0.0019355007551854733,0.0,-0.001161300453111284,-0.0019355007551854733,-0.0018203923563903665,-0.0019355007551854733
2023-12-10,0.0006721862233776626,0.0006721862233776626,0.0,0.00040331173402659754,0.0006721862233776626,0.0006312349830197702,0.0006721862233776626
2023-12-11,-0.0105352015516357,-0.0105352015516357,-0.0029236878675134303,-0.007490596077986792,-0.0105352015516357,-0.010075663730224588,-0.0105352015516357
2023-12-12,-0.0023812357334257583,-0.0023812357334257583,0.000460012695269435,-0.0012447363619476808,-0.0023812357334257583,-0.0021391944789870302,-0.0023812357334257583
2023-12-13,0.0222252404155612,0.0222252404155612,0.013098908023546157,0.018574707458755182,0.0222252404155612,0.021423756305832323,0.0222252404155612
2023-12-14,0.01558642789367474,0.01558642789367474,0.0077330100790680145,0.01244506076783205,0.01558642789367474,0.014454456928974976,0.01558642789367474
2023-12-15,-0.0111120651915431,-0.0111120651915431,-0.0005785646319841076,-0.006898664967719503,-0.0111120651915431,-0.009515469984744092,-0.0111120651915431
2023-12-16,0.0004857330889626029,0.001202380814226917,0.0,0.0007214284885361502,0.001202380814226917,0.0009937913150984406,0.001202380814226917
2023-12-17,-0.003056627345072443,-0.003821897902350028,0.0,-0.002293138741410017,-0.003821897902350028,-0.003160268140134394,-0.003821897902350028
2023-12-18,0.007293553102454407,0.0075197435786448835,-0.0014390461942783428,0.003936227669475593,0.0075197435786448835,0.005931285666331074,0.0075197435786448835
2023-12-19,0.00446593014578161,0.00446593014578161,0.0024230994948763462,0.0036487978854195047,0.00446593014578161,0.0041380846218744835,0.00446593014578161
2023-12-20,-0.005294143762482162,-0.005294143762482162,0.002658865926227799,-0.0021129398869981775,-0.005294143762482162,-0.004020135909854478,-0.005294143762482162
2023-12-21,0.010107497056155336,0.010107497056155336,-0.0018491146528278046,0.005324852372562079,0.010107497056155336,0.008261570647013352,0.010107497056155336
2023-12-22,0.006731221227925182,0.006731221227925182,-0.00035432779054708763,0.003897001620536274,0.006731221227925182,0.005628260252224953,0.006731221227925182
2023-12-23,-0.0012029998922988927,-0.0014871997415173421,0.0,-0.0008923198449104052,-0.0014871997415173421,-0.0012572808415278786,-0.0014871997415173421
2023-12-24,-0.0011708507592797708,-0.00392391371290003,0.0,-0.002354348227740018,-0.00392391371290003,-0.003309226021733503,-0.00392391371290003
2023-12-25,0.0006939531569789196,0.0018790095644695014,0.0,0.0011274057386817008,0.0018790095644695014,0.0015752196168863362,0.0018790095644695014
2023-12-26,0.0014231601032841912,0.0011840591226099804,0.0022194226783697757,0.0015982045449138985,0.0011840591226099804,0.001334372439088103,0.0011840591226099804
2023-12-27,0.009900055705430528,0.010707993192971443,0.006220485478586724,0.008912990107217555,0.010707993192971443,0.010064449058637522,0.006220485478586724
2023-12-28,-0.006246224902700526,-0.0061192407757164,-0.0033883324992644015,-0.005026877465135601,-0.0061192407757164,-0.005730894285295532,-0.0061192407757164
2023-12-29,-0.008263881870400922,-0.008263881870400922,-0.0028052524681603797,-0.006080430109504705,-0.008263881870400922,-0.007463062029081249,-0.0028052524681603797
2023-12-30,-0.000264796137992154,-0.000264796137992154,0.0,-0.00015887768279529237,-0.000264796137992154,-0.00022501229543067197,-0.000264796137992154
2023-12-31,-0.00022816820434381737,-0.00022816820434381737,0.0,-0.0001369009226062904,-0.00022816820434381737,-0.00019380169199824623,-0.00022816820434381737
2024-01-01,0.00845138330733275,0.00845138330733275,0.0,0.005070829984399649,0.00845138330733275,0.007171343248597155,0.00845138330733275
2024-01-02,-0.0010038181760117072,-0.0010038181760117072,-0.000840789483161658,-0.0009386066988716875,-0.0010038181760117072,-0.0009784938479733575,-0.0010038181760117072
2024-01-03,-0.017360353334688675,-0.017360353334688675,0.000380794847154281,-0.010263894061951492,-0.017360353334688675,-0.01459923265695755,0.000380794847154281
2024-01-04,0.0027358119692202612,0.0027358119692202612,-0.0050539205478307425,-0.00038008103760014023,0.0027358119692202612,0.0012377012876101463,0.0027358119692202612
2024-01-05,0.0003350907370887181,0.0003350907370887181,-0.0032663553077776353,-0.0011054876808578235,0.0003350907370887181,-0.00030645919013994776,0.0003350907370887181
2024-01-06,-0.001759981472035969,-0.001759981472035969,0.0,-0.0010559888832215813,-0.001759981472035969,-0.0014563595379282431,-0.001759981472035969
2024-01-07,-0.001046257870393647,-0.001046257870393647,0.0,-0.0006277547222361882,-0.001046257870393647,-0.000864581508828533,-0.001046257870393647
2024-01-08,0.01892688825885718,0.01892688825885718,0.0008956207365327651,0.011714381249927415,0.01892688825885718,0.01578323165957182,0.01892688825885718
2024-01-09,-0.0050497130572724576,-0.0050497130572724576,-0.0007963508704487698,-0.0033483681825429825,-0.0050497130572724576,-0.004182164275698733,-0.0050497130572724576
2024-01-10,0.012856755215559425,0.012856755215559425,-0.0025839784643273134,0.00668046174360473,0.012856755215559425,0.00970311156302463,0.012856755215559425
2024-01-11,0.0003633147571677517,0.0003633147571677517,0.003415205599259008,0.0015840710940042543,0.0003633147571677517,0.0010165393788001567,0.0003633147571677517
2024-01-12,-0.009726738745826326,-0.009726738745826326,0.002908196384661693,-0.004672764693631118,-0.009726738745826326,-0.007122150619043834,-0.009726738745826326
2024-01-13,0.002266814490902849,0.002266814490902849,0.0,0.0013600886945417093,0.002266814490902849,0.001779846586942473,0.002266814490902849
2024-01-14,-0.007213272885685369,-0.007213272885685369,0.0,-0.004327963731411221,-0.007213272885685369,-0.0056722891158198585,0.0
2024-01-15,0.003660916965940459,0.003660916965940459,0.0,0.002196550179564275,0.003660916965940459,0.002852815357199557,0.003660916965940459
2024-01-16,-0.0030216242749725205,-0.0030216242749725205,-0.006615925557026808,-0.004459344787794236,-0.0030216242749725205,-0.0038158704124362916,-0.0030216242749725205
2024-01-17,-0.00980466399932372,-0.00980466399932372,-0.0037807346387636054,-0.007395092255099674,-0.00980466399932372,-0.00854546833732152,-0.00980466399932372
2024-01-18,-0.0024057153135124873,-0.0024057153135124873,-0.0005468510628468537,-0.001662169613246234,-0.0024057153135124873,-0.002014840546237475,-0.0024057153135124873
2024-01-19,0.00837261900723412,0.00837261900723412,0.0012127102453270144,0.0055086555024712784,0.00837261900723412,0.007112758790437729,0.00837261900723412
2024-01-20,-0.0007626375134047119,-0.0007626375134047119,0.0,-0.0004575825080428271,-0.0007626375134047119,-0.0006285004646209343,0.0
2024-01-21,-0.0010247686944562734,-0.0010247686944562734,0.0,-0.0006148612166737641,-0.0010247686944562734,-0.0008442137291110454,0.0
2024-01-22,-0.007296434517581613,-0.007296434517581613,0.0013972758055255663,-0.003818950388338741,-0.007296434517581613,-0.005776143181014574,0.0013972758055255663
2024-01-23,-0.0021963308737620807,-0.0021963308737620807,-0.0010047147726340855,-0.0017196844333108826,-0.0021963308737620807,-0.0019824706131500065,-0.0021963308737620807
2024-01-24,0.0019078163972606878,0.0019078163972606878,-0.004956596660994517,-0.0008379488260413942,0.0019078163972606878,0.0008191375810275276,-0.004956596660994517
2024-01-25,0.005559822913836869,0.005559822913836869,0.004430205310907653,0.005107975872665182,0.005559822913836869,0.005403428768090497,0.005559822913836869
2024-01-26,0.008416483494329687,0.008416483494329687,-0.00109917387414607,0.0046102205469393835,0.008416483494329687,0.00707572272803026,0.008416483494329687
2024-01-27,0.0008392187556953948,0.0008392187556953948,0.0,0.0005035312534172368,0.0008392187556953948,0.0007160001026354385,0.0008392187556953948
2024-01-28,-0.0007459177739479214,-0.0007459177739479214,0.0,-0.00044755066436875284,-0.0007459177739479214,-0.0006364362644720896,-0.0007459177739479214
2024-01-29,0.01051186749427218,0.01051186749427218,0.006144252778541526,0.008764821607979919,0.01051186749427218,0.009874438364739339,0.01051186749427218
2024-01-30,-0.0006134035086821212,-0.0006134035086821212,0.0027719360921736047,0.0007407323316601693,-0.0006134035086821212,-9.608512119658807e-05,0.0027719360921736047
2024-01-31,-0.015479233983210779,-0.015479233983210779,0.004990679404876186,-0.0072912686279759924,-0.015479233983210779,-0.012377433676169853,-0.015479233983210779
2024-02-01,0.008312566216465268,0.008312566216465268,0.007794833776517962,0.008105473240486345,0.008312566216465268,0.008217430481650677,0.008312566216465268
2024-02-02,-0.0004092433570891643,-0.0004092433570891643,-0.008881758178074434,-0.0037982492854832725,-0.0004092433570891643,-0.002014861625559985,-0.008881758178074434
2024-02-03,-0.0010758090168367681,-0.0010758090168367681,0.0,-0.0006454854101020608,-0.0010758090168367681,-0.0008887223361264488,-0.0010758090168367681
2024-02-04,-0.0013703533404643637,-0.0013703533404643637,0.0,-0.0008222120042786182,-0.0013703533404643637,-0.0011364134545817296,0.0
2024-02-05,-0.004055819575051547,-0.004055819575051547,-0.007517805261813365,-0.005440613849756274,-0.004055819575051547,-0.00464687380392273,-0.004055819575051547
2024-02-06,0.00869730573623917,0.00869730573623917,0.004385010970575032,0.0069723878299735136,0.00869730573623917,0.007966321607745411,0.00869730573623917
2024-02-07,0.007920412777929986,0.007920412777929986,-0.0019906159796490297,0.003956001274898379,0.007920412777929986,0.006171065422293326,0.007920412777929986
2024-02-08,0.006685906583533691,0.006685906583533691,-0.0022271847953084234,0.003120670031996845,0.006685906583533691,0.005168797365382397,0.006685906583533691
2024-02-09,0.01032344757691909,0.01032344757691909,-0.0021016170566441617,0.005353421723493789,0.01032344757691909,0.00824617832478941,0.01032344757691909
2024-02-10,0.0020832654153263913,0.0020832654153263913,0.0,0.0012499592491958347,0.0020832654153263913,0.0017197639687774433,0.0020832654153263913
2024-02-11,0.0014973496228634581,0.0014973496228634581,0.0,0.0008984097737180748,0.0014973496228634581,0.0012373510025345442,0.0014973496228634581
2024-02-12,0.013529229595610957,0.013529229595610957,0.00014603786767045102,0.008175952904434753,0.013529229595610957,0.011205251068129177,0.013529229595610957
2024-02-13,-0.014749747463115772,-0.014749747463115772,-0.008516959194003526,-0.012256632155470874,-0.014749747463115772,-0.013658281336518521,-0.014749747463115772
2024-02-14,0.01611913592130802,0.01611913592130802,0.0016159839775996832,0.010317875143824685,0.01611913592130802,0.013194156484351368,0.01611913592130802
2024-02-15,0.007012353325755726,0.013352023738449285,0.002690732176414412,0.009087507113635335,0.013352023738449285,0.011454986922372323,0.013352023738449285
2024-02-16,-0.003182940727859143,-0.0041949604515428346,-0.0015311382985681576,-0.003129431590352964,-0.0041949604515428346,-0.003739146119848447,-0.0015311382985681576
2024-02-17,-0.0005753968253968257,-0.0017336051202292795,0.0,-0.0010401630721375676,-0.0017336051202292795,-0.0014620329637807438,-0.0017336051202292795
2024-02-18,7.280915150227364e-05,0.004669581235714605,0.0,0.0028017487414287627,0.004669581235714605,0.003933263403251776,0.004669581235714605
2024-02-19,6.509186717803972e-05,0.0017602100352577378,0.0,0.0010561260211546426,0.0017602100352577378,0.001485564036657104,0.0017602100352577378
2024-02-20,0.0014545235155605663,-0.0006201013480221507,0.0018024457944230965,0.0003489175089559482,-0.0006201013480221507,-0.0002537843419750424,-0.0006201013480221507
2024-02-21,-0.0023132533514867715,-0.00015986851796497467,-0.0028299361119623334,-0.0012278955555639183,-0.00015986851796497467,-0.0005610300568157531,-0.00015986851796497467
2024-02-22,0.003720292535775104,0.007229719131077012,0.0013538353140623571,0.00487936560427115,0.007229719131077012,0.006376402005692476,0.007229719131077012
2024-02-23,-0.002598806502790165,-0.00533881099796813,0.006086280536134081,-0.0007687743843272457,-0.00533881099796813,-0.003742749446511865,-0.00533881099796813
2024-02-24,-0.0007341269841269843,0.004527666794481577,0.0,0.0027166000766889464,0.004527666794481577,0.003890047455003691,0.004527666794481577
2024-02-25,7.57269565801838e-05,0.004816638611641277,0.0,0.0028899831669847663,0.004816638611641277,0.004134522026620952,0.004816638611641277
2024-02-26,-0.0015204027601931278,0.008625622656263087,-0.0021203621747367674,0.004327228723863145,0.008625622656263087,0.007120302935897155,0.008625622656263087
2024-02-27,-0.0011800013067479694,0.010379917966191952,-0.0024090673059704304,0.005264323857326999,0.010379917966191952,0.008500241312243553,0.010379917966191952
2024-02-28,0.004904957053410294,0.013537094651191524,0.0031250237592066465,0.009372266294397573,0.013537094651191524,0.011902236041580338,0.013537094651191524
2024-02-29,0.0035445422772660876,-8.8111986429699e-06,0.004092292746983528,0.0016316303796076294,-8.8111986429699e-06,0.0006648258648135148,-8.8111986429699e-06
2024-03-01,0.008304096976473843,0.013495355784402295,0.006981664314361841,0.010889879196386114,0.013495355784402295,0.012469470898780399,0.013495355784402295
2024-03-02,-0.0005501797994656747,-0.001151614549615,0.0,-0.000690968729769,-0.001151614549615,-0.0009650958409277414,-0.001151614549615
2024-03-03,0.001592195988597384,0.004276140938174115,0.0,0.002565684562904469,0.004276140938174115,0.003581174136096404,0.004276140938174115
2024-03-04,0.008418790836913041,0.012822488412732714,0.002481980676393908,0.008686285318197191,0.012822488412732714,0.01114120534236408,0.012822488412732714
2024-03-05,-0.013385205973618869,-0.015418582720531772,0.006337378028433177,-0.006716198420945791,-0.015418582720531772,-0.01168895095220245,0.006337378028433177
2024-03-06,0.017382148109381313,0.01748929096652417,0.003235162175149131,0.011787639449974154,0.01748929096652417,0.014590714844681328,0.01748929096652417
2024-03-07,0.009150099317714365,0.009228471261547293,0.0003536063385982946,0.005678525292367694,0.009228471261547293,0.0075576007043133804,0.0003536063385982946
2024-03-08,0.0010811723760322748,0.0014096759732009757,0.0019438358276706869,0.0016233399149888602,0.0014096759732009757,0.001512888423973192,0.0014096759732009757
2024-03-09,-1.358820517581501e-06,0.000990216492273414,0.0,0.0005941298953640484,0.000990216492273414,0.000799252904979953,0.000990216492273414
2024-03-10,-0.00015162499048228565,-0.00012629996310055248,0.0,-7.577997786033148e-05,-0.00012629996310055248,-0.00010216009099948048,-0.00012629996310055248
2024-03-11,0.004279526937137789,0.009847611618054598,0.0002831233110754672,0.006021816295262945,0.009847611618054598,0.008025499573380888,0.009847611618054598
2024-03-12,-0.0024437846285739993,-0.0005343103424493166,-0.005670743514442245,-0.002588883611246488,-0.0005343103424493166,-0.00138785074411724,-0.0005343103424493166
2024-03-13,0.005073001286779686,0.005398398112176511,-0.0002838373683037576,0.0031255039199844033,0.005398398112176511,0.004486225670675616,0.005398398112176511
2024-03-14,-0.009462171179356597,-0.009462171179356597,-0.0053858494775261,-0.007831642498624398,-0.009462171179356597,-0.008857795492447628,-0.009462171179356597
2024-03-15,-0.00869308720731796,-0.00869308720731796,-0.0010373645367258988,-0.005630798139081135,-0.00869308720731796,-0.007432381513198562,-0.00869308720731796
2024-03-16,-0.012862732124573376,-0.012862732124573376,0.0,-0.007717639274744025,-0.012862732124573376,-0.010780772405802958,-0.012862732124573376
2024-03-17,0.009002618667004914,0.009002618667004914,0.0,0.005401571200202948,0.009002618667004914,0.007314809904168616,0.009002618667004914
2024-03-18,-0.0026469811352468372,-0.0026469811352468372,-0.00011011148555875594,-0.0016322332753716047,-0.0026469811352468372,-0.00218249330080548,-0.0026469811352468372
2024-03-19,-0.017910941304334856,-0.017910941304334856,0.0017597195285522504,-0.010042676971180014,-0.017910941304334856,-0.0142629007247629,-0.017910941304334856
2024-03-20,0.029297313943057655,0.029297313943057655,0.002327405226605739,0.01850935045647689,0.029297313943057655,0.02326948848336266,0.029297313943057655
2024-03-21,-0.0011726372460509893,-0.0011726372460509893,0.002002809011010881,9.754125677375886e-05,-0.0011726372460509893,-0.0003024139962193909,-0.0011726372460509893
2024-03-22,-0.01224258987735722,-0.01224258987735722,0.002938962713661286,-0.006169968840949817,-0.01224258987735722,-0.008094768785176178,-0.01224258987735722
2024-03-23,0.0005906492980430272,0.0005906492980430272,0.0,0.0003543895788258163,0.0005906492980430272,0.0004212798369360005,0.0005906492980430272
2024-03-24,0.009432447255565087,0.009432447255565087,0.0,0.0056594683533390516,0.009432447255565087,0.006732065463393309,0.009432447255565087
2024-03-25,0.009472643895212986,0.009472643895212986,-0.0017309021073048658,0.004991225494205846,0.009472643895212986,0.006233056159686349,0.009472643895212986
2024-03-26,-0.002878238845252327,-0.002878238845252327,0.002051884351322697,-0.0009061895666223172,-0.002878238845252327,-0.0014704456367605518,0.002051884351322697
2024-03-27,0.004653176272831374,0.004653176272831374,0.005420064363220012,0.004959931508986829,0.004653176272831374,0.0048725644737897325,0.004653176272831374
2024-03-28,0.007191483717998961,0.007191483717998961,0.0034832390074652497,0.005708185833785476,0.007191483717998961,0.006129762843567968,0.007191483717998961
2024-03-29,-0.0028823381686052685,-0.0028823381686052685,0.0,-0.0017294029011631611,-0.0028823381686052685,-0.00205455664704343,-0.0028823381686052685
2024-03-30,-0.0005156819921795138,-0.0005156819921795138,0.0,-0.0003094091953077083,-0.0005156819921795138,-0.00036768081537940517,-0.0005156819921795138
2024-03-31,0.007125154568253109,0.007125154568253109,0.0,0.004275092740951865,0.007125154568253109,0.005076832394246799,0.0
2024-04-01,-0.008876016792858802,-0.008876016792858802,-0.0034009096322606402,-0.006685973928619537,-0.008876016792858802,-0.007298341583358117,-0.008876016792858802
2024-04-02,-0.01732845184025753,-0.01732845184025753,0.0014297866047226493,-0.009825156462265458,-0.01732845184025753,-0.011833728206400393,-0.01732845184025753
2024-04-03,0.00600012577533292,0.00600012577533292,0.0012905900299214623,0.004116311477168336,0.00600012577533292,0.004500740657713009,0.00600012577533292
2024-04-04,-0.0007372567730490701,-0.0007372567730490701,0.0012155837390742386,4.387943180025341e-05,-0.0007372567730490701,-0.00015503265799504727,-0.0007372567730490701
2024-04-05,0.004060137401469809,0.004060137401469809,-0.000589429179385953,0.002200310769127504,0.004060137401469809,0.002682364486009588,0.004060137401469809
2024-04-06,0.00291540509708679,0.00291540509708679,0.0,0.0017492430582520739,0.00291540509708679,0.0020524287138498475,0.00291540509708679
2024-04-07,0.004042033921522655,0.004042033921522655,0.0,0.0024252203529135925,0.004042033921522655,0.002848946430471133,0.004042033921522655
2024-04-08,0.013108364410243965,0.013108364410243965,0.0006132314626212665,0.008110311231194886,0.013108364410243965,0.009431092584396247,0.013108364410243965
2024-04-09,-0.007713823685483999,-0.007713823685483999,0.004606783319842822,-0.00278558088335327,-0.007713823685483999,-0.0040317009165040186,-0.007713823685483999
2024-04-10,-0.006630102390423153,-0.006630102390423153,-0.008485778882660722,-0.007372372987318181,-0.006630102390423153,-0.007193812673943832,-0.006630102390423153
2024-04-11,0.0017367784162671202,0.0017367784162671202,0.003544057584568522,0.0024596900835876807,0.0017367784162671202,0.002292095885901205,0.0017367784162671202
2024-04-12,-0.022918750958290865,-0.022918750958290865,0.0010695726043661036,-0.013323421533228078,-0.022918750958290865,-0.015579435615566777,-0.022918750958290865
2024-04-13,-0.013738535586158847,-0.013738535586158847,0.0,-0.008243121351695307,-0.013738535586158847,-0.009061201563958891,-0.013738535586158847
2024-04-14,0.008959860288773639,0.008959860288773639,0.0,0.005375916173264183,0.008959860288773639,0.005790974203250331,0.008959860288773639
2024-04-15,-0.013824403567828436,-0.013824403567828436,-0.00036114776404444493,-0.00843910124631484,-0.013824403567828436,-0.00902188838098848,-0.013824403567828436
2024-04-16,-0.004338155668418812,-0.004338155668418812,-0.0019889264512267524,-0.0033984639815419883,-0.004338155668418812,-0.003489944772106272,-0.004338155668418812
2024-04-17,-0.014002347916648093,-0.014002347916648093,0.00174187025477765,-0.007704660648077795,-0.014002347916648093,-0.00850986698726416,0.00174187025477765
2024-04-18,0.005444723392531017,0.005444723392531017,-0.0007561990220285586,0.0029643544267071863,0.005444723392531017,0.0032817662609389018,0.005444723392531017
2024-04-19,-0.00031890001815814014,-0.00031890001815814014,0.002010919336366934,0.0006130277236518896,-0.00031890001815814014,0.00047555061557978174,-0.00031890001815814014
2024-04-20,0.0055748973985464785,0.0055748973985464785,0.0,0.003344938439127887,0.0055748973985464785,0.0036813838805830825,0.0
2024-04-21,-0.0004796991932657245,-0.0004796991932657245,0.0,-0.00028781951595943466,-0.0004796991932657245,-0.0003163105971724301,-0.0004796991932657245
2024-04-22,0.011581934183797542,0.011581934183797542,-0.006482530714506135,0.00435614822447607,0.011581934183797542,0.005442936808087373,0.011581934183797542
2024-04-23,0.008074927974575727,0.008074927974575727,-0.0012411055224813283,0.004348514575752904,0.008074927974575727,0.004847673233059531,0.008074927974575727
2024-04-24,-0.006570640351302972,-0.006570640351302972,-0.002735541675571218,-0.00503660088101027,-0.006570640351302972,-0.005231835182503127,-0.002735541675571218
2024-04-25,-0.0007145669740424977,-0.0007145669740424977,-0.0017382902081929663,-0.0011240562677026851,-0.0007145669740424977,-0.0010751435796440831,-0.0007145669740424977
2024-04-26,0.0016682688156662356,0.0016682688156662356,0.003935581320592185,0.0025751938176366155,0.0016682688156662356,0.0024621601747762682,0.0016682688156662356
2024-04-27,0.0037448565395187014,0.0037448565395187014,0.0,0.002246913923711221,0.0037448565395187014,0.002441648530759456,0.0037448565395187014
2024-04-28,-0.0001735865790531853,-0.0001735865790531853,0.0,-0.00010415194743191118,-0.0001735865790531853,-0.00011322739252782409,-0.0001735865790531853
2024-04-29,0.0036346922676902846,0.0036346922676902846,0.0018210007096845504,0.0029092156444879905,0.0036346922676902846,0.0030054912996785718,0.0036346922676902846
2024-04-30,-0.026711530248621655,-0.026711530248621655,-0.00672733879604992,-0.01871785366759296,-0.026711530248621655,-0.01983902150016507,-0.026711530248621655
2024-05-01,-0.010457114720730767,-0.010457114720730767,0.004839573180675155,-0.004338439560168397,-0.010457114720730767,-0.004676396426281228,-0.010457114720730767
2024-05-02,0.010934517100422973,0.010934517100422973,-0.0004243341800347078,0.006390976588239901,0.010934517100422973,0.0066832679844415314,0.010934517100422973
2024-05-03,0.018087533955027886,0.018087533955027886,0.00302083658327032,0.01206085500632486,0.018087533955027886,0.012358529328219155,0.018087533955027886
2024-05-04,0.0022721013854128825,0.0022721013854128825,0.0,0.0013632608312477295,0.0022721013854128825,0.0013924974891851962,0.0022721013854128825
2024-05-05,-0.0001128509941806716,0.0009440134736214843,0.0,0.0005664080841728906,0.0009440134736214843,0.0005784122631423359,0.0009440134736214843
2024-05-06,0.0029849654012698277,0.0026355743228435222,0.004081732494185142,0.00321403759138017,0.0026355743228435222,0.0031945094673290104,0.0026355743228435222
2024-05-07,-0.0017300662461957738,-0.0019591797631879964,0.0017200891831257725,-0.0004874721846624887,-0.0019591797631879964,-0.0005649167156289402,0.0017200891831257725
2024-05-08,-0.005848826802632153,-0.005721842675648027,-0.0026034004457813065,-0.004474465783701339,-0.005721842675648027,-0.004576647171528793,-0.005721842675648027
2024-05-09,0.01278031038578948,0.01278031038578948,0.005052890037261587,0.009689342246378322,0.01278031038578948,0.010056386753952066,0.01278031038578948
2024-05-10,-0.009931457908350975,-0.009931457908350975,0.0001615481767576754,-0.005894255474307514,-0.009931457908350975,-0.006329684848615274,-0.009931457908350975
2024-05-11,-0.00021385876678295038,7.085184200376442e-05,0.0,4.251110520225865e-05,7.085184200376442e-05,4.5226545787177596e-05,7.085184200376442e-05
2024-05-12,0.0015832315649571673,0.0018491045808301828,0.0,0.0011094627484981097,0.0018491045808301828,0.0011804956106697985,0.0
2024-05-13,0.004698069624060473,0.004698069624060473,-0.0019521488839107926,0.0020379822208719664,0.004698069624060473,0.0022917279297595826,0.004698069624060473
2024-05-14,-0.0012234748640586662,-0.0012234748640586662,0.003733384162015574,0.0007592687463710299,-0.0012234748640586662,0.0005492332460958067,-0.0012234748640586662
2024-05-15,0.022369914595347,0.022369914595347,0.006936133625501939,0.016196402207408974,0.022369914595347,0.01684988099203988,0.022369914595347
2024-05-16,-0.007054429673992193,-0.007054429673992193,-0.0010842961275711605,-0.00466637625542378,-0.007054429673992193,-0.004772931464799773,-0.007054429673992193
2024-05-17,0.011966985475305232,0.011966985475305232,0.001663556575792674,0.007845613915500208,0.011966985475305232,0.008048841871739097,0.011966985475305232
2024-05-18,0.0008512553794967811,0.0008512553794967811,0.0,0.0005107532276980686,0.0008512553794967811,0.0005248085183430137,0.0008512553794967811
2024-05-19,-0.002712352858609109,-0.0029178352016422013,0.0,-0.0017507011209853208,-0.0029178352016422013,-0.0018233614770707498,-0.0029178352016422013
2024-05-20,0.03080752169356342,0.030914664550706277,0.00024176744426018804,0.01864550570812784,0.030914664550706277,0.019509421746305645,0.00024176744426018804
2024-05-21,0.0009256286472649015,0.0009256286472649015,0.0015673365178296705,0.0011823117954908092,0.0009256286472649015,0.0011909598469770025,0.0009256286472649015
2024-05-22,-0.008014450907788719,-0.010180988062866762,-0.003828366856203358,-0.0076399395802014,-0.010180988062866762,-0.007649978393325279,-0.010180988062866762
2024-05-23,-0.008502602809659018,-0.008409084027727899,-0.006958044435435462,-0.007828668190810923,-0.008409084027727899,-0.007879490431069279,-0.008409084027727899
2024-05-24,-6.660766804888097e-05,0.004434446977401696,0.0005134943586103669,0.002866065929885164,0.004434446977401696,0.0029883316546407096,0.004434446977401696
2024-05-25,5.414696457412059e-05,0.0018645035072678438,0.0,0.0011187021043607063,0.0018645035072678438,0.001190868436663916,0.0018645035072678438
2024-05-26,1.4335356646206258e-06,0.0010722501974968798,0.0,0.0006433501184981279,0.0010722501974968798,0.000684757488977839,0.0010722501974968798
2024-05-27,0.00025210663372585634,0.003341234867956628,0.0,0.0020047409207739767,0.003341234867956628,0.0021479091955006677,0.003341234867956628
2024-05-28,-0.002373424685894976,-0.0005370285456615233,-0.002704215809715138,-0.001403903451282969,-0.0005370285456615233,-0.001302346589562237,-0.002704215809715138
2024-05-29,-0.0076354262257443545,-0.012557182371560918,-0.005171818716062232,-0.009603036909361443,-0.012557182371560918,-0.009953085932112247,-0.012557182371560918
2024-05-30,0.002310861949562172,0.0013654456902423779,0.0033599339920568905,0.0021632410109681827,0.0013654456902423779,0.00208434410047055,0.0013654456902423779
2024-05-31,0.0018137070999901057,0.006095881377263431,0.0012209638996166783,0.004145914386204729,0.006095881377263431,0.004351534771759974,0.006095881377263431
2024-06-01,0.00047256902639963524,0.001926092433158851,0.0,0.0011556554598953104,0.001926092433158851,0.001234095946972621,0.0
2024-06-02,-0.0006091099996356512,-0.0008679657592654729,0.0,-0.0005207794555592837,-0.0008679657592654729,-0.0005560103074951845,-0.0008679657592654729
2024-06-03,0.00011599613664062448,-0.0030617166467393022,0.006602462909717499,0.0008039551758434185,-0.0030617166467393022,0.0003869008578725815,-0.0030617166467393022
2024-06-04,0.0015467167380161944,0.0017430621575040828,0.0021327271311726848,0.0018989281469715235,0.0017430621575040828,0.0018806055578188062,0.0017430621575040828
2024-06-05,0.008497477949907115,0.00860462080704997,0.006054096046534785,0.007584410902843897,0.00860462080704997,0.00774960260325417,0.006054096046534785
2024-06-06,-0.00022364930326025502,-0.00022364930326025502,0.0010165222037052668,0.0002724192995259537,-0.00022364930326025502,0.00019470883858130737,-0.00022364930326025502
2024-06-07,-0.01191791342906623,-0.01191791342906623,-0.014038741608910721,-0.012766244701004025,-0.01191791342906623,-0.012633222370514521,-0.01191791342906623
2024-06-08,1.1112080815685784e-05,1.1112080815685784e-05,0.0,6.66724848941147e-06,1.1112080815685784e-05,7.274983549653202e-06,1.1112080815685784e-05
2024-06-09,0.0005071891295855977,0.0013018888524580035,0.0,0.000781133311474802,0.0013018888524580035,0.000852859962467764,0.0013018888524580035
2024-06-10,0.0020747753298303875,0.002525392332840758,0.000695533434134088,0.00179344877335809,0.002525392332840758,0.0018956805042258788,0.002525392332840758
2024-06-11,-0.010092117583683438,-0.009965133456699311,0.004967186012401592,-0.003992205669058949,-0.009965133456699311,-0.004969410993173137,-0.009965133456699311
2024-06-12,0.009015585455020422,0.009015585455020422,0.002812882419154783,0.006534504240674166,0.009015585455020422,0.006925725853415563,0.009015585455020422
2024-06-13,-0.007438912728874943,-0.007438912728874943,0.004246957856206435,-0.0027645644948423916,-0.007438912728874943,-0.0034781008234152835,-0.007438912728874943
2024-06-14,-0.00452473937216359,-0.00452473937216359,0.0070525312990747935,0.00010616889633176382,-0.00452473937216359,-0.0005635354249818071,-0.00452473937216359
2024-06-15,0.003025392573920168,0.003025392573920168,0.0,0.0018152355443521006,0.003025392573920168,0.0020866375804961435,0.0
2024-06-16,0.0024664772157827228,0.0024664772157827228,0.0,0.0014798863294696336,0.0024664772157827228,0.0017344233176393585,0.0
2024-06-17,0.0002619760110595948,0.0002619760110595948,-0.005546651415311604,-0.002061474959488885,0.0002619760110595948,-0.0014344292153581307,0.0002619760110595948
2024-06-18,-0.00036423939493039165,-0.00036423939493039165,0.004297825981312869,0.001500586755566913,-0.00036423939493039165,0.0009246255097497629,-0.00036423939493039165
2024-06-19,0.002105554137872686,0.002105554137872686,0.0,0.0012633324827236116,0.002105554137872686,0.0015275205053204468,0.002105554137872686
2024-06-20,-0.0013258378438998969,-0.0013258378438998969,0.001859216729746066,-5.1816014441511565e-05,-0.0013258378438998969,-0.0005084159090870464,-0.0013258378438998969
2024-06-21,-0.0033365633196750727,-0.0033365633196750727,-0.003217471425346896,-0.003288926561943802,-0.0033365633196750727,-0.0033061389283777554,-0.003217471425346896
2024-06-22,-0.0004008209189773688,-0.0004008209189773688,0.0,-0.00024049255138642125,-0.0004008209189773688,-0.0002978619709270825,-0.0004008209189773688
2024-06-23,-0.004276107185746756,-0.004276107185746756,0.0,-0.0025656643114480536,-0.004276107185746756,-0.00318502498060435,-0.004276107185746756
2024-06-24,-0.0030158174754184954,-0.0030158174754184954,0.0013532852613896695,-0.0012681763806952292,-0.0030158174754184954,-0.0018921963309703957,-0.0030158174754184954
2024-06-25,0.0037477610170890806,0.0037477610170890806,-0.0003460744039675834,0.002110226848666415,0.0037477610170890806,0.0027317454320094103,-0.0003460744039675834
2024-06-26,-0.004612700001688563,-0.004612700001688563,-0.006180557669696107,-0.005239843068891581,-0.004612700001688563,-0.004995422625740003,-0.004612700001688563
2024-06-27,0.007520848055036956,0.007520848055036956,0.004043185746989947,0.006129783131818152,0.007520848055036956,0.006679222380873907,0.007520848055036956
2024-06-28,-0.00420362220008546,-0.00420362220008546,-0.005955767074188628,-0.004904480149726727,-0.00420362220008546,-0.00463485152080519,-0.00420362220008546
2024-06-29,0.0010228657833000938,0.0010228657833000938,0.0,0.0006137194699800563,0.0010228657833000938,0.0007691954518852604,0.0010228657833000938
2024-06-30,0.005242081524711716,0.005242081524711716,0.0,0.0031452489148270295,0.005242081524711716,0.003946667247762869,0.005242081524711716
2024-07-01,0.001144915635780292,0.001144915635780292,-0.005438772181049711,-0.0014885594909517094,0.001144915635780292,-0.0004943505986845576,0.001144915635780292
2024-07-02,0.0009135959508504987,0.0009135959508504987,0.002535797580594995,0.0015624766027482974,0.0009135959508504987,0.0013162310100988468,0.0009135959508504987
2024-07-03,-0.0036775177216636554,-0.0036775177216636554,0.006736985260895778,0.0004882834713601184,-0.0036775177216636554,-0.0018744559958982746,-0.0036775177216636554
2024-07-04,-0.013945842162784668,-0.013945842162784668,0.0,-0.0083675052976708,-0.013945842162784668,-0.011711473464475595,-0.013945842162784668
2024-07-05,-0.002263518736853154,-0.002263518736853154,0.005967024354327971,0.0010286984996192964,-0.002263518736853154,-0.0008298130296444048,-0.002263518736853154
2024-07-06,0.006489362093420005,0.006489362093420005,0.0,0.0038936172560520028,0.006489362093420005,0.005597149959627049,0.006489362093420005
2024-07-07,-0.009745140525565557,-0.009745140525565557,0.0,-0.005847084315339334,-0.009745140525565557,-0.008362956577926942,-0.009745140525565557
2024-07-08,0.003895052603266564,0.003895052603266564,-0.002047846223767802,0.0015178930724528174,0.003895052603266564,0.002976371997369636,0.003895052603266564
2024-07-09,0.0017328908971455054,0.0017328908971455054,-0.0006804802745679628,0.000767542428460118,0.0017328908971455054,0.0013575916584702974,0.0017328908971455054
2024-07-10,0.007360033999541759,0.007360033999541759,0.001680438595443895,0.005088195837902613,0.007360033999541759,0.006479001274955363,0.007360033999541759
2024-07-11,0.004808407445704038,0.004808407445704038,0.0071595543984616095,0.005748866226807066,0.004808407445704038,0.005175925446946069,0.004808407445704038
2024-07-12,0.006821821722755904,0.006821821722755904,0.0005717292476718483,0.004321784732722282,0.006821821722755904,0.005948872756394359,0.006821821722755904
2024-07-13,0.004082932510640378,0.004082932510640378,0.0,0.002449759506384227,0.004082932510640378,0.003550663614886366,0.004082932510640378
2024-07-14,0.005257445248974991,0.005257445248974991,0.0,0.0031544671493849946,0.005257445248974991,0.004564439409558363,0.005257445248974991
2024-07-15,0.019224551033688548,0.019224551033688548,-0.0024217322842652322,0.010566037706507036,0.019224551033688548,0.016317089186292863,0.019224551033688548
2024-07-16,0.005521369165871117,0.005521369165871117,0.009617712011142476,0.0071599063039796615,0.005521369165871117,0.006233040227592747,0.005521369165871117
2024-07-17,-0.008139136402637106,-0.008139136402637106,-0.002028171311448529,-0.005694750366161675,-0.008139136402637106,-0.007067496761516705,-0.008139136402637106
2024-07-18,-0.0052449621053284445,-0.0052449621053284445,-0.0030797744009967987,-0.0043788870235957865,-0.0052449621053284445,-0.004966858276140286,-0.0052449621053284445
2024-07-19,0.0014423008305546078,0.0014423008305546078,-0.00605007176138514,-0.0015546482062212914,0.0014423008305546078,0.0005049975540555849,0.0014423008305546078
2024-07-20,0.0011851169071374684,0.0011851169071374684,0.0,0.000711070144282481,0.0011851169071374684,0.0010582040950931446,0.0011851169071374684
2024-07-21,0.002185751019163974,0.002185751019163974,0.0,0.0013114506114983843,0.002185751019163974,0.0019515773785880306,0.002185751019163974
2024-07-22,0.002541157576328495,0.002541157576328495,-0.0010589336295913077,0.001101121093960574,0.002541157576328495,0.002160435467875706,0.002541157576328495
2024-07-23,-0.004274811585699336,-0.004274811585699336,0.0011476292364752116,-0.002105835256829517,-0.004274811585699336,-0.004274811585699336,-0.004274811585699336
2024-07-24,-0.01755105111388893,-0.01755105111388893,-0.004220142369789293,-0.012218687616249075,-0.01755105111388893,-0.01755105111388893,-0.004220142369789293
2024-07-25,-0.00402300453742652,-0.00402300453742652,-0.0013059054033074113,-0.0029361648837788767,-0.00402300453742652,-0.00402300453742652,-0.00402300453742652
2024-07-26,0.01395648974487408,0.01395648974487408,0.005600761829971768,0.010614198578913155,0.01395648974487408,0.01395648974487408,0.01395648974487408
2024-07-27,-0.0011228592573414452,-0.0011228592573414452,0.0,-0.000673715554404867,-0.0011228592573414452,-0.001115899912019411,-0.0011228592573414452
2024-07-28,0.0015412947382848054,0.0015412947382848054,0.0,0.0009247768429708832,0.0015412947382848054,0.0015321365443204064,0.0015412947382848054
2024-07-29,-0.0029870543668910126,-0.0029870543668910126,0.0021079524161947694,-0.0009490516536566996,-0.0029870543668910126,-0.002955663854123766,-0.0029870543668910126
2024-07-30,-0.001606099722359749,-0.001606099722359749,0.0041574089401952286,0.0006993037426622421,-0.001606099722359749,-0.001571863914766287,-0.001606099722359749
2024-07-31,0.005691017910129381,0.005691017910129381,0.007536762858466939,0.006429315889464405,0.005691017910129381,0.0057028497446677835,0.005691017910129381
2024-08-01,-0.0137306714973671,-0.0137306714973671,0.003232260596104347,-0.006945498659978522,-0.0137306714973671,-0.0137306714973671,-0.0137306714973671
2024-08-02,-0.029533866904934376,-0.029533866904934376,0.008674646623176546,-0.014250461493690005,-0.029533866904934376,-0.028832151001506597,-0.029533866904934376
2024-08-03,-0.004404310516359058,-0.004404310516359058,0.0,-0.0026425863098154347,-0.004404310516359058,-0.003761346751256678,-0.004404310516359058
2024-08-04,-0.01299729132948995,-0.01299729132948995,0.0,-0.00779837479769397,-0.01299729132948995,-0.011085415692987126,0.0
2024-08-05,-0.03739970861783058,-0.03739970861783058,-0.0029943396023832114,-0.023637561011651632,-0.03739970861783058,-0.031703045026845206,-0.03739970861783058
2024-08-06,0.011558651368943728,0.011558651368943728,-0.009024699046671913,0.003325311202697471,-0.010024699046671914,0.005635147796166029,0.011558651368943728
2024-08-07,-0.008498609322314462,-0.0095370238361882,-0.002306536752945759,-0.006644829002891223,-0.010537023836188202,-0.007375776769239208,-0.0095370238361882
2024-08-08,0.031723896654184305,0.0450097297563908,0.0019833668764422663,0.027799184604411387,0.0009833668764422663,0.03224253493234334,0.0450097297563908
2024-08-09,-0.0023810716809706174,-0.002272811518484414,0.0038298226320122863,0.00016824214171426628,-0.003272811518484414,0.00023748005290688307,-0.002272811518484414
2024-08-10,-0.00019570498277565328,0.0005654587547242832,0.0,0.0003392752528345699,0.0005654587547242832,0.0003358042948563706,0.0005654587547242832
2024-08-11,-0.004398727234247647,-0.006475631897153981,0.0,-0.0038853791382923884,-0.006475631897153981,-0.0038453620413441665,-0.006475631897153981
2024-08-12,0.008675825881863202,0.009127441270492389,0.005893518109279461,0.007833872006007218,0.009127441270492389,0.007809744431162391,0.009127441270492389
2024-08-13,0.008639841089134553,0.0086874601367536,0.001147082476100042,0.005671309072492177,0.0086874601367536,0.005588017916053741,0.0086874601367536
2024-08-14,-0.004755739422394749,-0.004755739422394749,0.0001264126312241487,-0.0028028786009471895,-0.004755739422394749,-0.0027503485209955316,-0.004755739422394749
2024-08-15,0.004989844989200434,0.004989844989200434,-0.0019184366366864491,0.0022265323388456805,0.004989844989200434,0.002172487899595822,0.004989844989200434
2024-08-16,0.003991609835924466,0.003991609835924466,0.00573678845659184,0.004689681284191416,0.003991609835924466,0.004701868962710255,0.003991609835924466
2024-08-17,0.0020186592197165196,0.0020186592197165196,0.0,0.0012111955318299117,0.0020186592197165196,0.0011971079197509466,0.0020186592197165196
2024-08-18,-0.0019093069249859578,-0.0019093069249859578,0.0,-0.0011455841549915745,-0.0019093069249859578,-0.0011327034709346937,-0.0019093069249859578
2024-08-19,0.009245867467755527,0.009245867467755527,-0.00024015766282881046,0.005451457415521792,0.009245867467755527,0.005389299955489139,0.009245867467755527
2024-08-20,-0.009167187615281631,-0.009167187615281631,0.003027999985103308,-0.004289112575127655,-0.009167187615281631,-0.0041634758202324235,-0.009167187615281631
2024-08-21,0.010187991809176967,0.010187991809176967,-0.00046798214831125784,0.005925602226181677,0.010187991809176967,0.005780464610982633,0.010187991809176967
2024-08-22,-0.005632156076897154,-0.005552212584398419,-0.005467928953020285,-0.005518499131847166,-0.005552212584398419,-0.005517000040392265,-0.005552212584398419
2024-08-23,0.026792411196997625,0.026879712784299212,0.0035533105200575843,0.01754915187860256,0.026879712784299212,0.017108562307604186,0.026879712784299212
2024-08-24,0.00034538088873266776,0.00034538088873266776,0.0,0.00020722853323960064,0.00034538088873266776,0.00019158921952669927,0.00034538088873266776
2024-08-25,-0.0005749106801164941,-0.0005441595378270492,0.0,-0.0003264957226962295,-0.0005441595378270492,-0.0003018638880836348,-0.0005441595378270492
2024-08-26,-0.005025543915270688,-0.004958083597810371,0.00039179858858012784,-0.0028181307232541713,-0.004958083597810371,-0.0025797358810998663,-0.004958083597810371
2024-08-27,-0.01647133366728986,-0.01647133366728986,-0.0006618160967805653,-0.010147526639086142,-0.01647133366728986,-0.009433841908704041,-0.01647133366728986
2024-08-28,-0.0032741677404390934,-0.0032741677404390934,-0.0007587751606610571,-0.0022680107085278787,-0.0032741677404390934,-0.002132031587177945,-0.0032741677404390934
2024-08-29,0.004116131878631345,0.004116131878631345,0.0009313945630078369,0.0028422369523819417,0.004116131878631345,0.002671185599409174,0.004116131878631345
2024-08-30,0.0028172962118090026,0.0028172962118090026,-0.004610559926294028,-0.00015384624343220974,0.0028172962118090026,-0.0005429740468188787,0.0028172962118090026
2024-08-31,-0.0008278406051153647,-0.0008278406051153647,0.0,-0.0004967043630692187,-0.0008278406051153647,-0.0004536081504038634,-0.0008278406051153647
2024-09-01,-0.0068777705759550545,-0.0068777705759550545,0.0,-0.0041266623455730326,-0.0068777705759550545,-0.0037686562792662703,0.0
2024-09-02,0.008510742530002712,0.008510742530002712,0.0,0.005106445518001627,0.008510742530002712,0.004658230717254824,0.0
2024-09-03,-0.024152434484688276,-0.024152434484688276,0.00509813484779148,-0.012452206751696372,-0.024152434484688276,-0.010841455325469714,-0.024152434484688276
2024-09-04,-0.0008855817052521524,-0.0008855817052521524,0.0036014040095803113,0.0009092125806808332,-0.0008855817052521524,0.001236367171802864,-0.0008855817052521524
2024-09-05,-0.00881290391280323,-0.00881290391280323,0.0037290169712922983,-0.003796135559165018,-0.00881290391280323,-0.002885570982236198,-0.00881290391280323
2024-09-06,-0.023166495837482474,-0.023166495837482474,-0.0011640326126831635,-0.014365510547562748,-0.023166495837482474,-0.012843060817769062,-0.023166495837482474
2024-09-07,0.002902908087985755,0.002902908087985755,0.0,0.001741744852791453,0.002902908087985755,0.0014976363028764463,0.002902908087985755
2024-09-08,0.002573308814782941,0.002573308814782941,0.0,0.0015439852888697646,0.002573308814782941,0.0013303674053294803,0.002573308814782941
2024-09-09,0.013823672085608493,0.013823672085608493,0.0035515213592002826,0.009714811795045209,0.013823672085608493,0.008883411190689102,0.013823672085608493
2024-09-10,0.001642676489815605,0.001642676489815605,0.004005612898438149,0.0025878510532646227,0.001642676489815605,0.0027913005163020584,0.001642676489815605
2024-09-11,0.0013980230436402533,0.0013980230436402533,-0.0005082182616466813,0.0006355265215254794,0.0013980230436402533,0.0004714179537794234,0.0013980230436402533
2024-09-12,0.010544426947301696,0.010544426947301696,0.001760617951864496,0.007030903349126816,0.010544426947301696,0.006288566049546538,0.010544426947301696
2024-09-13,0.014499360411019513,0.014499360411019513,0.0032870122936212998,0.010014421164060226,0.014499360411019513,0.009038142556562502,0.014499360411019513
2024-09-14,-0.0020857833585781315,-0.0020857833585781315,0.0,-0.001251470015146879,-0.0020857833585781315,-0.001060364381909019,-0.0020857833585781315
2024-09-15,-0.004976922300849616,-0.006010922099070516,0.0,-0.0036065532594423094,-0.006010922099070516,-0.003058350839178288,-0.006010922099070516
2024-09-16,0.00014525723069468678,0.000351606437043893,0.00212855078701632,0.0010623841770328638,0.000351606437043893,0.001224398139324443,0.000351606437043893
2024-09-17,0.00817978908582695,0.00817978908582695,-0.002244580592601908,0.004010041214455406,0.00817978908582695,0.0031731832316699827,0.00817978908582695
2024-09-18,0.0020282375982201653,0.0020282375982201653,-0.0058467405920226145,-0.0011217536778769467,0.0020282375982201653,-0.0017630416937617329,0.0020282375982201653
2024-09-19,0.019306326494612478,0.019306326494612478,0.001790381814330666,0.012299948622499753,0.019306326494612478,0.010897583667459415,0.019306326494612478
2024-09-20,0.0014058357320238584,0.0014058357320238584,0.0025893949159404572,0.001879259405590498,0.0014058357320238584,0.0019860091591106773,0.0014058357320238584
2024-09-21,0.0022578903749305335,0.002731765338556791,0.0,0.0016390592031340745,0.002731765338556791,0.001392679576588509,0.002731765338556791
2024-09-22,-0.0010835077378608515,-0.000956523610876725,0.0,-0.000573914166526035,-0.000956523610876725,-0.000487472586425138,-0.000956523610876725
2024-09-23,0.005377725977784483,0.005377725977784483,0.00015714880324180225,0.00328949510796741,0.005377725977784483,0.002818441606204905,0.005377725977784483
2024-09-24,0.005381391951339181,0.005381391951339181,0.002301739833618588,0.004149531104250944,0.005381391951339181,0.0038696923881187547,0.005381391951339181
2024-09-25,-0.011090127103546264,-0.011090127103546264,-0.0017438816592320605,-0.007351628925820582,-0.011090127103546264,-0.006499112965082823,-0.011090127103546264
2024-09-26,0.005998128715053625,0.005998128715053625,0.0005289641236567999,0.0038104628784948946,0.005998128715053625,0.003339102500302612,0.005998128715053625
2024-09-27,0.005528018359157656,0.005984184226337385,0.00022219607755549764,0.0036793889668246295,0.005984184226337385,0.003180096424494624,0.005984184226337385
2024-09-28,-0.0006604366958010507,-0.0005929763783407335,0.0,-0.0003557858270044401,-0.0005929763783407335,-0.00030698633213784623,-0.0005929763783407335
2024-09-29,-0.0011804733577667943,-0.0011804733577667943,0.0,-0.0007082840146600765,-0.0011804733577667943,-0.0006111696469497642,-0.0011804733577667943
2024-09-30,-0.004207914813818745,-0.004207914813818745,-0.002898174162467626,-0.003684018553278297,-0.004207914813818745,-0.0035762899784158734,-0.004207914813818745
2024-10-01,-0.012070494337488845,-0.012070494337488845,0.006401964704403684,-0.0046815107207318326,-0.012070494337488845,-0.0031574821804533815,-0.012070494337488845
2024-10-02,-0.002667055038417946,-0.002667055038417946,-0.001708696101983348,-0.002283711463844107,-0.002667055038417946,-0.0022008502999339647,-0.002667055038417946
2024-10-03,-7.235996661759793e-06,-7.235996661759793e-06,-0.003013167601963823,-0.0012096086387825852,-7.235996661759793e-06,-0.0014671415878944984,-7.235996661759793e-06
2024-10-04,0.010787750099421654,0.010787750099421654,-0.004583601190008141,0.004639209583649735,0.010787750099421654,0.003401819793685453,0.010787750099421654
2024-10-05,7.878337695794219e-05,7.878337695794219e-05,0.0,4.727002617476531e-05,7.878337695794219e-05,4.2795480383174916e-05,7.878337695794219e-05
2024-10-06,0.0024234785410138177,0.0024234785410138177,0.0,0.0014540871246082907,0.0024234785410138177,0.0013184278763305446,0.0024234785410138177
2024-10-07,-0.004600772590059162,-0.004600772590059162,-0.003463417173109523,-0.004145830423279306,-0.004600772590059162,-0.0040892613375585795,-0.004600772590059162
2024-10-08,-0.002017247178446128,-0.002017247178446128,-0.0012131989999114023,-0.0016956279070322376,-0.002017247178446128,-0.0017014961706891976,-0.002017247178446128
2024-10-09,-0.004291396248666281,-0.004291396248666281,-0.002585467070062103,-0.00360902457722461,-0.004291396248666281,-0.0036288138963834673,-0.004291396248666281
2024-10-10,0.0010507262222504545,0.0010507262222504545,0.0007435427336441314,0.0009278528268079252,0.0010507262222504545,0.0009326531929216952,0.0010507262222504545
2024-10-11,0.012163029361331932,0.012163029361331932,0.0019703753690563375,0.008085967764421694,0.012163029361331932,0.009464901865343675,0.012163029361331932
2024-10-12,0.0031553743990677674,0.0031553743990677674,0.0,0.0018932246394406604,0.0031553743990677674,0.0022896130755227445,0.0031553743990677674
2024-10-13,-0.0009976052145480338,-0.0009976052145480338,0.0,-0.0005985631287288202,-0.0009976052145480338,-0.0007234820921923062,-0.0009976052145480338
2024-10-14,0.01479291593041427,0.01479291593041427,0.00011647616021676077,0.008922340022335266,0.01479291593041427,0.010818601428193885,0.01479291593041427
2024-10-15,-0.0077701215971195765,-0.0077701215971195765,0.00535961506815702,-0.0025182269310089376,-0.0077701215971195765,-0.004088761086628475,-0.0077701215971195765
2024-10-16,0.005232033278990318,0.005232033278990318,0.00338488374247925,0.0044931734643858905,0.005232033278990318,0.004712000307780781,0.005232033278990318
2024-10-17,-0.0010427213557723124,-0.0010427213557723124,-0.0029859302935759946,-0.0018200049308937853,-0.0010427213557723124,-0.0015879474996068192,-0.0010427213557723124
2024-10-18,0.004810740738543238,0.004810740738543238,0.0024410280561400766,0.0038628556655819733,0.004810740738543238,0.004148171565706561,0.004810740738543238
2024-10-19,0.00020781318532700797,0.00020781318532700797,0.0,0.0001246879111962048,0.00020781318532700797,0.00014961730588652133,0.00020781318532700797
2024-10-20,0.005137334883847957,0.005137334883847957,0.0,0.003082400930308774,0.005137334883847957,0.00369904793945813,0.0
2024-10-21,-0.01108646612232405,-0.01108646612232405,-0.005226253298580924,-0.0087423809928268,-0.01108646612232405,-0.009441287557619646,-0.01108646612232405
2024-10-22,-0.0005408353910987879,-0.0005408353910987879,0.0029617424884533505,0.0008601957607220676,-0.0005408353910987879,0.0004606654883043171,-0.0005408353910987879
2024-10-23,-0.011493979214188797,-0.011493979214188797,-0.003411575977696396,-0.008261017919591836,-0.011493979214188797,-0.009241076350813992,-0.011493979214188797
2024-10-24,0.006208819631679112,0.006208819631679112,0.0031398179142120286,0.004981218944692278,0.006208819631679112,0.005340841828621432,0.006208819631679112
2024-10-25,-0.007250278736128786,-0.007250278736128786,-0.000584057729703269,-0.004583790333558579,-0.007250278736128786,-0.005367098463189945,-0.007250278736128786
2024-10-26,0.00261259252534016,0.00261259252534016,0.0,0.0015675555152040962,0.00261259252534016,0.002015991518362946,0.00261259252534016
2024-10-27,0.0026965995149337532,0.0026965995149337532,0.0,0.0016179597089602518,0.0026965995149337532,0.002079221910397706,0.0026965995149337532
2024-10-28,0.005605289008913772,0.005605289008913772,-0.0012481043063768404,0.0028639316827975265,0.005605289008913772,0.004032298326234296,0.005605289008913772
2024-10-29,0.005410512183308557,0.005410512183308557,0.0032956112319786346,0.004564551802776588,0.005410512183308557,0.004924733663069936,0.005410512183308557
2024-10-30,0.00033569847438500816,0.00033569847438500816,0.0011428920475743398,0.0006585759036607409,0.00033569847438500816,0.0005003453678590119,0.00033569847438500816
2024-10-31,-0.017137537039068212,-0.017137537039068212,-0.0037708298078788505,-0.011790854146592467,-0.017137537039068212,-0.014432545750731397,-0.017137537039068212
2024-11-01,-0.002304564787719849,-0.002304564787719849,-0.0050032048905530035,-0.003384020828853111,-0.002304564787719849,-0.0029296993230352826,-0.002304564787719849
2024-11-02,-0.0012297609004396299,-0.0012297609004396299,0.0,-0.0007378565402637779,-0.0012297609004396299,-0.0009447854445864364,-0.0012297609004396299
2024-11-03,-0.002424237215102518,-0.002424237215102518,0.0,-0.0014545423290615108,-0.002424237215102518,-0.0018622239540724065,0.0
2024-11-04,0.0009449558168375116,0.0009449558168375116,0.004633582492092364,0.0024204064869394527,0.0009449558168375116,0.0017848844251716523,0.004633582492092364
2024-11-05,0.012584419948403956,0.012584419948403956,0.000997125965817719,0.00794950235536946,0.012584419948403956,0.01001931814185178,0.012584419948403956
2024-11-06,0.0350974209023376,0.0350974209023376,-0.012978380973634573,0.015867100151948726,0.0350974209023376,0.02680169288779451,0.0350974209023376
2024-11-07,0.013235560853690154,0.013235560853690154,0.007132036248192669,0.01079415101149116,0.013235560853690154,0.011527471643080354,0.013235560853690154
2024-11-08,0.004086334812472707,0.004086334812472707,0.0037202123613841176,0.003939885832037271,0.004086334812472707,0.003983102464951418,0.004086334812472707
2024-11-09,0.0066720033344644936,0.0066720033344644936,0.0,0.004003202000678696,0.0066720033344644936,0.005140570197318765,0.0066720033344644936
2024-11-10,0.007483484882290028,0.007483484882290028,0.0,0.0044900909293740165,0.007483484882290028,0.005752355850661788,0.007483484882290028
2024-11-11,0.017781363033634076,0.017781363033634076,-0.0063345968984186984,0.008134979060812966,0.017781363033634076,0.012143020914807559,0.017781363033634076
2024-11-12,-0.01245367127181423,-0.01245367127181423,-0.006381655080722665,-0.010024864795377604,-0.01245367127181423,-0.010976048570392588,-0.01245367127181423
2024-11-13,0.0007631301652451085,0.0007631301652451085,-0.0036272986355940506,-0.0009930413550905553,0.0007631301652451085,-0.0003859369431211021,0.0007631301652451085
2024-11-14,-0.012171431630200576,-0.012171431630200576,0.0017689448355117932,-0.006595281043915628,-0.012171431630200576,-0.008521384033181874,-0.012171431630200576
2024-11-15,-0.0003313781445545653,-0.0003313781445545653,-0.0012492101097806851,-0.0006985109306450134,-0.0003313781445545653,-0.0005809982448094955,-0.0012492101097806851
2024-11-16,0.0004633254503957105,0.0004633254503957105,0.0,0.00027799527023742625,0.0004633254503957105,0.0003433015772816861,0.0004633254503957105
2024-11-17,-0.002917386562762266,-0.002917386562762266,0.0,-0.0017504319376573597,-0.002917386562762266,-0.002164584053258421,-0.002917386562762266
2024-11-18,0.012517907678918559,0.012517907678918559,0.004514978089134564,0.00931673584300496,0.012517907678918559,0.010478005482849995,0.012517907678918559
2024-11-19,0.0009045182200178026,0.0009045182200178026,0.00396522260226434,0.0021287999729164174,0.0009045182200178026,0.001713493462758518,0.0009045182200178026
2024-11-20,0.0017467315207499385,0.0017467315207499385,0.0014886728205833477,0.0016435080406833023,0.0017467315207499385,0.0016793682852341068,0.0017467315207499385
2024-11-21,0.020581086935460347,0.020581086935460347,0.0025891375107120196,0.013384307165561016,0.020581086935460347,0.015884634388168492,0.020581086935460347
2024-11-22,0.0036962631559672473,0.0036962631559672473,0.0048475897663524115,0.004156793800121314,0.0036962631559672473,0.004001145705956222,0.0036962631559672473
2024-11-23,0.0007854954582685222,0.0007854954582685222,0.0,0.0004712972749611133,0.0007854954582685222,0.0005772583044205935,0.0007854954582685222
2024-11-24,-0.0008022047940540236,-0.0007965535024555671,0.0,-0.0004779321014733403,-0.0007965535024555671,-0.0005853842722314204,-0.0007965535024555671
2024-11-25,-0.0033551152581480503,-0.0033273374803702727,7.394942939081828e-05,-0.0019668227164658363,-0.0033273374803702727,-0.002425874235389646,-0.0033273374803702727
2024-11-26,-0.004153675370840746,-0.004153675370840746,-0.0006824522141156419,-0.0027651861081507043,-0.004153675370840746,-0.0032304952093958096,-0.004153675370840746
2024-11-27,0.015392432667666593,0.015392432667666593,0.0011389141264378788,0.009691025251175106,0.015392432667666593,0.011581626744476273,0.015392432667666593
2024-11-28,-0.0027116495417170983,-0.0027116495417170983,0.0,-0.0016269897250302588,-0.0027116495417170983,-0.0019811499338873396,-0.0027116495417170983
2024-11-29,0.006183205261674657,0.006183205261674657,0.005373419178279826,0.005859290828316724,0.006183205261674657,0.005964868536213295,0.006183205261674657
2024-11-30,0.0023153044031742898,0.0023153044031742898,0.0,0.0013891826419045739,0.0023153044031742898,0.0016907290088619632,0.0023153044031742898
2024-12-01,0.001120724537433837,0.001120724537433837,0.0,0.0006724347224603022,0.001120724537433837,0.0008188660061070046,0.001120724537433837
2024-12-02,-0.005553539840213475,-0.005553539840213475,-0.00010147858968012624,-0.0033727153400001353,-0.005553539840213475,-0.004088730150435801,-0.005553539840213475
2024-12-03,0.0003648012750013314,0.0003648012750013314,-0.0024485741618170687,-0.0007605488997260288,0.0003648012750013314,-0.00039508911394303957,0.0003648012750013314
2024-12-04,0.00893695146513001,0.00893695146513001,0.004312698862545428,0.007087250424096176,0.00893695146513001,0.007760729500684548,0.00893695146513001
2024-12-05,-0.004550348253124688,-0.004550348253124688,-0.0027036018154774077,-0.0038116496780657757,-0.004550348253124688,-0.0040768693742527715,-0.004550348253124688
2024-12-06,0.008192564890455525,0.008192564890455525,0.001923621466435932,0.005684987520847688,0.008192564890455525,0.006564357800696363,0.008192564890455525
2024-12-07,-8.356427686325348e-05,-8.356427686325348e-05,0.0,-5.0138566117952084e-05,-8.356427686325348e-05,-6.212665383894145e-05,-8.356427686325348e-05
2024-12-08,0.0015432613682948076,0.0015432613682948076,0.0,0.0009259568209768845,0.0015432613682948076,0.0011472654970721779,0.0015432613682948076
2024-12-09,-0.013004793689213935,-0.013004793689213935,-0.00027267302322067644,-0.00791194542281663,-0.013004793689213935,-0.009737622365045443,-0.013004793689213935
2024-12-10,-0.007781649683286306,-0.007781649683286306,0.002251039540886568,-0.0037685739936171563,-0.007781649683286306,-0.005059716844871692,-0.007781649683286306
2024-12-11,0.01669826902724858,0.01669826902724858,0.00011317475313732395,0.010064231317604077,0.01669826902724858,0.012098001781326672,0.01669826902724858
2024-12-12,-0.005011002467927011,-0.005011002467927011,-0.006826137923816811,-0.005737056650282931,-0.005011002467927011,-0.005538375035848565,-0.005011002467927011
2024-12-13,0.001208236104684494,0.001208236104684494,-0.006661475392456817,-0.0019396484941720305,0.001208236104684494,-0.001106396118789504,0.001208236104684494
2024-12-14,-0.0013103789598487075,-0.0013103789598487075,0.0,-0.0007862273759092244,-0.0013103789598487075,-0.0009347780499480303,-0.0013103789598487075
2024-12-15,0.005606156930758586,0.005606156930758586,0.0,0.0033636941584551513,0.005606156930758586,0.003995777533892602,0.0
2024-12-16,0.0017765522339448934,0.0017765522339448934,0.0010194561893763776,0.0014737138161174872,0.0017765522339448934,0.0015587604056042097,0.0017765522339448934
2024-12-17,-0.0071975790743633705,-0.0071975790743633705,-0.0001030978579508457,-0.00435978658779836,-0.0071975790743633705,-0.005246704019965619,-0.0071975790743633705
2024-12-18,-0.03788521687290394,-0.03788521687290394,-0.006961076606249866,-0.025515560766242312,-0.03788521687290394,-0.02940684936644721,-0.03788521687290394
2024-12-19,-0.01305850773685873,-0.01305850773685873,-0.0040725579885038665,-0.009464127837516784,-0.01305850773685873,-0.009734219690607244,-0.01305850773685873
2024-12-20,0.008790184540417332,0.008790184540417332,0.003729715208312112,0.0067659968075752435,0.008790184540417332,0.00686975692661512,0.008790184540417332
2024-12-21,-0.0031855308242232355,-0.004933955483601821,0.0,-0.0029603732901610927,-0.004933955483601821,-0.0030503281117788723,0.0
2024-12-22,-0.0017733449430897459,-0.004409810285095733,0.0,-0.0026458861710574396,-0.004409810285095733,-0.0027192529408916204,-0.004409810285095733
2024-12-23,0.002999825861504715,0.007587196647424059,-0.003660405806716921,0.0030881556657676662,0.007587196647424059,0.003271212331777964,0.007587196647424059
2024-12-24,0.012737887183523294,0.013610267512880463,0.002373613929713192,0.009115606079613554,0.013610267512880463,0.009350650307741801,0.002373613929713192
2024-12-25,0.000691726958528435,0.0007393460061474825,0.0,0.00044360760368848944,0.0007393460061474825,0.0004536334813183775,0.0007393460061474825
2024-12-26,-0.0075858780037727875,-0.0075858780037727875,0.0012245063372209875,-0.004061724267375277,-0.0075858780037727875,-0.004250101449111707,-0.0075858780037727875
2024-12-27,-0.006994117693057713,-0.006994117693057713,-0.004843688428595366,-0.006133945987272775,-0.006994117693057713,-0.006174232361715394,-0.006994117693057713
2024-12-28,0.0034814290409767145,0.0034814290409767145,0.0,0.0020888574245860286,0.0034814290409767145,0.0021547924602904616,0.0034814290409767145
2024-12-29,-0.0034897857460740095,-0.0034897857460740095,0.0,-0.0020938714476444057,-0.0034897857460740095,-0.0021594233226311164,-0.0034897857460740095
2024-12-30,-0.0047180798385299105,-0.0047180798385299105,0.0029342074980885646,-0.0016571649038825205,-0.0047180798385299105,-0.0017938644453079752,-0.0047180798385299105
2024-12-31,0.001947787383608901,0.001947787383608901,0.0008708876972400026,0.0015170275090613417,0.001947787383608901,0.0015356514390884777,0.001947787383608901
2025-01-01,0.0018772702926812793,0.0018772702926812793,0.0,0.0011263621756087674,0.0018772702926812793,0.0011605520810072571,0.0018772702926812793
2025-01-02,0.006767756528463866,0.006767756528463866,0.006343572885457782,0.006598083071261433,0.006767756528463866,0.006605795296064102,0.006767756528463866
2025-01-03,0.013624710617313272,0.013624710617313272,-0.003929181028990036,0.006603153958791948,0.013624710617313272,0.007184655633639571,0.013624710617313272
2025-01-04,0.0017700593525853156,0.0017700593525853156,0.0,0.0010620356115511893,0.0017700593525853156,0.0011085215859529443,0.0
2025-01-05,-0.0006279419670791967,-0.0006279419670791967,0.0,-0.000376765180247518,-0.0006279419670791967,-0.00039349995053887467,-0.0006279419670791967
2025-01-06,0.007208504763370625,0.007208504763370625,-0.0032743678457781145,0.0030153557197111283,0.007208504763370625,0.0033006254576306033,0.007208504763370625
2025-01-07,-0.018507561341502825,-0.018507561341502825,-0.0016134004979770078,-0.011749897004092498,-0.018507561341502825,-0.012184144350463218,-0.018507561341502825
2025-01-08,-0.004265983528937639,-0.004265983528937639,0.0030167792900741563,-0.0013528784013329205,-0.004265983528937639,-0.001443357292053228,0.0030167792900741563
2025-01-09,-0.006562970459386475,-0.006562970459386475,0.0,-0.003937782275631884,-0.006562970459386475,-0.004422697354441028,-0.006562970459386475
2025-01-10,-0.002523598082185546,-0.002523598082185546,0.00017901295208061496,-0.0014425536684790814,-0.002523598082185546,-0.001661827373022887,-0.002523598082185546
2025-01-11,0.0003425912729130534,0.0003425912729130534,0.0,0.00020555476374783203,0.0003425912729130534,0.00023351094996554083,0.0003425912729130534
2025-01-12,-0.0006424940681784502,-0.0006424940681784502,0.0,-0.00038549644090707006,-0.0006424940681784502,-0.00043970493807858114,-0.0006424940681784502
2025-01-13,-0.00018142595828822086,-0.00018142595828822086,-0.0022575358434672177,-0.0010118699123598197,-0.00018142595828822086,-0.0008291555381115287,-0.00018142595828822086
2025-01-14,0.009366181942020015,0.009366181942020015,-0.0006064257831097375,0.005377138851968113,0.009366181942020015,0.006478561873673763,0.009366181942020015
2025-01-15,0.024643922808213887,0.024643922808213887,0.008391288824353749,0.01814286921466983,0.024643922808213887,0.020009905836447302,0.024643922808213887
2025-01-16,-0.0029896994003275734,-0.0029896994003275734,0.003131290199504533,-0.0005413035603947308,-0.0029896994003275734,-0.0009959444977948356,-0.0029896994003275734
2025-01-17,0.015020629550636495,0.015020629550636495,0.00022225657210189764,0.009101280359222657,0.015020629550636495,0.0103394499968102,0.015020629550636495
2025-01-18,-0.00544064557085206,-0.00544064557085206,0.0,-0.003264387342511236,-0.00544064557085206,-0.0036491035291316186,-0.00544064557085206
2025-01-19,-0.006785905526356915,-0.006785905526356915,0.0,-0.004071543315814149,-0.006785905526356915,-0.00453564554732146,-0.006785905526356915
2025-01-20,0.0034105585354069737,0.0034105585354069737,0.0,0.0020463351212441842,0.0034105585354069737,0.002270825080429931,0.0034105585354069737
2025-01-21,0.01318755183291076,0.01318755183291076,0.00374956107139926,0.00941235552830616,0.01318755183291076,0.010111455412105046,0.01318755183291076
2025-01-22,-0.008510829769412802,-0.008510829769412802,-0.0002441760779818003,-0.005204168292840401,-0.008510829769412802,-0.005736478439840723,-0.008510829769412802
2025-01-23,0.006755877850726535,0.006755877850726535,-0.003029855053398922,0.002841584689076352,0.006755877850726535,0.0034246745923549034,0.006755877850726535
2025-01-24,-0.0012033289001711633,-0.0012033289001711633,0.0016606310030993776,-5.7744938862946894e-05,-0.0012033289001711633,-0.00029281767722842103,-0.0012033289001711633
2025-01-25,0.00014787235679619086,0.00014787235679619086,0.0,8.872341407771451e-05,0.00014787235679619086,0.00010095373420234288,0.00014787235679619086
2025-01-26,-0.004873886595173232,-0.004873886595173232,0.0,-0.002924331957103939,-0.004873886595173232,-0.0033275482098545687,-0.004873886595173232
2025-01-27,-0.009848949612223589,-0.009848949612223589,0.002058880802127877,-0.005085817446483002,-0.009848949612223589,-0.00605213689025531,-0.009848949612223589
2025-01-28,-0.004099004733864857,-0.004099004733864857,0.0030479907971290854,-0.00124020652146728,-0.004099004733864857,-0.001780705519729562,0.0030479907971290854
2025-01-29,0.001902221278674343,0.001902221278674343,-0.0012543613680123522,0.0006395882199996648,0.001902221278674343,0.0008783981167106482,0.001902221278674343
2025-01-30,0.011422217660160803,0.011422217660160803,0.005261514051665861,0.008957936216762826,0.011422217660160803,0.00951794469037021,0.011422217660160803
2025-01-31,-0.00708862155694354,-0.00708862155694354,-0.0005288973715068257,-0.004464731882768853,-0.00708862155694354,-0.005007044837863628,-0.00708862155694354
2025-02-01,-0.007959476026297922,-0.007959476026297922,0.0,-0.0047756856157787535,-0.007959476026297922,-0.005428350470139622,-0.007959476026297922
2025-02-02,-0.012170033689585432,-0.012170033689585432,0.0,-0.007302020213751259,-0.012170033689585432,-0.00825871978471226,-0.012170033689585432
2025-02-03,0.0019246933768685753,0.0019246933768685753,0.00464893870455263,0.003014391507942197,0.0019246933768685753,0.0028232169796846536,0.00464893870455263
2025-02-04,-0.001973662113498056,-0.001973662113498056,0.0015701929516642454,-0.0005561200874331354,-0.001973662113498056,-0.0008091524077065025,-0.001973662113498056
2025-02-05,0.005053969996410945,0.005053969996410945,0.006705650405939956,0.0057146421602225494,0.005053969996410945,0.0055968856156841445,0.005053969996410945
2025-02-06,-0.004570676098083926,-0.004570676098083926,-0.0012383514854162059,-0.0032377462530168376,-0.004570676098083926,-0.003487325590452284,-0.004570676098083926
2025-02-07,-0.007891263816201052,-0.007891263816201052,-0.0008878265095290661,-0.005089888893532257,-0.007891263816201052,-0.005614349703604003,-0.007891263816201052
2025-02-08,0.00037417057166755363,0.00037417057166755363,0.0,0.00022450234300053218,0.00037417057166755363,0.00025312402162454707,0.0
2025-02-09,-0.0001311005279938351,-0.0001311005279938351,0.0,-7.866031679630106e-05,-0.0001311005279938351,-8.868176251730358e-05,-0.0001311005279938351
2025-02-10,0.009813901283738899,0.009813901283738899,0.00418933567513477,0.007564075040297247,0.009813901283738899,0.00799578406131503,0.00418933567513477
2025-02-11,-0.00243965829357499,-0.00243965829357499,-0.00400527314326421,-0.003065904233450678,-0.00243965829357499,-0.0029412839446908167,-0.00243965829357499
2025-02-12,0.0023677586983669916,0.0023677586983669916,-0.00468341387579696,-0.0004527103312985893,0.0023677586983669916,0.00013140396983831425,0.0023677586983669916
2025-02-13,0.003954901696318242,0.003954901696318242,0.006453458519728672,0.004954324425682414,0.003954901696318242,0.0046990672514808825,0.003954901696318242
2025-02-14,0.0036307324311612987,0.0036307324311612987,-0.0020287413601851323,0.0013669429146227264,0.0036307324311612987,0.001945306162812902,0.0036307324311612987
2025-02-15,-0.0012446009246388872,-0.0012446009246388872,0.0,-0.0007467605547833323,-0.0012446009246388872,-0.000872752014639404,0.0
2025-02-16,-0.002847766476764867,-0.002847766476764867,0.0,-0.0017086598860589202,-0.002847766476764867,-0.0019969636814020928,0.0
2025-02-17,0.002868653977340399,0.002868653977340399,0.0,0.0017211923864042392,0.002868653977340399,0.0020178884689604315,0.002868653977340399
2025-02-18,0.0023734953344877554,0.0023734953344877554,0.0003714066734028243,0.001572659870053783,0.0023734953344877554,0.0017788520488878758,0.0023734953344877554
2025-02-19,0.003813117592093277,0.003813117592093277,0.0011117408012667473,0.002732566875762665,0.003813117592093277,0.0030180446904877127,0.003813117592093277
2025-02-20,0.003168445165937888,0.003168445165937888,-0.00039313678773422733,0.0017438123844690419,0.003168445165937888,0.0025836258662779526,0.003168445165937888
2025-02-21,-0.018815574082672686,-0.018815574082672686,0.005129190816506507,-0.009237668123001008,-0.018815574082672686,-0.015398975069299325,-0.018815574082672686
2025-02-22,0.004883080377483701,0.004883080377483701,0.0,0.0029298482264902208,0.004883080377483701,0.004012831251236612,0.0
2025-02-23,0.001953078813602861,0.001953078813602861,0.0,0.0011718472881617167,0.001953078813602861,0.0016059918764427942,0.001953078813602861
2025-02-24,-0.020331457782500475,-0.020331457782500475,0.0027883063298870248,-0.011083552137545475,-0.020331457782500475,-0.01627482148675744,-0.020331457782500475
2025-02-25,-0.006984568341458762,-0.006984568341458762,0.002039574280150086,-0.0033749112928152226,-0.006984568341458762,-0.005052385634679527,-0.006984568341458762
2025-02-26,-0.014151134795196843,-0.014151134795196843,0.0030625764873850603,-0.007265650282164082,-0.014151134795196843,-0.010719937245362712,-0.014151134795196843
2025-02-27,-0.0073838992957483175,-0.0073838992957483175,-0.004059659027105589,-0.0060542031882912265,-0.0073838992957483175,-0.006659487004537013,-0.0073838992957483175
2025-02-28,0.003025757715047971,0.003025757715047971,0.003981979982428552,0.0034082466220002033,0.003025757715047971,0.0032338781205967105,0.003025757715047971
2025-03-01,0.0011289714400387002,0.0011289714400387002,0.0,0.0006773828640232201,0.0011289714400387002,0.0008864436162128733,0.0011289714400387002
2025-03-02,0.025802314306178322,0.025802314306178322,0.0,0.015481388583706993,0.025802314306178322,0.020292776375830084,0.025802314306178322
2025-03-03,-0.03640433254653498,-0.03640433254653498,0.00298763525544124,-0.02064754542574449,-0.03640433254653498,-0.025675307513960483,-0.03640433254653498
2025-03-04,-0.002178039956093102,-0.002178039956093102,-0.003923600715696418,-0.0028762642599344285,-0.004923600715696418,-0.002799412197537795,-0.002178039956093102
2025-03-05,0.01373091477899329,0.01373091477899329,-0.005901985192340475,0.005877754790459784,-0.005901985192340475,0.006746147817558066,0.01373091477899329
2025-03-06,-0.013716681109558863,-0.013716681109558863,-0.002404868821875822,-0.009191956194485647,-0.002404868821875822,-0.009574084451457188,-0.013716681109558863
2025-03-07,-0.0006839251999072068,-0.0006839251999072068,-0.0017789788604989643,-0.0011219466641439098,-0.0017789788604989643,-0.0010915803048923449,-0.0006839251999072068
2025-03-08,0.002494497226518671,0.002494497226518671,0.0,0.0014966983359112026,0.0,0.0015928378428637375,0.002494497226518671
2025-03-09,-0.01654981088714205,-0.01654981088714205,0.0,-0.009929886532285229,0.0,-0.010563802810942045,-0.01654981088714205
2025-03-10,-0.024993579266976058,-0.024993579266976058,0.0023430415963121287,-0.014058930921660781,0.0023430415963121287,-0.014770611930089265,-0.024993579266976058
2025-03-11,0.006482278328027983,0.006482278328027983,-0.001155046102762819,0.003427348555711662,-0.001155046102762819,0.0034537973517470605,0.006482278328027983
2025-03-12,0.0035241205030524586,0.0035241205030524586,-0.000526277041409895,0.0019039614852675172,-0.000526277041409895,0.001959628781368335,0.0035241205030524586
2025-03-13,-0.015436709817394903,-0.015436709817394903,0.00852579388621899,-0.005851708335949345,0.00852579388621899,-0.006165437752750573,-0.015436709817394903
2025-03-14,0.02258289692181302,0.02258289692181302,-0.0023578704190241606,0.012606589985478148,-0.0023578704190241606,0.01273534082844956,0.02258289692181302
2025-03-15,0.0021199689543142724,0.0021199689543142724,0.0,0.0012719813725885635,0.0,0.001232501376091452,0.0021199689543142724
2025-03-16,-0.0029113282195635274,-0.00518830183765225,0.0,-0.00311298110259135,0.0,-0.0030147704857329378,-0.00518830183765225
2025-03-17,0.009551445171931081,0.01299551467805777,0.001844049184392127,0.008534928480591512,0.001844049184392127,0.008315910444688256,0.01299551467805777
2025-03-18,-0.006482839659697809,-0.006197125373983524,0.003280206400879143,-0.0024061926640384567,0.003280206400879143,-0.0021491309604132116,-0.006197125373983524
2025-03-19,0.015864737943241287,0.02015817221533673,0.0037074393674649264,0.013577879076188008,0.0037074393674649264,0.013180674907942167,0.02015817221533673
2025-03-20,-0.007470461978028692,-0.009320695773013298,0.0009188556383935287,-0.005224875208450567,0.0009188556383935287,-0.00506310209101429,-0.009320695773013298
2025-03-21,-0.004059470497842135,-0.0047560851140874645,-0.0029103819345228377,-0.004017803842261613,-0.0029103819345228377,-0.00398393113435803,-0.0047560851140874645
2025-03-22,0.00014704402615189335,0.0005803672972685137,0.0,0.0003482203783611082,0.0,0.00034368504871916004,0.0005803672972685137
2025-03-23,0.002796834909080316,0.004362438770231754,0.0,0.002617463262139052,0.0,0.0025855216213250725,0.004362438770231754
2025-03-24,0.016077156431840243,0.01642239452707834,-0.0046850687198679575,0.00797940922829982,-0.0046850687198679575,0.007822590683019015,0.01642239452707834
2025-03-25,-0.0003009166078510934,-0.0003009166078510934,0.0012329881165993317,0.0003126452819290767,0.0012329881165993317,0.0003421392339617253,-0.0003009166078510934
2025-03-26,-0.006470376894245037,-0.008873214550250093,-0.0012915287968449374,-0.00584054024888803,-0.0012915287968449374,-0.005757817508433661,-0.008873214550250093
2025-03-27,-0.0026682612157278855,-0.0023031818506485204,0.0016253888147468587,-0.0007317535844903688,0.0016253888147468587,-0.0006880093871760731,-0.0023031818506485204
2025-03-28,-0.018963078866239762,-0.018963078866239762,0.006888083267319545,-0.008622614012816039,0.006888083267319545,-0.008404214417087347,-0.018963078866239762
2025-03-29,-0.006309198106465044,-0.006309198106465044,0.0,-0.003785518863879026,0.0,-0.00365415104720714,-0.006309198106465044
2025-03-30,-0.0012022135438948338,-0.001636972663268726,0.0,-0.0009821835979612356,0.0,-0.0009469717551312816,-0.001636972663268726
2025-03-31,0.0054068993040746124,0.004382912350935501,0.007058508181628287,0.005453150683212615,0.007058508181628287,0.005509678870671032,0.004382912350935501
2025-04-01,0.009326523819935595,0.01066032650639226,0.0028128803505459987,0.007521348044053754,0.0028128803505459987,0.0073654337778675215,0.01066032650639226
2025-04-02,-0.0050067280732229895,-0.004879743946238863,-0.0009369711031992078,-0.003302634809023001,-0.0009369711031992078,-0.0032030554653503344,-0.004879743946238863
2025-04-03,-0.009650903098639441,-0.03577619176304622,-0.0021842474886377694,-0.02233941405328284,-0.0021842474886377694,-0.02148806298975223,-0.0021842474886377694
2025-04-04,-0.01468362748755357,-0.043803707384774015,0.0003475509032472568,-0.026143204069565506,0.0003475509032472568,-0.02349788407543992,-0.043803707384774015
2025-04-05,-0.00033730158730158733,-0.0010222740110502,0.0,-0.0006133644066301199,0.0,-0.0005039046651679365,-0.0010222740110502
2025-04-06,0.0,-0.021143402649743324,0.0,-0.012686041589845994,0.0,-0.010435273086633032,-0.021143402649743324
2025-04-07,-0.014731874286880837,-0.009066221733995936,-0.014826320694833972,-0.011370261318331151,-0.014826320694833972,-0.01201812441127691,-0.009066221733995936
2025-04-08,-0.006550420964473633,-0.025140945660440783,-0.00576155630761549,-0.017389189919310665,-0.00576155630761549,-0.015202048425274454,-0.025140945660440783
2025-04-09,0.01478291967439949,0.08621218889499084,0.01028317689672495,0.05584058409568449,0.01028317689672495,0.04643594893058978,0.01028317689672495
2025-04-10,-0.008267766789545584,-0.04129197461139914,-0.007558774728374462,-0.02779869465818927,-0.007558774728374462,-0.019798693510972847,-0.04129197461139914
2025-04-11,0.002446252931563542,0.022694338119795685,0.0024660942014048115,0.014603040552439335,0.0024660942014048115,0.00952500411886342,0.022694338119795685
2025-04-12,0.00013735737111749799,0.007922811504321923,0.0,0.004753686902593154,0.0,0.0027249029204964963,0.007922811504321923
2025-04-13,-0.000352424033409796,-0.0052540570946179276,0.0,-0.0031524342567707565,0.0,-0.0018029958860768275,-0.0052540570946179276
2025-04-14,0.0024941426226049905,0.010034348826682526,0.0015427634058377548,0.006637714658344618,0.0015427634058377548,0.004456271316035595,0.010034348826682526
2025-04-15,0.0030089539633795137,-0.0026286467247626203,0.004306983098482875,0.00014560520453557797,0.004306983098482875,0.0019276322975357793,-0.0026286467247626203
2025-04-16,0.0060473184874211315,-0.005345837597182496,0.008524091549291485,0.0002021340614070965,0.008524091549291485,0.0037658672159438045,-0.005345837597182496
2025-04-17,-0.001065532387930235,0.009030287185496897,-0.0038334007967550654,0.003884811992596112,-0.0038334007967550654,0.0005806379546990934,0.009030287185496897
2025-04-18,-5.190257428758777e-05,-0.0001346574786745331,0.0,-8.079448720471986e-05,0.0,-4.61097802541192e-05,-0.0001346574786745331
2025-04-19,0.0005914666875681829,0.0024841600877863654,0.0,0.0014904960526718192,0.0,0.0008512244188911094,0.0024841600877863654
2025-04-20,-0.0004856547088689288,-0.0016054998090709995,0.0,-0.0009632998854425996,0.0,-0.0005498735604405579,-0.0016054998090709995
2025-04-21,-0.003807139757434212,-0.011867218960674195,-0.00036360337188054426,-0.007265772725156734,-0.00036360337188054426,-0.004303552421487244,-0.00036360337188054426
2025-04-22,0.011172077341834698,0.03650347489225049,-0.0005808982630098602,0.02166972563014635,-0.0005808982630098602,0.012099826540142265,0.03650347489225049
2025-04-23,0.0021009726808214925,0.00825715336678718,-0.0010024725785023614,0.004553302988671364,-0.0010024725785023614,0.002058942175297851,-0.0010024725785023614
2025-04-24,0.00793653378690107,0.011020309916827231,0.006531289075307506,0.009224701580219341,0.006531289075307506,0.008013177197547263,0.011020309916827231
2025-04-25,0.0019047545184596667,0.004290107455071659,0.0007205928441361975,0.002862301610697474,0.0007205928441361975,0.0018953785909587926,0.004290107455071659
2025-04-26,0.0007541291668947269,0.00210569000060496,0.0,0.001263414000362976,0.0,0.0006971961712045563,0.00210569000060496
2025-04-27,-0.0012891116821904054,-0.002816874035563472,0.0,-0.001690124421338083,0.0,-0.0009332153382145678,-0.002816874035563472
2025-04-28,0.004243823813657086,0.0038848922390443625,0.004581613091616671,0.004163580580073286,0.004581613091616671,0.0043507512066550584,0.0038848922390443625
2025-04-29,0.000518426047401023,0.00038245669337080536,0.0013510116038951137,0.0007698786575805288,0.0013510116038951137,0.0010275880673784252,0.00038245669337080536
2025-04-30,-0.0055212749532891365,-0.005893764121918098,-0.002587400538715756,-0.004571218688637161,-0.002587400538715756,-0.0036923670580869053,-0.005893764121918098
2025-05-01,0.00923707864877751,0.009403745315444178,-0.00609009608640057,0.0032062087547062783,-0.00609009608640057,-0.0008940721556385482,0.009403745315444178
2025-05-02,0.008156760703376545,0.012093179529788896,-0.004309935281718358,0.0055319336051859935,-0.004309935281718358,0.0011844132840650207,0.012093179529788896
2025-05-03,-0.0015852712013344097,-0.0017022197397103225,0.0,-0.0010213318438261935,0.0,-0.0005683150164022856,-0.0017022197397103225
2025-05-04,-0.002088170718843524,-0.0033555309319120616,0.0,-0.002013318559147237,0.0,-0.0011203035774190366,-0.0033555309319120616
2025-05-05,-0.001726937079929259,-0.003660988997542377,0.005167738151465789,-0.00012949813793911025,0.005167738151465789,0.002173136166043468,-0.003660988997542377
2025-05-06,-0.000594283031680297,-0.00034825128564855114,0.006925237402984646,0.002561144189804728,0.006925237402984646,0.004381008585882048,0.006925237402984646
2025-05-07,-0.0002653045486470878,-0.0002653045486470878,-0.0002011112837466411,-0.00023962724268690913,-0.0002011112837466411,-0.00022356781683154995,-0.0002653045486470878
2025-05-08,0.03745506055643417,0.03745506055643417,-0.0075676988987052884,0.019445956774378385,-0.0075676988987052884,0.008260735287474553,0.03745506055643417
2025-05-09,0.009539368532253135,0.009539368532253135,0.001652196882865442,0.006384499872498057,0.001652196882865442,0.004343762790585098,0.001652196882865442
2025-05-10,0.01308500676440135,0.01308500676440135,0.0,0.00785100405864081,0.0,0.004456760400154973,0.01308500676440135
2025-05-11,-0.003731934479359452,-0.003731934479359452,0.0,-0.002239160687615671,0.0,-0.001266557150531323,-0.003731934479359452
2025-05-12,0.014863599403784086,0.014863599403784086,-0.0074387295802041675,0.005942667810188783,-0.0074387295802041675,0.00018041735193476474,0.014863599403784086
2025-05-13,0.014493161513602089,0.014493161513602089,-0.0022755277825504128,0.007785685795141087,0.013493161513602088,0.0035222468169938265,0.014493161513602089
2025-05-14,-0.006626445901982408,-0.006626445901982408,-0.007313223282424897,-0.006901156854159403,-0.006626445901982408,-0.007076589066715145,-0.006626445901982408
2025-05-15,0.0015454243251189987,0.0015454243251189987,0.007194616073761206,0.0038051010245758817,0.0015454243251189987,0.005251107281445979,0.0015454243251189987
2025-05-16,0.0024229485307440462,0.0024229485307440462,-0.0015544319513317861,0.0008319963379137133,0.0024229485307440462,-0.00017640793462196983,0.0024229485307440462
2025-05-17,-0.0029724659078240365,-0.0029724659078240365,0.0,-0.0017834795446944219,-0.0029724659078240365,-0.001041089945765122,-0.0029724659078240365
2025-05-18,0.004513602455196682,0.004513602455196682,0.0,0.002708161473118009,0.004513602455196682,0.0015801355700792272,0.004513602455196682
2025-05-19,-0.00025715627580712315,-0.00025715627580712315,0.0006592440627272711,0.0001094038596066346,-0.00025715627580712315,0.0003381538279351169,-0.00025715627580712315
2025-05-20,0.000610248297390993,0.000610248297390993,0.0018125604779082871,0.0010911731695979108,0.000610248297390993,0.0013899005764433806,0.000610248297390993
2025-05-21,-0.008104906493787934,-0.008104906493787934,-0.005246788039405814,-0.006961659112035086,-0.008104906493787934,-0.006252954803195066,-0.005246788039405814
2025-05-22,0.005558841554033905,0.005558841554033905,0.0007614456233111522,0.0036398831817448037,0.005558841554033905,0.002462091589330125,0.005558841554033905
2025-05-23,-0.010998002766449973,-0.010998002766449973,0.004799637614282565,-0.004678946614156958,-0.010998002766449973,-0.0008131347188636852,-0.010998002766449973
2025-05-24,0.0007062012421776842,0.0007062012421776842,0.0,0.0004237207453066105,-0.001,0.0002501860394070175,0.0007062012421776842
2025-05-25,0.0022097539698504834,0.0022097539698504834,0.0,0.00132585238191029,0.0,0.0007828521860780797,0.0022097539698504834
2025-05-26,0.0009515078427290281,0.0009515078427290281,0.0,0.0005709047056374169,0.0,0.00033717366835926503,0.0009515078427290281
2025-05-27,0.015108709406561234,0.015108709406561234,0.001661680619502226,0.009729897891737631,0.001661680619502226,0.006456165331478164,0.015108709406561234
2025-05-28,-0.005894978089087825,-0.005894978089087825,-0.0015182250958550025,-0.004144276891794696,-0.006894978089087825,-0.0030707635998234416,-0.005894978089087825
2025-05-29,-0.0015457917908592424,-0.0015457917908592424,0.003474958411450735,0.0004625082900647485,-0.0015457917908592424,0.001691677815485191,0.003474958411450735
2025-05-30,-0.00859681394891739,-0.00859681394891739,-0.000615599624458979,-0.005404328219134024,-0.00859681394891739,-0.0034507183369111584,-0.00859681394891739
2025-05-31,0.000645657930860466,0.000645657930860466,0.0,0.00038739475851627957,0.000645657930860466,0.000231201855549637,0.000645657930860466
2025-06-01,0.001392130413075263,0.001392130413075263,0.0,0.0008352782478451578,0.001392130413075263,0.000499259080149027,0.001392130413075263
2025-06-02,0.010332054785019787,0.010332054785019787,0.0017394545195829336,0.006895014678845046,0.010332054785019787,0.004821765778016703,0.0017394545195829336
2025-06-03,0.0032177853400540135,0.0032177853400540135,-0.0012429832590165613,0.0014334779004257837,0.0032177853400540135,0.0003542553556609595,0.0032177853400540135
2025-06-04,-0.0018846259063158967,-0.0018846259063158967,0.006413609433328776,0.0014346682295419725,-0.0018846259063158967,0.003435997752949259,-0.0018846259063158967
2025-06-05,-0.012616961149857763,-0.012616961149857763,-0.0020122148667579276,-0.008375062636617829,-0.012616961149857763,-0.0058203391914072285,-0.012616961149857763
2025-06-06,0.013803457139047515,0.013803457139047515,-0.007242225496339905,0.0053851840848925464,0.013803457139047515,0.0005640528761160458,0.013803457139047515
2025-06-07,0.0035159218821996735,0.0035159218821996735,0.0,0.002109553129319804,0.0035159218821996735,0.0013834537103003923,0.0035159218821996735
2025-06-08,-0.0005039740513336962,-0.0005039740513336962,0.0,-0.0003023844308002177,-0.0005039740513336962,-0.00019839196948606187,-0.0005039740513336962
2025-06-09,0.013763091129710883,0.013763091129710883,0.0012600363322360086,0.008761869210720932,0.013763091129710883,0.006272712664422293,0.013763091129710883
2025-06-10,0.010220110572773932,0.010220110572773932,0.002061794955723728,0.0069567843259538496,0.010220110572773932,0.00533737873674708,0.010220110572773932
2025-06-11,-0.0015497303793150614,-0.0016890392371134248,0.002236446776652218,-0.00011884483160716779,-0.0016890392371134248,0.0006175973669711917,0.002236446776652218
2025-06-12,-0.005700537220781489,-0.005652918173162442,0.005350712310781769,-0.0012514659795847573,-0.005652918173162442,-0.0008978502868690827,-0.005652918173162442
2025-06-13,-0.004655636963061223,-0.004655636963061223,0.0005873161492753465,-0.002558455718126595,-0.004655636963061223,-0.002843495655489272,-0.004655636963061223
2025-06-14,-0.002631086713998279,-0.002631086713998279,0.0,-0.0015786520283989673,-0.002631086713998279,-0.001773048135674078,-0.002631086713998279
2025-06-15,0.0006712631479155709,0.0006712631479155709,0.0,0.0004027578887493425,0.0006712631479155709,0.00045228674748603773,0.0006712631479155709
2025-06-16,0.004881239652820045,0.004881239652820045,-0.006524053164921384,0.00031912252572347324,0.004881239652820045,0.0012028151709333542,0.004881239652820045
2025-06-17,-0.005154148438474702,-0.005154148438474702,0.0060481781082414865,-0.0006732178197882263,-0.005154148438474702,-0.0015762012296617336,-0.005154148438474702
2025-06-18,0.0015875474240444702,0.0015875474240444702,-0.00029754189000519293,0.0008335116984246049,0.0015875474240444702,0.000981502386539007,0.0015875474240444702
2025-06-19,-0.0003274113030919586,-0.0003274113030919586,0.0,-0.00019644678185517516,-0.0003274113030919586,-0.0002234719685354429,-0.0003274113030919586
2025-06-20,-0.006803025526422152,-0.006803025526422152,-0.0006812019687215953,-0.004354296103341929,-0.006803025526422152,-0.004872287129352559,-0.006803025526422152
2025-06-21,-0.006061491458526907,-0.006061491458526907,0.0,-0.003636894875116144,-0.006061491458526907,-0.004118571505408452,0.0
2025-06-22,-0.004871402956597184,-0.004871402956597184,0.0,-0.00292284177395831,-0.004871402956597184,-0.0032879468169119638,-0.004871402956597184
2025-06-23,0.01389343978581571,0.01389343978581571,0.001443535473805685,0.0089134780610117,0.01389343978581571,0.009818556421688213,0.01389343978581571
2025-06-24,0.003558305257044086,0.003558305257044086,-0.0025280861395289844,0.0011237486984148578,0.003558305257044086,0.0015950296483629425,0.003558305257044086
2025-06-25,-0.004789244994465129,-0.004789244994465129,0.0005344617785293104,-0.002659762285267353,-0.004789244994465129,-0.0035395689876862933,-0.004789244994465129
2025-06-26,0.006288811566560162,0.006288811566560162,0.0008565393293513968,0.0041159026716766555,0.006288811566560162,0.005009436830647142,0.006288811566560162
2025-06-27,0.0015969107893632915,0.0015969107893632915,-0.006312791029179116,-0.0015669699380536715,0.0015969107893632915,-0.00021963442952125582,0.0015969107893632915
2025-06-28,0.0008553003361969501,0.0008553003361969501,0.0,0.0005131802017181701,0.0008553003361969501,0.000659335579641938,0.0008553003361969501
2025-06-29,0.0040061925869722004,0.0040061925869722004,0.0,0.00240371555218332,0.0040061925869722004,0.00308797595469564,0.0040061925869722004
2025-06-30,-0.0003242991918092815,-0.0003242991918092815,0.0051569775833640585,0.0018682115182600547,-0.0003242991918092815,0.0009230728285616952,-0.0003242991918092815
2025-07-01,-0.002837390155066689,-0.002837390155066689,0.002294122040663038,-0.0007847852767747983,-0.002837390155066689,-0.0016691517193969615,-0.002837390155066689
2025-07-02,0.01810432235336,0.01810432235336,-0.0009173381476010045,0.010495658152975597,0.01810432235336,0.01373885301387298,0.01810432235336
2025-07-03,0.004880983757658639,0.004880983757658639,-0.003104124614376036,0.001686940408844769,0.004880983757658639,0.0029071752417348224,0.004880983757658639
2025-07-04,-0.005172579354966424,-0.005172579354966424,0.0,-0.0031035476129798547,-0.005172579354966424,-0.003914380659170727,-0.005172579354966424
2025-07-05,0.0005905371648574507,0.0005905371648574507,0.0,0.00035432229891447045,0.0005905371648574507,0.00044957125308454546,0.0
2025-07-06,0.0034091302789960062,0.0034091302789960062,0.0,0.0020454781673976035,0.0034091302789960062,0.0025987414556703915,0.0034091302789960062
2025-07-07,-0.008827956812915864,-0.008827956812915864,-0.002156196876716421,-0.006159252838436087,-0.008827956812915864,-0.007257582066503957,-0.008827956812915864
2025-07-08,0.008598849154006586,0.008598849154006586,-0.003115820187864382,0.003912981417258198,0.008598849154006586,0.005752729436792586,0.008598849154006586
2025-07-09,0.011835661727428424,0.011835661727428424,0.005031844806831276,0.009114134959189564,0.011835661727428424,0.010159751201294268,0.011835661727428424
2025-07-10,0.013877699512396998,0.013877699512396998,0.0010586189770903087,0.008750067298274322,0.013877699512396998,0.010623327484928061,0.013877699512396998
2025-07-11,0.00030642199185812767,0.00030642199185812767,-0.0014720953578165885,-0.0004049849480117589,0.00030642199185812767,6.21906858506882e-05,0.00030642199185812767
2025-07-12,-0.0006398202174954854,-0.0006398202174954854,0.0,-0.00038389213049729124,-0.0006398202174954854,-0.0005568465278248751,-0.0006398202174954854
2025-07-13,0.002739923249488759,0.002739923249488759,0.0,0.0016439539496932553,0.002739923249488759,0.0024324698725597268,0.002739923249488759
2025-07-14,0.002098887806285668,0.002098887806285668,-0.0009016012351422964,0.000898692189714482,0.002098887806285668,0.0017735882796187123,0.002098887806285668
2025-07-15,-0.004401396782549052,-0.004401396782549052,-0.0023979625061947563,-0.003600023072007333,-0.004401396782549052,-0.004237926724403874,-0.004401396782549052
2025-07-16,0.01139889274493391,0.01139889274493391,0.0013809644352463513,0.007391721421058886,0.01139889274493391,0.010816247570877057,0.01139889274493391
2025-07-17,0.008768163800430872,0.008768163800430872,0.00041545703227272024,0.005427081093167611,0.008768163800430872,0.008224690399654466,0.008768163800430872
2025-07-18,-0.0006452885875316314,-0.0006452885875316314,0.0013584020639485495,0.000156187673060441,-0.0006452885875316314,-0.0004973296964883219,-0.0006452885875316314
2025-07-19,0.0013886490367046342,0.0013886490367046342,0.0,0.0008331894220227805,0.0013886490367046342,0.001285295720330594,0.0013886490367046342
2025-07-20,0.004472316261827992,0.004472316261827992,0.0,0.002683389757096795,0.004472316261827992,0.004153867830671133,0.004472316261827992
2025-07-21,0.00023477186660119601,0.00023477186660119601,0.005304374816472529,0.0022626130465497295,0.00023477186660119601,0.0005955472934666729,0.00023477186660119601
2025-07-22,0.005206926012098625,0.005206926012098625,0.0033104923102927897,0.004448352531376291,0.005206926012098625,0.0050724349641417055,0.005206926012098625
2025-07-23,0.0028848469156454015,0.0028848469156454015,-0.005751001346126772,-0.0005694923890634679,0.0028848469156454015,0.002255112947172629,0.0028848469156454015
2025-07-24,0.0004551907135457784,0.0004551907135457784,-0.0016884652235751585,-0.0004022716613025964,0.0004551907135457784,0.00033252536176769156,0.0004551907135457784
2025-07-25,-0.0006434153870639293,-0.0006434153870639293,0.00039410848855955805,-0.00022840583681453435,-0.0006434153870639293,-0.0005863426936193408,-0.0006434153870639293
2025-07-26,0.000715402485800487,0.000715402485800487,0.0,0.0004292414914802922,0.000715402485800487,0.000696228983202792,0.000715402485800487
2025-07-27,0.005389183132794301,0.005389183132794301,0.0,0.0032335098796765806,0.005389183132794301,0.005244769013348312,0.0
2025-07-28,-0.00489759678436657,-0.00489759678436657,-0.0009420762302668473,-0.0033153885627266806,-0.00489759678436657,-0.00478262158002526,-0.00489759678436657
2025-07-29,0.0030847895107400194,0.0030847895107400194,0.007185192500783533,0.0047249507067574255,0.0030847895107400194,0.003237793548065428,0.007185192500783533
2025-07-30,-0.004412895519714331,-0.004412895519714331,-0.004025507727616395,-0.004257940402875157,-0.004412895519714331,-0.004411554238890431,-0.004412895519714331
2025-07-31,-0.011583642640036565,-0.011583642640036565,0.0025549872302923493,-0.005928190691904998,-0.011583642640036565,-0.011583642640036565,-0.011583642640036565
2025-08-01,-0.0192880578030122,-0.0192880578030122,0.008550206893944562,-0.008152751924229495,-0.0192880578030122,-0.018422969113568916,-0.0192880578030122
2025-08-02,-0.003823541296962718,-0.003823541296962718,0.0,-0.0022941247781776307,-0.003823541296962718,-0.003492463170850741,-0.003823541296962718
2025-08-03,0.005096341489502467,0.005096341489502467,0.0,0.0030578048937014803,0.005096341489502467,0.004634889970337298,0.005096341489502467
2025-08-04,0.016061799272203723,0.016061799272203723,0.0023880315219997894,0.01059229217212215,0.016061799272203723,0.01479341643339849,0.016061799272203723
2025-08-05,-0.005170640737622523,-0.005170640737622523,0.0007848933888107146,-0.0027884270870492276,-0.005170640737622523,-0.004499595491495937,-0.005170640737622523
2025-08-06,0.003767519642136125,0.003767519642136125,-0.003607880065220198,0.0008173597591935957,0.003767519642136125,0.0028962509679305395,0.003767519642136125
2025-08-07,0.010500001364303969,0.010500001364303969,0.0013171211060022392,0.006826849260983277,0.010500001364303969,0.009420601878155199,0.010500001364303969
2025-08-08,0.004568453094989778,0.004568453094989778,-0.0012582934972017457,0.0022377544581131687,0.004568453094989778,0.003984266904984323,0.004568453094989778
2025-08-09,0.0068519418711393675,0.0068519418711393675,0.0,0.00411116512268362,0.0068519418711393675,0.006311141954703778,0.0068519418711393675
2025-08-10,0.002432094151513353,0.002432094151513353,0.0,0.0014592564909080119,0.002432094151513353,0.0022309721411838675,0.002432094151513353
2025-08-11,-0.0037615266977130877,-0.0037615266977130877,-0.00222612485704321,-0.0031473659614451367,-0.0037615266977130877,-0.00363553497101495,-0.0037615266977130877
2025-08-12,0.01886404724679765,0.01886404724679765,-0.002808894972575776,0.01019487035904828,0.01886404724679765,0.01751227351347288,0.01886404724679765
2025-08-13,0.012370809959846185,0.012370809959846185,0.003084931922440748,0.008656458744884011,0.012370809959846185,0.011460015634521559,0.003084931922440748
2025-08-14,-0.01128341883555126,-0.01128341883555126,-0.0033330879911996625,-0.00810328649781062,-0.01128341883555126,-0.010383638903039796,-0.01128341883555126
2025-08-15,-0.003900129280301565,-0.003900129280301565,-0.0029527485548320187,-0.003521176990113746,-0.003900129280301565,-0.0037779203826625264,-0.0029527485548320187
2025-08-16,-0.0002575418708195862,-0.0002575418708195862,0.0,-0.00015452512249175172,-0.0002575418708195862,-0.00022463169591479772,-0.0002575418708195862
2025-08-17,0.0011459308587163314,0.0011459308587163314,0.0,0.0006875585152297988,0.0011459308587163314,0.0010018133148124416,0.0011459308587163314
2025-08-18,-0.006414046782995644,-0.006414046782995644,-0.000709923352968489,-0.004132397410984781,-0.006414046782995644,-0.005697270106747665,-0.006414046782995644
2025-08-19,-0.011295518584402316,-0.011295518584402316,0.0013517766673604714,-0.0062366004836972005,-0.011295518584402316,-0.009614087361862663,-0.011295518584402316
2025-08-20,0.01007211427011159,0.01007211427011159,0.003263629190966011,0.007348720238453358,0.01007211427011159,0.009062067170075992,0.01007211427011159
2025-08-21,-0.0049443845645590345,-0.0049443845645590345,-0.0015634639278104268,-0.003592016309859591,-0.0049443845645590345,-0.004412267279073844,-0.0049443845645590345
2025-08-22,0.03471838402103441,0.03471838402103441,0.0034737002005987283,0.022220510492860134,0.03471838402103441,0.02965523549550063,0.0034737002005987283
2025-08-23,-0.002696633464939794,-0.002696633464939794,0.0,-0.0016179800789638764,-0.002696633464939794,-0.001991727675314507,-0.002696633464939794
2025-08-24,-0.0017623505833066488,-0.0017623505833066488,0.0,-0.0010574103499839892,-0.0017623505833066488,-0.0013081039504316712,-0.0017623505833066488
2025-08-25,-0.01595808844017325,-0.01595808844017325,0.00019474932078694662,-0.009496953335789171,-0.01595808844017325,-0.011841428240049563,-0.01595808844017325
2025-08-26,0.007862717831516338,0.007862717831516338,0.0016902502697311028,0.005393730806802244,0.007862717831516338,0.00619734311308997,0.007862717831516338
2025-08-27,6.512987036728152e-05,6.512987036728152e-05,0.0007770828984092204,0.0003499110815840571,6.512987036728152e-05,0.000259088916393486,6.512987036728152e-05
2025-08-28,0.004310433597651387,0.004310433597651387,0.003162694684106737,0.003851338032233527,0.004310433597651387,0.004001501624198191,0.004310433597651387
2025-08-29,-0.00943901922596133,-0.00943901922596133,0.00024501881837496464,-0.005565404008226812,-0.00943901922596133,-0.006842670911765029,-0.00943901922596133
2025-08-30,0.0007639073428250419,0.0007639073428250419,0.0,0.0004583444056950251,0.0007639073428250419,0.0005515331706184793,0.0007639073428250419
2025-08-31,-0.00018043583307212095,-0.00018043583307212095,0.0,-0.00010826149984327257,-0.00018043583307212095,-0.00013027045354187955,-0.00018043583307212095
2025-09-01,-0.0008713280750033044,-0.0008713280750033044,0.0,-0.0005227968450019826,-0.0008713280750033044,-0.0006291944397594108,-0.0008713280750033044
2025-09-02,-0.0010660764616969606,-0.0010660764616969606,0.004948222764941113,0.0013396432289582687,-0.0010660764616969606,0.0006063792765545158,-0.0010660764616969606
2025-09-03,0.0018575199134635506,0.0018575199134635506,0.005112193621584604,0.0031593893967119726,0.0018575199134635506,0.0027593732930313586,0.0018575199134635506
2025-09-04,0.000129545048792084,0.000129545048792084,0.002285982199197484,0.000992119908954244,0.000129545048792084,0.0006797194821341073,0.000129545048792084
2025-09-05,-0.0007628421810998863,-0.0007628421810998863,0.007097403836453492,0.002381256225921465,-0.0007628421810998863,0.0012355790856071525,-0.0007628421810998863
2025-09-06,-0.001272853600461316,-0.001272853600461316,0.0,-0.0007637121602767896,-0.001272853600461316,-0.0009533913927021287,-0.001272853600461316
2025-09-07,0.0017591073214775735,0.0017591073214775735,0.0,0.0010554643928865441,0.0017591073214775735,0.001316623472744106,0.0017591073214775735
2025-09-08,0.002979907527003747,0.002979907527003747,0.006131900053619049,0.004240704537649868,0.002979907527003747,0.003771692943628056,0.002979907527003747
2025-09-09,-0.0003818620004494412,-0.0003818620004494412,-0.0015735472485921553,-0.0008585360997065269,-0.0003818620004494412,-0.0006704831100279821,-0.0003818620004494412
2025-09-10,0.006095038298980528,0.006095038298980528,0.003180393205495291,0.004929180261586433,0.006095038298980528,0.005401355226601167,0.006095038298980528
2025-09-11,0.010387207116751661,0.010387207116751661,0.0008648540523773229,0.006578265891001926,0.010387207116751661,0.008196718132980943,0.010387207116751661
2025-09-12,0.005252949995079365,0.005252949995079365,-0.0009405507307857497,0.002775549704733319,0.005252949995079365,0.003872276338862483,0.005252949995079365
2025-09-13,-0.0012536600616779303,-0.0012536600616779303,0.0,-0.0007521960370067581,-0.0012536600616779303,-0.0009724567087103089,-0.0012536600616779303
2025-09-14,-0.0019145528964054452,-0.0019145528964054452,0.0,-0.001148731737843267,-0.0019145528964054452,-0.0014845968651591946,-0.0019145528964054452
2025-09-15,0.0012330061568171697,0.0012330061568171697,0.002775905908000864,0.0018501660572906474,0.0012330061568171697,0.0015807082019522146,0.0012330061568171697
2025-09-16,0.0024446373013955348,0.0024446373013955348,-0.00037395759444766585,0.0013171993430582546,0.0024446373013955348,0.0018096372609394567,0.0024446373013955348
2025-09-17,0.00029631523721086587,0.00029631523721086587,-0.002275945744787622,-0.0007325891555885293,0.00029631523721086587,-0.0002755417894507294,0.00029631523721086587
2025-09-18,0.004691149347229954,0.004691149347229954,-0.003212280073700058,0.0015297775788579492,0.004691149347229954,0.0030123007771071008,0.004691149347229954
2025-09-19,-0.007312491431125667,-0.007312491431125667,0.0028031642034782867,-0.0032662291772840857,-0.007312491431125667,-0.005209794130514929,-0.007312491431125667
2025-09-20,0.0003138276739993451,0.0003138276739993451,0.0,0.00018829660439960704,0.0003138276739993451,0.00024648797768929415,0.0003138276739993451
2025-09-21,-0.0011661843458029564,-0.0011661843458029564,0.0,-0.0006997106074817738,-0.0011661843458029564,-0.0009159118933233615,-0.0011661843458029564
2025-09-22,-0.006583168898229704,-0.006583168898229704,0.002102464011968841,-0.0031089157341502856,-0.006583168898229704,-0.004725934958582762,-0.006583168898229704
2025-09-23,0.0001491464487113841,0.0001491464487113841,0.0032858115671021426,0.0014038124960676877,0.0001491464487113841,0.0008366894470715295,0.0001491464487113841
2025-09-24,-0.00033263012755086537,-0.00033263012755086537,-0.002058418020073227,-0.00102294528455981,-0.00033263012755086537,-0.0007076620680716145,-0.00033263012755086537
2025-09-25,-0.013219888550503957,-0.013219888550503957,0.0022238082375363455,-0.007042409835287835,-0.013219888550503957,-0.009869459998560889,-0.013219888550503957
2025-09-26,0.010562130410573979,0.010562130410573979,0.0001858830534742506,0.006411631467734087,0.010562130410573979,0.00812540028455485,0.010562130410573979
2025-09-27,-0.0005056243562885735,-0.0005056243562885735,0.0,-0.0003033746137731441,-0.0005056243562885735,-0.00038240412068839714,-0.0005056243562885735
2025-09-28,0.005868279095522529,0.005868279095522529,0.0,0.003520967457313517,0.005868279095522529,0.004437537219799857,0.005868279095522529
2025-09-29,0.002749956224205843,0.002749956224205843,0.006361033462719212,0.004194387119611191,0.002749956224205843,0.003631894853579248,0.002749956224205843
2025-09-30,-0.002053643734134722,-0.002053643734134722,0.0010338460625665125,-0.0008186478154542283,-0.002053643734134722,-0.0013068701602734832,-0.002053643734134722
2025-10-01,0.01201657080966915,0.01201657080966915,0.001790879698336828,0.00792629436513622,0.01201657080966915,0.009541585484283927,0.01201657080966915
2025-10-02,0.00441688627645958,0.00441688627645958,0.00047999715151703093,0.0028421306264825603,0.00441688627645958,0.0034300885047321692,0.00441688627645958
2025-10-03,0.004765778192978088,0.004765778192978088,0.0005879966353096178,0.0030946655699106997,0.004765778192978088,0.0037728833905131503,0.004765778192978088
2025-10-04,-0.00048742094536854036,-0.00048742094536854036,0.0,-0.0002924525672211242,-0.00048742094536854036,-0.00039124348422438503,-0.00048742094536854036
2025-10-05,0.0016365952873438091,0.0016365952873438091,0.0,0.0009819571724062855,0.0016365952873438091,0.001317971366681649,0.0016365952873438091
2025-10-06,0.007933588977717244,0.007933588977717244,0.003181636878545696,0.006032808138048625,0.007933588977717244,0.007014700783350031,0.007933588977717244
2025-10-07,-0.011495415626851881,-0.011495415626851881,0.004800173380700767,-0.004977180023830821,-0.011495415626851881,-0.008651781416893368,-0.011495415626851881
2025-10-08,0.006003823504711391,0.006003823504711391,0.004910852329307103,0.005566635034549676,0.006003823504711391,0.0057981378654577125,0.006003823504711391
2025-10-09,-0.010605335805880411,-0.010605335805880411,-0.003284700542172503,-0.007677081700397248,-0.010605335805880411,-0.009215084569629637,-0.003284700542172503
2025-10-10,-0.04036483981481579,-0.04036483981481579,0.006870044815703441,-0.021470885962608096,-0.04036483981481579,-0.031129713389805816,-0.04036483981481579
2025-10-11,-0.005033214971521403,-0.005033214971521403,0.0,-0.0030199289829128417,-0.005033214971521403,-0.0033756479396429653,-0.005033214971521403
2025-10-12,0.016633039515919792,0.016633039515919792,0.0,0.009979823709551874,0.016633039515919792,0.011172232857084474,0.016633039515919792
2025-10-13,0.013935603151612118,0.013935603151612118,0.006962632474516617,0.011146414880773916,0.013935603151612118,0.011536835378725418,0.013935603151612118
2025-10-14,-0.00411982407043538,-0.00411982407043538,0.0025158846202358864,-0.001465540594166873,-0.00411982407043538,-0.001776378378517757,-0.00411982407043538
2025-10-15,-0.0011577260088137962,-0.0011577260088137962,0.0027833137195386326,0.00041868988252717534,-0.0011577260088137962,0.0001621104938852962,0.0027833137195386326
2025-10-16,-0.01004543428621739,-0.01004543428621739,0.007892413298881157,-0.0028702952521779714,-0.01004543428621739,-0.004199572715351963,0.007892413298881157
2025-10-17,-0.0011911854528553725,-0.0011911854528553725,-0.005226997745076234,-0.002805510369743717,-0.0011911854528553725,-0.002499744084806966,-0.0011911854528553725
2025-10-18,0.002437668683822657,0.002437668683822657,0.0,0.0014626012102935942,0.002437668683822657,0.0016494727144423795,0.002437668683822657
2025-10-19,0.004215420520417679,0.004215420520417679,0.0,0.002529252312250607,0.004215420520417679,0.0028510349748343215,0.004215420520417679
2025-10-20,0.010900245601601447,0.010900245601601447,0.011024370331233213,0.010949895493454154,0.010900245601601447,0.010940540179889005,0.010900245601601447
2025-10-21,-0.008108943715558457,-0.008108943715558457,-0.013388486426104573,-0.010220760799776903,-0.008108943715558457,-0.009844441280720193,-0.008108943715558457
2025-10-22,-0.0025758730925097284,-0.0025758730925097284,-2.779219305554248e-05,-0.001556640732728054,-0.0025758730925097284,-0.0017485427750983137,-0.0025758730925097284
2025-10-23,0.008996343782996094,0.010659714418795936,-0.001439329338127876,0.005820096916026411,0.010659714418795936,0.006795692465268377,-0.001439329338127876
2025-10-24,0.005987061783769507,0.006114045910753633,-0.0004978406620838316,0.003469291281618647,0.006114045910753633,0.003970928107068571,0.006114045910753633
2025-10-25,0.0009550536079463679,0.0011420587356629763,0.0,0.0006852352413977857,0.0011420587356629763,0.0008701861663597162,0.0011420587356629763
2025-10-26,0.006488936982385366,0.008565190356723651,0.0,0.005139114214034191,0.008565190356723651,0.006531693466438069,0.008565190356723651
2025-10-27,0.003202325057462512,0.003428515533652988,-0.006381334327298094,-0.0004954244107274446,0.003428515533652988,0.0010428447394147538,0.003428515533652988
2025-10-28,-0.008705062121318337,-0.008705062121318337,-0.0010862678080992283,-0.005657544396030694,-0.008705062121318337,-0.007036717920354247,-0.008705062121318337
2025-10-29,-0.007519132474410667,-0.007519132474410667,-0.0036518225911407187,-0.005972208521102688,-0.007519132474410667,-0.006660662698969399,-0.007519132474410667
2025-10-30,-0.0089715554458731,-0.0089715554458731,0.004076322787418207,-0.0037524041525565763,-0.0089715554458731,-0.005999207680739162,0.004076322787418207
2025-10-31,0.005693127919561657,0.005693127919561657,-0.0012886907160201688,0.0029004004653289265,0.005693127919561657,0.004059882536743103,0.005693127919561657
2025-11-01,0.0012979813342081216,0.0012979813342081216,0.0,0.0007787888005248729,0.0012979813342081216,0.0010017901129712541,0.0012979813342081216
2025-11-02,0.0016386617297974057,0.0016386617297974057,0.0,0.0009831970378784433,0.0016386617297974057,0.0012646102156999275,0.0016386617297974057
2025-11-03,-0.011774160083398315,-0.011774160083398315,-0.0001188921783288055,-0.007112052921370511,-0.011774160083398315,-0.009112036901169308,-0.011774160083398315
2025-11-04,-0.023136576322783035,-0.023136576322783035,-0.002714215444723167,-0.014967631971559087,-0.023136576322783035,-0.01820570393109169,-0.023136576322783035
2025-11-05,0.010468341404847339,0.010468341404847339,-0.000934924457242553,0.005907035060011382,0.010468341404847339,0.0072211247974957385,0.010468341404847339
2025-11-06,-0.011218090726682957,-0.011218090726682957,0.0018983070761342535,-0.005971531605556073,-0.011218090726682957,-0.007379260522813238,-0.011218090726682957
2025-11-07,0.010721967095361797,0.010721967095361797,0.0009266222652427325,0.006803829163314171,0.010721967095361797,0.007770325305317408,0.010721967095361797
2025-11-08,-0.0023015237844971306,-0.0023015237844971306,0.0,-0.0013809142706982783,-0.0023015237844971306,-0.0015895655650249305,-0.0023015237844971306
2025-11-09,0.008603002740469521,0.008603002740469521,0.0,0.005161801644281713,0.008603002740469521,0.005939682913797654,0.008603002740469521
2025-11-10,0.009543700074377695,0.009543700074377695,0.006620914666781941,0.008374585911339393,0.009543700074377695,0.00862511198168854,0.006620914666781941
2025-11-11,-0.0036275578279089116,-0.0036275578279089116,0.002550902580381459,-0.0011561736645927631,-0.0036275578279089116,-0.0016533615471684977,-0.0036275578279089116
2025-11-12,-0.0047717434795996085,-0.0047717434795996085,0.0046127294821362574,-0.0010179542949052618,-0.0047717434795996085,-0.0017648557219020267,-0.0047717434795996085
2025-11-13,-0.018098683623940046,-0.018098683623940046,-0.0055065335627329515,-0.013061823599457208,-0.018098683623940046,-0.014075427093308883,-0.018098683623940046
2025-11-14,-0.007894019418139584,-0.007894019418139584,-0.0059963435007195365,-0.007134949051171565,-0.007894019418139584,-0.007263784099809382,-0.007894019418139584
2025-11-15,0.0036049966897263954,0.0036049966897263954,0.0,0.002162998013835837,0.0036049966897263954,0.002403809599980464,0.0036049966897263954
2025-11-16,-0.004184476473282535,-0.004184476473282535,0.0,-0.0025106858839695208,-0.004184476473282535,-0.0027856249340046605,-0.004184476473282535
2025-11-17,-0.013642018225256767,-0.013642018225256767,-0.0013393603453162595,-0.008720955073280565,-0.013642018225256767,-0.009521367127017665,-0.013642018225256767
2025-11-18,0.0035151830204458567,0.0035151830204458567,0.002412470881185097,0.003074098164741553,0.0035151830204458567,0.0031354932968014142,0.0035151830204458567
2025-11-19,-0.008005513414073677,-0.008005513414073677,0.0013163308919441619,-0.004276775691666542,-0.008005513414073677,-0.004791324398877467,0.0013163308919441619
2025-11-20,-0.023613335153992072,-0.023613335153992072,0.0016822200266813359,-0.013495113081722708,-0.023613335153992072,-0.014822832362606843,-0.023613335153992072
2025-11-21,0.0040046933284674235,0.0040046933284674235,0.0010195006080779,0.0028106162403116145,0.0040046933284674235,0.0028935852488953294,0.0010195006080779
2025-11-22,-0.0005009289906527073,-0.0005009289906527073,0.0,-0.00030055739439162436,-0.0005009289906527073,-0.00031462094449298463,-0.0005009289906527073
2025-11-23,0.004198611333193424,0.004198611333193424,0.0,0.002519166799916054,0.004198611333193424,0.0026374663415228415,0.004198611333193424
2025-11-24,0.014996136815065904,0.014996136815065904,0.005771439253860311,0.011306257790583666,0.014996136815065904,0.011552243380845593,0.014996136815065904
2025-11-25,0.00424999349529493,0.00424999349529493,0.0004975452430772409,0.002749014194407854,0.00424999349529493,0.00280744297307237,0.0004975452430772409
2025-11-26,0.013132333499533268,0.013132333499533268,0.002606142174091136,0.008921856969356415,0.013132333499533268,0.009073234128350118,0.013132333499533268
2025-11-27,0.0004545417968772182,0.0004545417968772182,0.0,0.0002727250781263309,0.0004545417968772182,0.000275237173646758,0.0004545417968772182
2025-11-28,0.0060293936425871815,0.0060293936425871815,0.0013078838873353815,0.004140789740486461,0.0060293936425871815,0.004201697576483202,0.0060293936425871815
2025-11-29,-0.0015708857761532252,-0.0015708857761532252,0.0,-0.000942531465691935,-0.0015708857761532252,-0.0009686717327755897,-0.0015708857761532252
2025-11-30,-0.000543584744722319,-0.000543584744722319,0.0,-0.00032615084683339143,-0.000543584744722319,-0.0003351659181646147,0.0
2025-12-01,-0.01487980527373467,-0.01487980527373467,-0.003337970966654641,-0.010263071550902657,-0.01487980527373467,-0.010477217852599861,-0.01487980527373467
2025-12-02,0.013256522038627113,0.013256522038627113,-0.0013791312197411476,0.007402260735279808,0.013256522038627113,0.007544397438504569,0.013256522038627113
2025-12-03,0.01599711708923013,0.01599711708923013,-0.0002535724891422897,0.009496841257881162,0.01599711708923013,0.009512096392817915,0.01599711708923013
2025-12-04,-0.0018959722273678271,-0.0018959722273678271,-0.0014245166607282922,-0.001707390000712013,-0.0018959722273678271,-0.0017054448296976773,-0.0018959722273678271
2025-12-05,-0.006925923508114545,-0.006925923508114545,-0.002386795279832238,-0.0051102722168016226,-0.006925923508114545,-0.0050961918116857515,-0.006925923508114545
2025-12-06,0.00043611215394961315,0.00043611215394961315,0.0,0.00026166729236976787,0.00043611215394961315,0.0002601751077009237,0.00043611215394961315
2025-12-07,0.002181423469664138,0.002181423469664138,0.0,0.0013088540817984826,0.002181423469664138,0.0013012470677161508,0.0
2025-12-08,-0.0016871128406746256,-0.0016871128406746256,-0.0016442551379189652,-0.0016699697595723615,-0.0016871128406746256,-0.0016698147763232743,-0.0016871128406746256
2025-12-09,0.009620805811256782,0.009620805811256782,0.0015323811646593133,0.006385435952617794,0.009620805811256782,0.006383471444772011,0.009620805811256782
2025-12-10,0.005521234594033987,0.005521234594033987,0.0015054916554852193,0.003914937418614479,0.005521234594033987,0.0039148480005618,0.0015054916554852193
2025-12-11,-0.0006391013767497301,-0.0006391013767497301,0.0014861807274892669,0.0002110114649458687,-0.0006391013767497301,0.00021048064547889335,0.0014861807274892669
2025-12-12,-0.01568256418007742,-0.01568256418007742,-0.0013265546608685896,-0.009940160372393888,-0.01568256418007742,-0.010007879910545822,-0.01568256418007742
2025-12-13,0.0012065002110490416,0.0012065002110490416,0.0,0.0007239001266294249,0.0012065002110490416,0.000817437973500675,0.0012065002110490416
2025-12-14,-0.004612973547078372,-0.004612973547078372,0.0,-0.002767784128247023,-0.004612973547078372,-0.0031321898536047048,-0.004612973547078372
2025-12-15,-0.007565478200688573,-0.007565478200688573,0.00042839935179700417,-0.004367927179694342,-0.007565478200688573,-0.0051382818507534865,-0.007565478200688573
2025-12-16,-0.004623766933879608,-0.004623766933879608,0.001862426926669658,-0.0020292893896599017,-0.004623766933879608,-0.002726930104083803,-0.004623766933879608
2025-12-17,-0.008293596713688603,-0.008293596713688603,0.0024053025910463766,-0.00401403699179461,-0.008293596713688603,-0.005161931950470925,-0.008293596713688603
2025-12-18,-0.00012339894636629692,-0.00012339894636629692,0.0015714876152539414,0.0005545556782817984,-0.00012339894636629692,0.0003795614049241122,-0.00012339894636629692
2025-12-19,0.01385760423088309,0.01385760423088309,-0.0004091690902245093,0.00815089490244005,0.01385760423088309,0.009712195937879165,0.01385760423088309
2025-12-20,0.0002889695579839646,0.0002889695579839646,0.0,0.00017338173479037876,0.0002889695579839646,0.00020080538330186738,0.0002889695579839646
2025-12-21,0.001246076120237009,0.001246076120237009,0.0,0.0007476456721422054,0.001246076120237009,0.0008665557101855242,0.001246076120237009
2025-12-22,0.0058887417943600156,0.0058887417943600156,0.003927345987635805,0.005104183471670331,0.0058887417943600156,0.005293910457979674,0.0058887417943600156
2025-12-23,2.052171967993467e-05,2.052171967993467e-05,0.0027773250515994163,0.0011232430524477275,2.052171967993467e-05,0.0008393911990789622,2.052171967993467e-05
2025-12-24,0.0010740891609999112,0.0010740891609999112,0.0012238600417428247,0.0011339975132970766,0.0010740891609999112,0.0011179634338529811,0.0010740891609999112
2025-12-25,-0.0020630991928312203,-0.0020630991928312203,0.0,-0.0012378595156987322,-0.0020630991928312203,-0.0014590925349782363,-0.0020630991928312203
2025-12-26,0.000575135033203944,0.000575135033203944,0.00251465772345566,0.0013509441093046304,0.000575135033203944,0.0011256610000207063,0.000575135033203944
2025-12-27,0.0014823802761729787,0.0014823802761729787,0.0,0.0008894281657037872,0.0014823802761729787,0.0010665211838473147,0.0014823802761729787
2025-12-28,6.409755763462736e-05,6.409755763462736e-05,0.0,3.845853458077642e-05,6.409755763462736e-05,4.61094131828414e-05,0.0
2025-12-29,-0.003106330726745216,-0.003106330726745216,-0.009486172717682956,-0.0056582675231203125,-0.003106330726745216,-0.004854713351676706,-0.003106330726745216
2025-12-30,0.003824753363421005,0.003824753363421005,-2.443240551178172e-05,0.0022850790558478903,0.003824753363421005,0.00277388572271065,0.003824753363421005
2025-12-31,-0.007274169107170714,-0.007274169107170714,-0.0046228427420390295,-0.00621363856111804,-0.007274169107170714,-0.006558841758537741,-0.007274169107170714
2026-01-01,0.0028022156191510974,0.0028022156191510974,0.0,0.0016813293714906584,0.0028022156191510974,0.0020469052438976936,0.0028022156191510974
2026-01-02,0.010974054055202069,0.010974054055202069,0.0014017612456412865,0.007145136931377756,0.010974054055202069,0.00843847706511259,0.0014017612456412865
2026-01-03,0.0008666140460240365,0.0008666140460240365,0.0,0.0005199684276144218,0.0008666140460240365,0.0006306460503773436,0.0008666140460240365
2026-01-04,0.001519534034090232,0.001519534034090232,0.0,0.0009117204204541391,0.001519534034090232,0.0011059405064664002,0.001519534034090232
2026-01-05,0.016034162622074404,0.016034162622074404,0.008199264438720238,0.012900203348732736,0.016034162622074404,0.013901921119792581,0.016034162622074404
2026-01-06,0.003305879128729693,0.003305879128729693,0.0028382532877549993,0.003118828792339816,0.003305879128729693,0.0031739174614762817,0.003305879128729693
2026-01-07,-0.01100311583360658,-0.011498590307964,-9.362634645812551e-05,-0.00693660472336165,-0.011498590307964,-0.00878159983789545,-0.011498590307964
2026-01-08,0.00391467805565392,0.0039622971032729675,1.9579743669256855e-05,0.0023852101594314832,0.0039622971032729675,0.003011317283386399,0.0039622971032729675
2026-01-09,0.0029744812812567815,0.0028881912487657394,0.004306366021606944,0.0034554611579022216,0.0028881912487657394,0.003215361932511281,0.0028881912487657394
2026-01-10,-0.00038504526125678144,-0.0001786960549075752,0.0,-0.00010721763294454512,-0.0001786960549075752,-0.00013920236927126556,-0.0001786960549075752
2026-01-11,0.0018572130451709838,0.0018572130451709838,0.0,0.0011143278271025902,0.0018572130451709838,0.0014478425274621377,0.0018572130451709838
2026-01-12,0.0017550672805432235,0.0017550672805432235,0.0031726336082746887,0.0023220938116358097,0.0017550672805432235,0.0020580817071263096,0.0017550672805432235
2026-01-13,0.015263810639393452,0.015263810639393452,0.00102586603041957,0.009568632795803899,0.015263810639393452,0.012345097931275513,0.015263810639393452
2026-01-14,0.006094345933336427,0.006094345933336427,0.004343771870031959,0.00539411630801464,0.006094345933336427,0.005698633696371463,0.006094345933336427
2026-01-15,-0.002361223566528644,-0.002361223566528644,-0.0011919073728905438,-0.0018934970890734039,-0.002361223566528644,-0.002096214122613713,-0.002361223566528644
2026-01-16,0.0008215118113107625,0.0008215118113107625,-0.0036090485200541977,-0.0009507123212352216,0.0008215118113107625,-3.14023860085728e-05,0.0008215118113107625
2026-01-17,-4.3377908696783253e-05,-4.3377908696783253e-05,0.0,-2.6026745218069953e-05,-4.3377908696783253e-05,-3.5381752547304595e-05,-4.3377908696783253e-05
2026-01-18,-0.002642606118175338,-0.002642606118175338,0.0,-0.0015855636709052028,-0.002642606118175338,-0.002157524821425697,-0.002642606118175338
2026-01-19,-0.0044839019479402265,-0.0044839019479402265,0.0,-0.0026903411687641357,-0.0044839019479402265,-0.003667292925826288,-0.0044839019479402265
2026-01-20,-0.022221523830422134,-0.022221523830422134,0.003189177391517223,-0.01205724334164639,-0.022221523830422134,-0.018128574465996885,-0.022221523830422134
2026-01-21,0.013516038411004806,0.013516038411004806,0.006751853500313765,0.01081036444672839,0.013516038411004806,0.012046171258644127,0.013516038411004806
2026-01-22,0.0008922101848003337,0.0008922101848003337,0.004577445810073744,0.0023663044349096977,0.0008922101848003337,0.001723943651506873,0.0008922101848003337
2026-01-23,0.0019086214578460563,0.002059532852286488,0.0023281930176905496,0.0021669969184481127,0.002059532852286488,0.002102734420337749,0.002059532852286488
2026-01-24,-0.000864290876073348,-0.0006579416697241417,0.0,-0.00039476500183448503,-0.0006579416697241417,-0.0005526858631831372,-0.0006579416697241417
2026-01-25,-0.001,-0.008170710308171526,0.0,-0.0049024261849029156,-0.008170710308171526,-0.006863015981545302,-0.008170710308171526
2026-01-26,0.004072259682013889,0.008224254709906238,0.004008454114647647,0.006537934471802802,0.008224254709906238,0.007510784669294979,0.008224254709906238
2026-01-27,0.0017471745022441965,0.01073291408538863,0.001396524106246494,0.0069983580937317755,0.01073291408538863,0.009314103274312013,0.01073291408538863
2026-01-28,0.009259322376838177,-0.000739250676298147,0.010426566105157159,0.0037270760362839756,-0.000739250676298147,0.0010720156214409958,-0.000739250676298147
2026-01-29,0.0005204298277061142,-0.008651479657018636,0.0006196361769124636,-0.0049430333234461955,-0.008651479657018636,-0.0073144474525278875,-0.008651479657018636
2026-01-30,-0.024324681911151613,-0.011932674208897098,-0.02479542603107948,-0.017077774937770053,-0.011932674208897098,-0.01392968993815178,-0.011932674208897098
2026-01-31,-0.0018306005645914532,-0.017852453691081807,0.0,-0.010711472214649085,-0.017852453691081807,-0.014813692814178799,-0.017852453691081807
2026-02-01,-0.00047127971160778177,-0.010376248732516129,0.0,-0.006225749239509677,-0.010376248732516129,-0.008243349784634858,-0.010376248732516129
2026-02-02,-0.00922708868444092,0.001968439256279295,-0.009914569355794517,-0.00278476418855023,0.001968439256279295,-0.0006029638976056673,0.001968439256279295
2026-02-03,0.013863603643888486,-0.0059589100456866545,0.016090752728643465,0.0028609550640453936,-0.0059589100456866545,-0.0016857748633882642,-0.0059589100456866545
2026-02-04,-0.001475453394738308,-0.0068288454812079034,-2.6593967394350493e-05,-0.004107944875682482,-0.0068288454812079034,-0.005612204155347807,-0.0068288454812079034
2026-02-05,-0.016414157493872525,-0.042390126376270786,-0.0017361500900710258,-0.02612853586179088,-0.042390126376270786,-0.03617329183219405,-0.042390126376270786
2026-02-06,0.03002902900265193,0.044787355529803854,0.007116239191223589,0.029718908994371747,0.044787355529803854,0.03312266549486976,0.044787355529803854
2026-02-07,-0.0006150793650793652,-0.0005427307027647944,0.0,-0.00032563842165887665,-0.0005427307027647944,-0.00031753612292671236,-0.0005427307027647944
2026-02-08,0.0,0.00148115544179106,0.0,0.0008886932650746359,0.00148115544179106,0.0008666042567371701,0.00148115544179106
2026-02-09,0.004335298015181939,0.006615095185081422,0.004309391189880329,0.005692813587000985,0.006615095185081422,0.005658702745927766,0.006615095185081422
2026-02-10,0.0010697931624453307,-0.006525246347611769,0.001592685958440504,-0.00327807342519086,-0.006525246347611769,-0.0031434198994781523,-0.006525246347611769
2026-02-11,0.000814727791339311,-0.0033903528563089657,0.0010808721361271756,-0.0016018628593345093,-0.0033903528563089657,-0.00153830654342677,-0.0033903528563089657
2026-02-12,-0.004836371898484124,-0.012747829853437241,-0.003921013092872544,-0.009217103149211363,-0.012747829853437241,-0.00910147021150422,-0.012747829853437241
2026-02-13,0.009298204568291779,0.014827273230471998,0.008573555649979137,0.012325786198274853,0.014827273230471998,0.012206690865862735,0.014827273230471998
2026-02-14,-2.9740501129524958e-05,0.003501078743071965,0.0,0.002100647245843179,0.003501078743071965,0.002033514667386948,0.003501078743071965
2026-02-15,-1.984126984126977e-05,-0.007949860800688775,0.0,-0.004769916480413265,-0.007949860800688775,-0.004613742934805178,-0.007949860800688775
2026-02-16,1.7662579715072446e-05,0.0018901940176396545,0.0,0.0011341164105837926,0.0018901940176396545,0.0010939636634568017,0.0018901940176396545
2026-02-17,-0.006444788506285319,-0.0039368719912949,-0.006561323306812139,-0.004986652517501796,-0.0039368719912949,-0.005037181034474728,-0.0039368719912949
2026-02-18,0.005209684541452637,0.0017735770589230532,0.005741590958010689,0.003360782618558108,0.0017735770589230532,0.0034362711914878775,0.0017735770589230532
2026-02-19,0.0014369169191729755,0.0013768269728609006,0.0015508005692502214,0.001446416411416629,0.0013768269728609006,0.0014492700743834667,0.0013768269728609006
2026-02-20,0.004637431584784088,0.0066318598548547915,0.0040662560837203265,0.005605618346401006,0.0066318598548547915,0.005563364160398472,0.0066318598548547915
2026-02-21,3.3470403510689193e-05,0.00026335059549562366,0.0,0.00015801035729737418,0.00026335059549562366,0.00015526716003591207,0.00026335059549562366
2026-02-22,-0.00040542243428707674,-0.001459520763433475,0.0,-0.000875712458060085,-0.001459520763433475,-0.0008605102697281422,-0.001459520763433475
2026-02-23,0.0012952132610238886,-0.014237419498119285,0.00857783314899746,-0.005111318439272587,-0.014237419498119285,-0.00487337498610467,-0.014237419498119285
2026-02-24,-0.0011275497925447434,0.0023856116033104235,-0.002885745712590787,0.00027706867694993914,0.0023856116033104235,0.0001878049484590361,0.0023856116033104235
2026-02-25,0.007702825363753416,0.02232444970151009,-0.0010809600635515726,0.012962285795485425,0.02232444970151009,0.012558934455940982,0.02232444970151009
2026-02-26,0.0007457715005351713,-0.002622678444160531,0.003997392662379751,2.5349998455581916e-05,-0.002622678444160531,0.00026725481216995236,-0.002622678444160531
2026-02-27,-0.000568655054007479,-0.0073767382748158245,0.005620511510363746,-0.002177838360743996,-0.0073767382748158245,-0.0017016753667224186,0.005620511510363746
2026-02-28,0.0021738871466623734,0.0038521304063927867,0.0,0.002311278243835672,0.0038521304063927867,0.002162811049438115,0.0038521304063927867
2026-03-01,-0.002658466414732771,-0.0035551863139592107,0.0,-0.0021331117883755264,-0.0035551863139592107,-0.001994395943762281,-0.0035551863139592107
2026-03-02,0.013508523958920668,0.014872123086082743,0.0015254421749534841,0.009533450721631039,0.014872123086082743,0.009007133161739709,0.014872123086082743
2026-03-03,-0.01202483774490938,-0.011937536157607793,-0.010749138830289995,-0.011462177226680675,-0.011937536157607793,-0.011406454391030316,-0.011937536157607793
2026-03-04,0.008162318469003869,0.020707960461176907,0.0002011456174516868,0.012505234523686818,0.020707960461176907,0.011454759314146613,0.020707960461176907
2026-03-05,-0.00595927727053488,-0.010162787173226717,-0.004150235000268787,-0.007757766304043545,-0.010162787173226717,-0.007377316301502351,-0.010162787173226717
2026-03-06,-0.0015352590390705426,-0.012761617458512453,0.0027825711222532745,-0.006543942026206162,-0.012761617458512453,-0.005511561171635825,-0.012761617458512453
2026-03-07,-0.0006526186445488405,-0.0019307487303288475,0.0,-0.0011584492381973084,-0.001,-0.0010279322733927564,-0.0019307487303288475
2026-03-08,-0.0013707816218760179,-0.004005140808385371,0.0,-0.0024030844850312224,0.0,-0.00213217701688479,-0.004005140808385371
2026-03-09,0.005348055841755476,0.010062242694702054,0.002345301333237987,0.006975466150116427,0.002345301333237987,0.006451187580044277,0.010062242694702054
2026-03-10,0.0018184610000216196,0.005204085941246328,-0.0007337836727580871,0.0028289380956445617,0.004204085941246328,0.00245524809345407,0.005204085941246328
2026-03-11,-0.00022022102260600687,0.004357267652784386,-0.0043058167881124265,0.0008920338764256612,0.004357267652784386,0.0003419380477869727,0.004357267652784386
2026-03-12,-0.003932002501502219,-0.002950239840175617,-0.0050287836780663064,-0.0037816573753318926,-0.002950239840175617,-0.003906905355223136,-0.002950239840175617
2026-03-13,-0.0018065454730898567,-0.0012178967179684091,-0.0028349039760371397,-0.0018646996211959012,-0.0038349039760371397,-0.0019615801733184265,-0.0028349039760371397
2026-03-14,0.0004000950442617329,0.0006258842273509183,0.0,0.00037553053641055096,0.0,0.00033822838747900845,0.0006258842273509183
2026-03-15,0.006609998075518522,0.006717140932661379,0.0,0.004030284559596827,0.0,0.0036297376707285878,0.006717140932661379
2026-03-16,0.01729431709010656,0.01729431709010656,0.0014035180867674468,0.010937997488770916,0.0014035180867674468,0.009967590105585865,0.01729431709010656
2026-03-17,0.0023118586296837,0.0023118586296837,5.0015768997602184e-05,0.0014071214854092609,5.0015768997602184e-05,0.0012478609031206398,0.0023118586296837
2026-03-18,-0.01611818045914785,-0.01611818045914785,-0.008918284634676948,-0.01323822212935949,-0.008918284634676948,-0.012782648447329435,-0.01611818045914785
2026-03-19,-0.005822878355001393,-0.005822878355001393,-0.011229895727638106,-0.007985685304056078,-0.011229895727638106,-0.008361737864142998,-0.005822878355001393
2026-03-20,-0.011159596985346583,-0.011159596985346583,-0.013721932380436064,-0.012184531143382374,-0.013721932380436064,-0.012364592099587594,-0.011159596985346583
2026-03-21,-0.006466891194944196,-0.006466891194944196,0.0,-0.0038801347169665173,0.0,-0.003405254068054841,-0.006466891194944196
2026-03-22,-0.0026658040541750593,-0.0026658040541750593,0.0,-0.0015994824325050356,0.0,-0.0014013482566555384,-0.0026658040541750593
2026-03-23,0.015527178571401968,0.015527178571401968,-0.004310800505754359,0.007591986940539437,-0.004310800505754359,0.006117495866955052,0.015527178571401968
2026-03-24,0.0018487946361067406,0.0018487946361067406,-0.001068077553072866,0.0006820457604348978,-0.001068077553072866,0.0004439044243714405,0.0018487946361067406
2026-03-25,0.005354494703436642,0.005354494703436642,0.01170464948956701,0.00789455661788879,0.01170464948956701,0.00832539667172582,0.005354494703436642
2026-03-26,-0.015693530537313607,-0.015693530537313607,-0.012525929962711152,-0.014426490307472626,-0.012525929962711152,-0.014227250865300389,-0.015693530537313607
2026-03-27,-0.01112630164900171,-0.01112630164900171,0.007705025412636984,-0.0035937708243462315,0.007705025412636984,-0.0022766638729056795,-0.01112630164900171
2026-03-28,4.809328093715839e-05,4.809328093715839e-05,0.0,2.8855968562295035e-05,0.0,2.534854923727971e-05,4.809328093715839e-05
2026-03-29,-0.001176249943857134,-0.001176249943857134,0.0,-0.0007057499663142804,0.0,-0.0006199393057384569,-0.001176249943857134
2026-03-30,0.001006741981797547,0.001006741981797547,0.006283343888764253,0.0031173827445842295,0.006283343888764253,0.0034937722406053044,0.006283343888764253
2026-03-31,0.02083395472177559,0.02083395472177559,0.007873316881315706,0.015649699585591637,0.007873316881315706,0.014755813760546955,0.02083395472177559
2026-04-01,0.0013572123787387344,0.0013572123787387344,0.0034607363735759955,0.0021986219766736387,0.0034607363735759955,0.002364518773394951,0.0013572123787387344
2026-04-02,-0.0013297973415843007,-0.0013297973415843007,-0.001515486724523618,-0.0014040730947600278,-0.001515486724523618,-0.001418739812879401,-0.0013297973415843007
2026-04-03,-0.0001166523844229328,-0.0001166523844229328,0.0,-6.999143065375967e-05,0.0,-6.099413432629998e-05,-0.0001166523844229328
2026-04-04,0.00124416793272486,0.00124416793272486,0.0,0.000746500759634916,0.0,0.0006553518085451828,0.00124416793272486
2026-04-05,0.005140784747892566,0.005140784747892566,0.0,0.0030844708487355395,0.0,0.00275634307339974,0.005140784747892566
2026-04-06,0.003495539484102935,0.003495539484102935,-0.0023531779619281323,0.001156052505690508,-0.0023531779619281323,0.000798120201988001,0.003495539484102935
2026-04-07,0.01282647692216015,0.01282647692216015,0.0023158743697595796,0.008622235901199923,0.0023158743697595796,0.00797642467754917,0.01282647692216015
2026-04-08,0.0050197551638607235,0.0050197551638607235,0.0009518980369288554,0.0033926123130879763,0.0009518980369288554,0.0031279257147843412,0.0050197551638607235
2026-04-09,0.0027151473403322544,0.0027151473403322544,0.0007792651153580299,0.0019407944503425645,0.0017151473403322543,0.0018169952398764126,0.0027151473403322544
2026-04-10,0.0034461294430497957,0.0034461294430497957,-0.0018338749935120913,0.0013341276684250406,0.0034461294430497957,0.0013712126196270017,0.0034461294430497957
2026-04-11,0.002106059331586597,0.002106059331586597,0.0,0.0012636355989519583,0.002106059331586597,0.0015120634169746663,0.002106059331586597
2026-04-12,-0.008030140832162778,-0.008030140832162778,0.0,-0.004818084499297667,-0.008030140832162778,-0.005765310385918785,-0.008030140832162778
2026-04-13,0.021973954075375217,0.021973954075375217,-0.00025635941349153035,0.013081828679828517,0.021973954075375217,0.015578303068913432,0.021973954075375217
2026-04-14,0.001466761873956372,0.001466761873956372,0.007176828419965919,0.0037507884923601914,0.001466761873956372,0.003273275911875587,0.001466761873956372
2026-04-15,0.004915043770569307,0.004915043770569307,-0.004512525856744248,0.0011440159196438849,0.004915043770569307,0.0019668174982842585,0.004915043770569307
2026-04-16,0.004229106131980465,0.004229106131980465,-0.0015110157596957552,0.0019330573753099766,0.004229106131980465,0.002436088064450603,0.004229106131980465
2026-04-17,0.00853671101759453,0.00853671101759453,0.0068835142781936975,0.007875432321834196,0.00853671101759453,0.008041466096829635,0.00853671101759453
2026-04-18,-0.005229048279458544,-0.005229048279458544,0.0,-0.0031374289676751265,-0.005229048279458544,-0.0037108879180993873,-0.005229048279458544
2026-04-19,-0.006816563206712966,-0.006816563206712966,0.0,-0.004089937924027779,-0.006816563206712966,-0.004819280826338751,-0.006816563206712966
2026-04-20,0.007117136500487866,0.007117136500487866,-0.002810301121751596,0.003146161451592081,0.007117136500487866,0.004222257699160689,0.007117136500487866
2026-04-21,-0.0016729331623506576,-0.0016729331623506576,-0.008181485240917247,-0.004276353993777293,-0.0016729331623506576,-0.0035867857082374985,-0.0016729331623506576
2026-04-22,0.010695142580228252,0.010695142580228252,0.00415540057640712,0.0080792457786998,0.010695142580228252,0.008780843901059137,0.010695142580228252
2026-04-23,-0.0007933998133856276,-0.0007933998133856276,-0.0029091389535093326,-0.0016396954694351097,-0.0007933998133856276,-0.0014256842654666348,-0.0007933998133856276
2026-04-24,0.0015674401539197908,0.0015674401539197908,0.0017878995851509372,0.0016556239264122494,0.0015674401539197908,0.0016334014043352324,0.0015674401539197908
2026-04-25,0.00037540461104897577,0.00037540461104897577,0.0,0.00022524276662938544,0.00037540461104897577,0.0002638076524571839,0.00037540461104897577
2026-04-26,0.00393576064821271,0.00393576064821271,0.0,0.002361456388927626,0.00393576064821271,0.0027658367066684085,0.00393576064821271
2026-04-27,-0.00487409084601388,-0.00487409084601388,-0.00402703019107345,-0.0045352665840377076,-0.00487409084601388,-0.004622398498408115,-0.00487409084601388
2026-04-28,-0.0017478876234953515,-0.0017478876234953515,-0.003887344323302344,-0.002603670303418149,-0.0017478876234953515,-0.002351297503758038,-0.0017478876234953515
2026-04-29,0.0005829830467312114,0.0005829830467312114,-0.005060419827695117,-0.0016743781030393202,0.0005829830467312114,-0.0010129981440934754,-0.005060419827695117
2026-04-30,0.011031635667689117,0.011031635667689117,0.001720974405882758,0.007307371162966573,0.011031635667689117,0.00872818519444381,0.011031635667689117
2026-05-01,0.0034639964053039757,0.0034639964053039757,0.0012576491191983175,0.0025814574908617125,0.0034639964053039757,0.00290310609126716,0.0034639964053039757
2026-05-02,0.0017030592171375493,0.0017030592171375493,0.0,0.0010218355302825295,0.0017030592171375493,0.0012809386722535247,0.0017030592171375493
2026-05-03,9.109179084275542e-05,9.109179084275542e-05,0.0,5.465507450565325e-05,9.109179084275542e-05,6.855548132125218e-05,9.109179084275542e-05
2026-05-04,0.002513526744723752,0.002513526744723752,-0.007187104366302266,-0.0013667256996866555,0.002513526744723752,0.0001338184250020552,0.002513526744723752
2026-05-05,0.007913214139923951,0.007913214139923951,0.004081859147806177,0.006380672143076842,0.007913214139923951,0.007034824136622962,0.007913214139923951
2026-05-06,0.0021733752236162327,0.0021733752236162327,0.00936629399526967,0.005050542732277608,0.0021733752236162327,0.0037253396019558595,0.00936629399526967
2026-05-07,-0.011724003995330122,-0.011724003995330122,-0.0010458465779387693,-0.007452741028373581,-0.011724003995330122,-0.00983197048941484,-0.011724003995330122
2026-05-08,0.00639641350836822,0.00639641350836822,0.0024869108374970528,0.004832612440019753,0.00639641350836822,0.005686776235314613,0.00639641350836822
2026-05-09,0.0016132602023795073,0.0016132602023795073,0.0,0.0009679561214277043,0.0016132602023795073,0.0013542057780661445,0.0016132602023795073
2026-05-10,0.004051935519329709,0.004051935519329709,0.0,0.0024311613115978255,0.004051935519329709,0.0034077858686825512,0.0
2026-05-11,0.004645461217645493,0.004645461217645493,-0.0017540366528853157,0.002085662069433169,0.004645461217645493,0.0036505445294827826,0.004645461217645493
2026-05-12,-0.004571356941537257,-0.004571356941537257,-0.0025860301962236654,-0.003777226243411821,-0.004571356941537257,-0.00427743107649887,-0.004571356941537257
2026-05-13,-0.0018386052960544827,-0.0018386052960544827,-0.001415632209150225,-0.0016694160612927794,-0.0018386052960544827,-0.0017745428878635527,-0.0018386052960544827
2026-05-14,0.005015411109958771,0.005015411109958771,-0.0007162085709634114,0.002722763237589898,0.005015411109958771,0.0041444435497782674,0.005015411109958771
2026-05-15,-0.01196509005972742,-0.01196509005972742,-0.010145925533671468,-0.01123742424930504,-0.01196509005972742,-0.011690692378035444,-0.01196509005972742
2026-05-16,-0.0034906525837880378,-0.0034906525837880378,0.0,-0.0020943915502728227,-0.0034906525837880378,-0.0028906883543263697,-0.0034906525837880378
2026-05-17,-0.003654536738828219,-0.003654536738828219,0.0,-0.0021927220432969314,-0.003654536738828219,-0.0030164128224172485,-0.003654536738828219
2026-05-18,0.0032910985818032953,0.0032910985818032953,-0.00035304262613591875,0.0018334420986276093,0.0032910985818032953,0.0026564071756290273,0.0032910985818032953
2026-05-19,-0.0022510638880708614,-0.0022510638880708614,-0.0059066595195914895,-0.0037133021406791124,-0.0022510638880708614,-0.0027745588335103067,-0.0059066595195914895
2026-05-20,0.005692023576399036,0.005692023576399036,0.007416323409436126,0.006381743509613872,0.005692023576399036,0.005940903010502583,0.005692023576399036
2026-05-21,0.0007463620065290617,0.0007463620065290617,0.0008380614918856999,0.0007830418006717169,0.0007463620065290617,0.0007561470688676809,0.0008380614918856999
2026-05-22,-0.004488976891163886,-0.004488976891163886,3.880985768281442e-05,-0.002677862191625206,-0.004488976891163886,-0.004039893454827126,-0.004488976891163886
2026-05-23,0.004505938704707674,0.004505938704707674,0.0,0.0027035632228246047,0.004505938704707674,0.004144665295384242,0.004505938704707674
2026-05-24,-0.0004969837497551285,-0.0004969837497551285,0.0,-0.00029819024985307713,-0.0004969837497551285,-0.0004616732530501025,-0.0004969837497551285
2026-05-25,0.0011397075284302893,0.0011397075284302893,0.0,0.0006838245170581736,0.0011397075284302893,0.0010613966125514514,0.0011397075284302893
2026-05-26,-0.002584873032972489,-0.002584873032972489,0.002233787230566997,-0.0006574089275566945,-0.002584873032972489,-0.0024149004013686655,-0.002584873032972489
2026-05-27,-0.009353262000861383,-0.009353262000861383,-0.0026336276455485863,-0.0066654082587362645,-0.009353262000861383,-0.009096357672820795,-0.009353262000861383
2026-05-28,0.0004519990976425106,0.0004519990976425106,0.0040415664769006265,0.001887826049345757,0.0004519990976425106,0.0006508494820378236,0.0004519990976425106
2026-05-29,-0.0029718915721560738,-0.0029718915721560738,0.0026228765341008986,-0.0007339843296532847,-0.0029718915721560738,-0.0029627419862833797,-0.0029718915721560738
2026-05-30,0.0009920189083247382,0.0009920189083247382,0.0,0.0005952113449948429,0.0009920189083247382,0.0009920189083247382,0.0
2026-05-31,-0.0010955844859988411,-0.0010955844859988411,0.0,-0.0006573506915993046,-0.0010955844859988411,-0.0010955844859988411,-0.0010955844859988411
2026-06-01,-0.0013953165603098523,-0.0013953165603098523,-0.0029056807445406174,-0.0019994622340021584,-0.0013953165603098523,-0.0013953165603098523,-0.0013953165603098523
2026-06-02,-0.010682982469933353,-0.010682982469933353,0.001131726146684886,-0.0059570990232860575,-0.010682982469933353,-0.010682982469933353,-0.010682982469933353
2026-06-03,-0.00883668005519853,-0.00883668005519853,-0.003204515871022745,-0.006583814381528216,-0.00883668005519853,-0.00883668005519853,-0.00883668005519853
2026-06-04,5.0612922899823725e-05,5.0612922899823725e-05,0.0027804722964787643,0.0011425566723313998,5.0612922899823725e-05,5.0612922899823725e-05,5.0612922899823725e-05
2026-06-05,-0.035516209358344146,-0.035516209358344146,-0.010134584923415124,-0.025363559584372537,-0.035516209358344146,-0.035516209358344146,-0.035516209358344146
2026-06-06,-0.0009507410595109104,-0.0009507410595109104,0.0,-0.0005704446357065462,-0.0009507410595109104,-0.0007975250384939967,-0.0009507410595109104
2026-06-07,0.012661463518732442,0.012661463518732442,0.0,0.007596878111239465,0.012661463518732442,0.010619696817545134,0.012661463518732442
2026-06-08,0.004284942252096623,0.004284942252096623,-0.0008211513338961807,0.0022425048176995016,0.004284942252096623,0.003385216777928932,0.004284942252096623
2026-06-09,-0.007961106679777044,-0.007961106679777044,-0.0020902916408931937,-0.005612780664223504,-0.007961106679777044,-0.006923016410050327,-0.007961106679777044
2026-06-10,-0.006049199060932524,-0.006049199060932524,-0.010951697432285856,-0.008010198409473857,-0.006049199060932524,-0.006865723787209766,-0.006049199060932524
2026-06-11,0.016332084337697776,0.016332084337697776,0.011918510852579,0.014566654943650267,0.016332084337697776,0.015590619590457176,0.016332084337697776
2026-06-12,0.002733297569349566,0.002733297569349566,-0.0008922362878248102,0.0012830840264798156,0.002733297569349566,0.002020474790135227,0.002733297569349566
2026-06-13,0.0025421977405214826,0.0025421977405214826,0.0,0.0015253186443128896,0.0025421977405214826,0.0020434901093883615,0.0025421977405214826
2026-06-14,0.005159385105655871,0.005159385105655871,0.0,0.0030956310633935224,0.005159385105655871,0.00414623202736403,0.005159385105655871
2026-06-15,0.006692079631334163,0.006692079631334163,0.006772670622874788,0.006724316027950413,0.006692079631334163,0.006707519638573606,0.006692079631334163
2026-06-16,-0.006298446233398579,-0.006298446233398579,0.0023305266910183253,-0.002846857063631817,-0.006298446233398579,-0.00508177351650828,-0.006298446233398579
2026-06-17,-0.01346621611434589,-0.01346621611434589,-0.004356034251447621,-0.009822143369186583,-0.01346621611434589,-0.012136777516995061,-0.01346621611434589
2026-06-18,-0.00046776702708772877,-0.00046776702708772877,0.0022327650076036376,0.0006124457867888178,-0.00046776702708772877,-2.336336731808235e-05,-0.00046776702708772877
2026-06-19,0.001232489849528716,0.001232489849528716,0.0,0.0007394939097172296,0.001232489849528716,0.0010327028953396322,0.001232489849528716
2026-06-20,0.003061063451907141,0.003061063451907141,0.0,0.0018366380711442847,0.003061063451907141,0.0025936790327127433,0.003061063451907141
2026-06-21,-0.003951386395261578,-0.003951386395261578,0.0,-0.002370831837156947,-0.003951386395261578,-0.0033535495392036075,0.0
2026-06-22,0.0049287439036568665,0.0049287439036568665,-0.003959649053022124,0.0013733867209852703,0.0049287439036568665,0.00361620019038499,0.0049287439036568665
2026-06-23,-0.013644418294022223,-0.013644418294022223,-0.0032938509897304236,-0.009504191372305505,-0.013644418294022223,-0.01215230486207074,-0.0032938509897304236
2026-06-24,-0.010782182832308548,-0.010782182832308548,-0.0018077501505197602,-0.007192409759593033,-0.010782182832308548,-0.009297813208274011,-0.010782182832308548
2026-06-25,6.110136225556673e-05,6.110136225556673e-05,0.0020529441683401484,0.0008578384846893995,6.110136225556673e-05,0.000383957941773573,6.110136225556673e-05
2026-06-26,-0.0015685655115319744,-0.0015685655115319744,0.0033077201599580053,0.0003819487570640176,-0.0015685655115319744,-0.0007776837347328448,-0.0015685655115319744
2026-06-27,-0.0004956504844594805,-0.0004956504844594805,0.0,-0.0002973902906756883,-0.0004956504844594805,-0.0004155860406161375,-0.0004956504844594805
2026-06-28,-0.0008426140423849852,-0.0008426140423849852,0.0,-0.0005055684254309911,-0.0008426140423849852,-0.000706651876792625,-0.0008426140423849852
2026-06-29,0.008045860243681405,0.008045860243681405,-0.0038331140708178224,0.0032942705178817143,0.008045860243681405,0.00616325162838448,0.008045860243681405
2026-06-30,-0.004457240570278532,-0.004457240570278532,-0.004016369159776156,-0.004280892006077582,-0.004457240570278532,-0.0043840064521217985,-0.004457240570278532
2026-07-01,0.0012931417002111953,0.0012931417002111953,-8.663895840999025e-05,0.0007412294367627211,0.0012931417002111953,0.0010619241097948322,0.0012931417002111953
2026-07-02,0.01038594487133795,0.01038594487133795,0.003973414164933159,0.007820932588776034,0.01038594487133795,0.009309484446610781,0.01038594487133795
2026-07-03,0.005731340034161524,0.005731340034161524,0.0,0.0034388040204969142,0.005731340034161524,0.004779253443526585,0.005731340034161524
2026-07-04,0.002390788283895631,0.002390788283895631,0.0,0.0014344729703373786,0.002390788283895631,0.0019867626631019423,0.002390788283895631
2026-07-05,0.001057547620954052,0.001057547620954052,0.0,0.0006345285725724311,0.001057547620954052,0.000878350036830322,0.001057547620954052
2026-07-06,0.0066322452053159,0.0066322452053159,0.0024520801653692137,0.004960179189337225,0.0066322452053159,0.005922666869689405,0.0066322452053159
2026-07-07,-0.0020472917427526932,-0.0020472917427526932,-0.006236687004453678,-0.0037230498474330872,-0.0020472917427526932,-0.0027795291297331563,-0.0020472917427526932
2026-07-08,-0.003373186800835389,-0.003373186800835389,-0.003434087359791227,-0.0033975470244177242,-0.003373186800835389,-0.003383309217614404,-0.003373186800835389
2026-07-09,0.0044950018859772406,0.0044950018859772406,0.0034102302575055865,0.0040610932345885795,0.0044950018859772406,0.00431512490273581,0.0044950018859772406
2026-07-10,0.006244911962043107,0.006244911962043107,-0.0007815756976951027,0.0034343168981478232,0.006244911962043107,0.0051565313751053025,-0.0007815756976951027
2026-07-11,-0.0010331804059649692,-0.0010331804059649692,0.0,-0.0006199082435789815,-0.0010331804059649692,-0.000873413285864229,-0.0010331804059649692
2026-07-12,0.001022855514066692,0.001022855514066692,0.0,0.0006137133084400152,0.001022855514066692,0.0008653502837065361,0.001022855514066692
2026-07-13,-0.002495314250243087,-0.002495314250243087,-0.007970542966157595,-0.00468540573660889,-0.002495314250243087,-0.003324924996652174,-0.002495314250243087
2026-07-14,0.016209626961299635,0.016209626961299635,0.0034777587791002817,0.011116879688419894,0.016209626961299635,0.014323869501361101,0.016209626961299635
2026-07-15,0.002623498275905467,0.002623498275905467,-8.09067383630846e-06,0.0015708626960087568,0.002623498275905467,0.002148843888482084,0.002623498275905467
2026-07-16,-0.005830464404738851,-0.005830464404738851,-0.0044142840155774465,-0.005263992249074289,-0.005830464404738851,-0.0055737328488021255,-0.005830464404738851
2026-07-17,-0.0017375930537245744,-0.0017375930537245744,0.0035154725154680766,0.00036363317395248624,-0.0017375930537245744,-0.0007874558284876866,-0.0017375930537245744
2026-07-18,0.0027914464954775418,0.0027914464954775418,0.0,0.001674867897286525,0.0027914464954775418,0.0023276105019042837,0.0027914464954775418
2026-07-19,0.00042245924751384127,0.00042245924751384127,0.0,0.00025347554850830477,0.00042245924751384127,0.00035219836632849224,0.00042245924751384127
2026-07-20,0.0018215805188262922,0.0018215805188262922,-0.00268284424636811,1.9810612748531048e-05,0.0018215805188262922,0.001077836027563263,-0.00268284424636811
2026-07-21,0.012576922457482542,0.012576922457482542,0.004395823575883723,0.009304482904843014,0.012576922457482542,0.011234382249428417,0.012576922457482542
2026-07-22,-4.435090643444766e-05,-4.435090643444766e-05,0.0013913534969287045,0.0005299308549108132,-4.435090643444766e-05,0.0002176710060191793,-4.435090643444766e-05
2026-07-23,-0.008936752346708147,-0.008936752346708147,-0.005525301464788801,-0.007572171993940409,-0.008936752346708147,-0.008327251635261683,-0.008936752346708147
2026-07-24,-0.0014798113878612036,-0.0014798113878612036,0.0011559309269615903,-0.000425514461932086,-0.0014798113878612036,-0.0009873713527639826,0.0011559309269615903
2026-07-25,0.0011490081444339593,0.0011490081444339593,0.0,0.0006894048866603756,0.0011490081444339593,0.0009363374268174284,0.0011490081444339593
2026-07-26,0.006533353441567469,0.006533353441567469,0.0,0.0039200120649404814,0.006533353441567469,0.005339477816765721,0.006533353441567469
2026-07-27,-0.012105726639875365,-0.012105726639875365,0.004183460175315401,-0.005590051913799058,-0.012105726639875365,-0.009045116922628924,-0.012105726639875365
2026-07-28,-0.001302702028824296,-0.001302702028824296,-0.0014718505959653572,-0.0013703614556807204,-0.001302702028824296,-0.0013369122334019135,-0.001302702028824296
2026-07-29,-0.001993664843741219,-0.001993664843741219,-0.005409455857039253,-0.0033599812490604326,-0.001993664843741219,-0.0026831679513886694,-0.001993664843741219
2026-07-30,0.0110137171928274,0.0110137171928274,0.0015895629488452134,0.0072440554952345245,0.0110137171928274,0.009188200083603739,0.0110137171928274
2026-07-31,-0.0052811511940277465,-0.0052811511940277465,-0.005816679604498831,-0.00549536255821618,-0.0052811511940277465,-0.005391923475812913,-0.0052811511940277465
2026-08-01,-0.001100253901435681,-0.001100253901435681,0.0,-0.0006601523408614085,-0.001100253901435681,-0.0008706472278977583,-0.001100253901435681
2026-08-02,0.0036292820746742166,0.0036292820746742166,0.0,0.00217756924480453,0.0036292820746742166,0.002872161768126691,0.0036292820746742166
2026-08-03,0.0010090027561185193,0.0010090027561185193,0.0014457652583059755,0.0011837077569935017,0.0010090027561185193,0.001100726408626591,0.0014457652583059755
2026-08-04,0.007975169480631754,0.007975169480631754,0.004633509605032976,0.006638505530392243,0.007975169480631754,0.007273471943632006,0.007975169480631754
2026-08-05,-0.00025050016965201386,-0.00025050016965201386,0.010425913091155814,0.004020065134671118,-0.00025050016965201386,0.001935893645370997,-0.00025050016965201386
2026-08-06,8.091785216578372e-05,8.091785216578372e-05,-0.0015010763750202827,-0.0005518798387086429,8.091785216578372e-05,-0.00022956356182655984,-0.0015010763750202827
2026-08-07,0.005544896064890577,0.005544896064890577,0.005900419374087695,0.0056871053885694245,0.005544896064890577,0.005614670347158916,0.005544896064890577
2026-08-08,0.00017282227478725924,0.00017282227478725924,0.0,0.00010369336487235554,0.00017282227478725924,0.0001705646515645221,0.00017282227478725924
2026-08-09,-0.0004997228919090145,-0.0004997228919090145,0.0,-0.0002998337351454087,-0.0004997228919090145,-0.000493492842109272,-0.0004997228919090145
2026-08-10,0.0023306789214039034,0.0023306789214039034,-3.772312413932721e-05,0.001383318103186611,0.0023306789214039034,0.0023306789214039034,0.0023306789214039034
2026-08-11,0.0004020914815973602,0.0004020914815973602,-0.00028875420660770534,0.00012575320631533397,0.0004020914815973602,0.0004020914815973602,0.0004020914815973602
2026-08-12,0.003467639151376415,0.003467639151376415,0.003001073396082854,0.003281012849258991,0.003467639151376415,0.003467639151376415,0.003467639151376415
2026-08-13,0.0031778797517986795,0.0031778797517986795,-0.0014812438416051399,0.0013142303144371517,0.0031778797517986795,0.0031778797517986795,0.0031778797517986795
2026-08-14,0.001863962423422769,0.001863962423422769,-0.0014034111921669423,0.0005570129771868843,0.001863962423422769,0.001863962423422769,0.001863962423422769
2026-08-15,0.00010123153226472404,0.00010123153226472404,0.0,6.073891935883442e-05,0.00010123153226472404,0.00010123153226472404,0.00010123153226472404
2026-08-16,-0.0007740539806583167,-0.0007740539806583167,0.0,-0.00046443238839499,-0.0007740539806583167,-0.0007740539806583167,-0.0007740539806583167
2026-08-17,0.006297277774781963,0.006297277774781963,-0.00023197518227144331,0.0036855765919606,0.006297277774781963,0.006297277774781963,0.006297277774781963
2026-08-18,-0.0034389549601247823,-0.0034389549601247823,-0.002727852387934493,-0.0031545139312486666,-0.0034389549601247823,-0.0034389549601247823,-0.0034389549601247823
2026-08-19,0.030239501520126975,0.030239501520126975,0.01265529584269759,0.02320581924915522,0.030239501520126975,0.030239501520126975,0.01265529584269759
2026-08-20,0.007745981041520651,0.007745981041520651,-0.0019382092319526478,0.0038723049321313313,0.007745981041520651,0.007471339823486606,0.007745981041520651
2026-08-21,0.019943166598108995,0.019943166598108995,0.003422513797366633,0.013334905477812051,0.019943166598108995,0.01936568425894932,0.019943166598108995
2026-08-22,-0.005796743419416186,-0.005796743419416186,0.0,-0.0034780460516497112,-0.005796743419416186,-0.005271318170823091,-0.005796743419416186
2026-08-23,0.0027818090485493613,0.0027818090485493613,0.0,0.0016690854291296167,0.0027818090485493613,0.002506464380230498,0.0027818090485493613
2026-08-24,-0.001233598151584488,-0.001233598151584488,0.004569722019474365,0.0010877299168390534,-0.001233598151584488,-0.0006863825557237796,-0.001233598151584488
2026-08-25,-0.0034860676483268924,-0.0034860676483268924,0.0047292826534408305,-0.00019992752761980302,-0.0034860676483268924,-0.0027130143013232542,-0.0034860676483268924
2026-08-26,0.003188794128489109,0.003188794128489109,-0.004243430770268591,0.00021590416898602878,0.003188794128489109,0.0027384884528962126,0.003188794128489109
2026-08-27,0.004214019738053255,0.004214019738053255,8.193375149706528e-06,0.0025316891928918355,0.004214019738053255,0.004078489667203537,8.193375149706528e-06
2026-08-28,-0.009173884201287903,-0.009173884201287903,-0.008453791987584364,-0.008885847315806487,-0.009173884201287903,-0.00915064925277695,-0.008453791987584364
2026-08-29,0.001282396633538833,0.001282396633538833,0.0,0.0007694379801232998,0.001282396633538833,0.001215075935022399,0.001282396633538833
2026-08-30,-0.002618091912117889,-0.002618091912117889,0.0,-0.0015708551472707333,-0.002618091912117889,-0.002483300984551666,-0.002618091912117889
2026-08-31,0.005458763089868035,0.005458763089868035,-0.0022017341297103366,0.002394564202036686,0.005458763089868035,0.005046662484496971,0.005458763089868035
2026-09-01,-0.004783506216272857,-0.004783506216272857,-0.008195289319417542,-0.006148219457530731,-0.004783506216272857,-0.0049525092800838276,-0.004783506216272857
2026-09-02,0.0012619346125677389,0.0012619346125677389,0.0039065779650351296,0.002319791953554695,0.0012619346125677389,0.0013949221119090665,0.0012619346125677389
2026-09-03,0.015551154650090208,0.015551154650090208,0.0038352477765012383,0.010864791900654619,0.015551154650090208,0.01496192427237292,0.015551154650090208
2026-09-04,-0.006343194169099194,-0.006343194169099194,-0.0006936415939500507,-0.004083373139039536,-0.006343194169099194,-0.0059511364685000895,-0.006343194169099194
